"claim_amount","age","kids_driven","homekids","years_on_job","income","parent","home_value","marriage_status","gender","education","occupation","travel_time","car_use","bluebook","total_insurable_value","car_type","red_car","old_claim","claim_frequency","revoked","mvr_points","car_age","claim_flag","urbanicity"
2946,34,0,1,12,125301,"Yes",0,"No","F","Bachelors","Blue Collar",46,"Commercial",17430,1,"Sports Car","no",0,0,"No",0,7,1,"Highly Urban/ Urban"
6477,40,1,1,11,50815,"Yes",0,"No","M","High School","Manager",21,"Private",18930,6,"Minivan","no",3295,1,"No",2,1,1,"Highly Urban/ Urban"
2501,34,0,0,10,62978,"No",0,"No","F","Bachelors","Clerical",34,"Private",11200,1,"SUV","no",0,0,"No",0,1,1,"Highly Urban/ Urban"
6077,53,0,0,14,77100,"No",0,"No","F","Masters","Lawyer",15,"Private",18300,1,"Sports Car","no",0,0,"No",0,11,1,"Highly Urban/ Urban"
1267,53,0,0,11,130795,"No",0,"No","M","PhD","",64,"Commercial",28340,6,"Panel Truck","yes",0,0,"No",3,10,1,"Highly Urban/ Urban"
2920,45,0,0,0,0,"No",106859,"Yes","F","<High School","Home Maker",48,"Private",6000,1,"SUV","no",0,0,"No",3,5,1,"Highly Urban/ Urban"
4111,59,0,0,12,87460,"No",0,"No","M","High School","Manager",45,"Private",15420,1,"Minivan","yes",44857,2,"No",4,1,1,"Highly Urban/ Urban"
6857,28,0,1,13,44077,"No",170598,"Yes","F","High School","Blue Collar",29,"Commercial",8710,6,"SUV","no",8935,2,"No",0,1,1,"Highly Urban/ Urban"
5247,60,0,0,12,37940,"No",182739,"Yes","F","High School","Blue Collar",16,"Commercial",11290,1,"Sports Car","no",0,0,"No",0,1,1,"Highly Urban/ Urban"
4486,32,0,1,9,31275,"No",118160,"Yes","F","High School","Clerical",26,"Private",10030,1,"SUV","no",0,0,"No",0,1,1,"Highly Urban/ Urban"
6100,40,0,0,11,16989,"No",0,"No","M","<High School","Blue Collar",20,"Commercial",12230,4,"Pickup","yes",26104,1,"Yes",13,6,1,"Highly Urban/ Urban"
8841,44,0,2,15,16352,"No",134164,"Yes","F","High School","Home Maker",37,"Private",10520,1,"SUV","no",7838,1,"No",1,1,1,"Highly Urban/ Urban"
2117,45,1,1,14,63952,"No",196368,"Yes","F","Masters","Lawyer",50,"Private",32340,6,"Van","no",27877,2,"Yes",0,13,1,"Highly Urban/ Urban"
1230,34,0,3,12,22510,"No",123888,"Yes","M","High School","Clerical",26,"Private",14690,4,"Minivan","yes",0,0,"Yes",0,1,1,"Highly Rural/ Rural"
866,33,0,4,12,20822,"No",76022,"Yes","F","High School","Home Maker",46,"Private",6880,13,"SUV","no",7896,3,"No",0,1,1,"Highly Urban/ Urban"
7786,34,0,0,8,14194,"No",87034,"No","F","<High School","Clerical",13,"Private",2920,4,"Sports Car","no",24767,3,"Yes",2,10,1,"Highly Urban/ Urban"
4148,43,2,3,11,137103,"Yes",0,"No","F","Masters","Manager",29,"Private",19510,1,"Sports Car","no",8890,3,"No",0,15,1,"Highly Urban/ Urban"
2371,45,1,2,11,102393,"Yes",0,"No","M","Bachelors","Professional",25,"Private",1500,1,"Minivan","yes",0,0,"No",2,11,1,"Highly Urban/ Urban"
4178,62,0,0,15,40656,"No",208242,"Yes","F","High School","Clerical",57,"Private",9170,4,"Sports Car","no",42342,2,"Yes",2,7,1,"Highly Urban/ Urban"
1354,48,0,0,12,31773,"No",165090,"Yes","M","High School","Clerical",14,"Commercial",9640,13,"Pickup","no",1212,1,"No",4,1,1,"Highly Urban/ Urban"
2425,53,0,0,6,38036,"No",153381,"Yes","F","High School","Blue Collar",32,"Commercial",13140,1,"SUV","no",0,0,"No",4,1,1,"Highly Urban/ Urban"
5711,34,0,3,0,0,"No",66358,"Yes","F","High School","Home Maker",25,"Private",11740,9,"SUV","no",1800,2,"No",2,1,1,"Highly Urban/ Urban"
13105,41,0,0,10,66265,"No",159276,"Yes","M","Masters","Lawyer",59,"Private",12230,4,"Minivan","yes",0,0,"No",1,9,1,"Highly Urban/ Urban"
7838,33,0,4,0,0,"Yes",0,"No","M","High School","Student",14,"Commercial",15090,1,"Minivan","yes",1631,1,"No",2,5,1,"Highly Urban/ Urban"
5125,47,0,0,11,44705,"No",217885,"Yes","F","Bachelors","Professional",50,"Private",12840,1,"SUV","no",1533,2,"No",0,10,1,"Highly Urban/ Urban"
5085,64,0,0,15,31738,"No",197010,"Yes","M","<High School","Blue Collar",23,"Commercial",14620,6,"SUV","no",3994,2,"No",0,1,1,"Highly Urban/ Urban"
2143,52,0,0,7,64014,"No",244863,"Yes","M","<High School","Blue Collar",33,"Commercial",7900,4,"Pickup","yes",8882,3,"No",1,5,1,"Highly Urban/ Urban"
4028,26,0,0,8,53244,"No",0,"No","M","Bachelors","Professional",28,"Commercial",20920,3,"Van","yes",6224,1,"No",1,8,1,"Highly Urban/ Urban"
2114,41,0,1,8,126468,"Yes",0,"No","F","Masters","Manager",34,"Commercial",32690,3,"Pickup","no",0,0,"No",2,18,1,"Highly Urban/ Urban"
8671,38,1,1,12,37580,"No",173495,"Yes","F","<High School","Clerical",36,"Private",5260,7,"SUV","no",867,2,"No",0,1,1,"Highly Urban/ Urban"
6287,41,0,2,15,23344,"No",147172,"Yes","M","High School","Blue Collar",10,"Private",7930,1,"Pickup","no",0,0,"No",1,1,1,"Highly Urban/ Urban"
3524,41,0,0,12,110386,"No",335488,"Yes","M","Masters","",21,"Commercial",16640,1,"Van","yes",0,0,"No",2,14,1,"Highly Urban/ Urban"
6158,43,0,2,15,49849,"Yes",0,"No","F","Masters","Lawyer",35,"Private",13130,1,"SUV","no",3622,3,"No",4,20,1,"Highly Urban/ Urban"
4887,39,1,1,16,12054,"No",0,"Yes","F","<High School","Student",28,"Commercial",15760,4,"Pickup","no",1738,2,"Yes",4,1,1,"Highly Urban/ Urban"
5147,60,0,3,18,78936,"No",235670,"Yes","F","Masters","Lawyer",40,"Private",20350,6,"SUV","no",0,0,"No",0,15,1,"Highly Urban/ Urban"
2214,26,0,3,9,33283,"No",104323,"Yes","M","Bachelors","Blue Collar",37,"Commercial",7690,10,"Pickup","no",0,0,"No",2,16,1,"Highly Urban/ Urban"
6087,42,0,0,12,136344,"No",0,"No","F","PhD","Doctor",45,"Private",13160,1,"Sports Car","no",0,0,"No",0,17,1,"Highly Urban/ Urban"
3894,39,0,0,12,32936,"No",169721,"No","F","High School","Clerical",12,"Private",1500,6,"SUV","no",0,0,"No",0,7,1,"Highly Urban/ Urban"
2659,45,1,3,0,0,"Yes",0,"No","M","High School","Home Maker",36,"Private",16510,4,"Minivan","no",17445,3,"Yes",0,1,1,"Highly Urban/ Urban"
3705,62,0,0,12,22181,"No",185459,"No","F","High School","Clerical",24,"Private",17880,7,"Sports Car","no",9873,3,"No",5,1,1,"Highly Urban/ Urban"
6693,53,0,0,15,84345,"No",264549,"Yes","F","Bachelors","Manager",36,"Private",9930,4,"SUV","no",0,0,"No",3,5,1,"Highly Urban/ Urban"
4380,42,0,0,10,43174,"No",208811,"No","M","<High School","Blue Collar",48,"Commercial",10020,13,"Pickup","yes",0,0,"No",0,1,1,"Highly Urban/ Urban"
1826,31,0,2,14,30653,"Yes",0,"No","F","High School","Clerical",41,"Private",12930,13,"Sports Car","no",35666,2,"Yes",0,7,1,"Highly Urban/ Urban"
4644,45,1,2,17,111268,"No",288071,"Yes","F","Masters","Lawyer",46,"Private",24600,1,"Van","no",28026,2,"Yes",2,10,1,"Highly Urban/ Urban"
53571,36,0,3,11,49703,"Yes",253132,"No","M","Masters","",37,"Commercial",42550,1,"Panel Truck","yes",35879,1,"Yes",0,20,1,"Highly Urban/ Urban"
4257,53,0,0,13,25289,"No",108139,"Yes","F","<High School","Home Maker",31,"Private",13850,1,"SUV","no",0,0,"No",0,7,1,"Highly Urban/ Urban"
4277,31,0,3,14,26112,"No",117229,"Yes","F","<High School","Clerical",58,"Private",14030,3,"SUV","no",0,0,"No",0,5,1,"Highly Rural/ Rural"
2832,32,0,3,13,30955,"Yes",111256,"No","F","High School","Clerical",9,"Private",7800,4,"SUV","no",0,0,"Yes",0,8,1,"Highly Urban/ Urban"
2738,59,1,1,12,119382,"Yes",0,"No","F","Masters","Manager",26,"Commercial",24130,13,"Pickup","no",0,0,"No",0,16,1,"Highly Urban/ Urban"
4658,39,1,2,15,61370,"Yes",0,"No","M","Masters","Manager",6,"Commercial",21770,6,"Van","yes",35577,3,"Yes",0,12,1,"Highly Urban/ Urban"
5259,54,0,0,11,44782,"No",148676,"No","F","<High School","Clerical",83,"Private",30260,3,"SUV","no",0,0,"No",0,9,1,"Highly Urban/ Urban"
3769,45,2,2,12,30085,"No",128194,"Yes","M","<High School","Clerical",44,"Commercial",7200,4,"Pickup","no",0,0,"Yes",3,8,1,"Highly Urban/ Urban"
5733,44,1,2,15,46140,"No",169084,"Yes","M","High School","Blue Collar",29,"Commercial",10510,1,"Pickup","no",4276,3,"No",7,1,1,"Highly Urban/ Urban"
4363,44,0,0,8,32317,"No",0,"No","M","High School","Clerical",68,"Private",22450,7,"Minivan","yes",3738,1,"No",8,1,1,"Highly Urban/ Urban"
7390,64,0,0,13,61521,"No",248878,"Yes","F","Masters","Lawyer",41,"Private",7650,1,"Sports Car","no",0,0,"No",8,9,1,"Highly Urban/ Urban"
1165,34,0,1,9,105554,"Yes",229868,"No","M","Masters","Lawyer",75,"Private",5300,4,"Minivan","no",7504,2,"No",2,20,1,"Highly Urban/ Urban"
2362,42,1,1,3,69290,"Yes",0,"No","M","Masters","",30,"Commercial",23900,4,"Panel Truck","yes",1052,2,"No",1,11,1,"Highly Urban/ Urban"
686,53,0,0,8,61862,"No",245885,"Yes","M","PhD","Doctor",33,"Private",11270,1,"Pickup","yes",0,0,"No",0,14,1,"Highly Urban/ Urban"
1065,54,0,0,13,88668,"No",316419,"Yes","F","PhD","Lawyer",63,"Private",20090,4,"Minivan","no",10520,2,"No",1,14,1,"Highly Urban/ Urban"
5075,50,0,0,13,2657,"No",109134,"Yes","F","Masters","Home Maker",63,"Private",10480,13,"Sports Car","no",20452,2,"Yes",2,11,1,"Highly Urban/ Urban"
2287,42,1,2,12,68090,"Yes",169854,"No","F","Bachelors","Blue Collar",45,"Commercial",11750,1,"Minivan","no",9261,1,"No",3,12,1,"Highly Urban/ Urban"
6195,45,0,2,4,25032,"Yes",0,"No","F","High School","Clerical",34,"Commercial",6100,1,"Pickup","yes",5771,1,"No",5,1,1,"Highly Rural/ Rural"
4862,54,0,0,12,52078,"No",194227,"Yes","M","Masters","",51,"Commercial",23250,1,"Panel Truck","yes",5039,1,"No",4,18,1,"Highly Urban/ Urban"
5546,55,0,0,15,75249,"No",0,"No","M","Masters","",5,"Commercial",17020,1,"Van","yes",1316,2,"No",1,21,1,"Highly Urban/ Urban"
3418,29,0,1,8,73842,"Yes",0,"No","F","High School","Blue Collar",25,"Commercial",22340,1,"Sports Car","no",4769,1,"No",4,1,1,"Highly Urban/ Urban"
4423,45,1,2,0,0,"Yes",0,"No","M","<High School","Student",33,"Private",6000,1,"Pickup","no",41818,1,"Yes",3,1,1,"Highly Urban/ Urban"
2328,41,0,1,13,109957,"No",260749,"Yes","F","Masters","Lawyer",50,"Private",29470,6,"Sports Car","no",0,0,"No",1,18,1,"Highly Urban/ Urban"
4700,38,0,0,14,10486,"No",66515,"Yes","M","<High School","Clerical",33,"Private",6350,1,"Minivan","no",5702,1,"No",4,5,1,"Highly Urban/ Urban"
6880,62,0,0,12,33713,"No",171810,"Yes","F","Bachelors","Blue Collar",26,"Commercial",23470,4,"Sports Car","no",41913,3,"Yes",0,15,1,"Highly Urban/ Urban"
3644,36,0,0,13,20891,"No",134406,"Yes","F","High School","Blue Collar",39,"Commercial",5100,1,"SUV","no",2949,2,"No",9,7,1,"Highly Urban/ Urban"
4758,35,0,2,10,17493,"Yes",102902,"No","F","<High School","Clerical",52,"Private",19340,9,"Minivan","no",5658,3,"No",7,1,1,"Highly Urban/ Urban"
4875,45,0,3,14,94325,"No",301739,"Yes","M","Masters","Lawyer",55,"Private",6960,1,"SUV","no",0,0,"No",2,14,1,"Highly Urban/ Urban"
5395,32,0,2,9,60050,"Yes",212562,"No","F","High School","Clerical",31,"Private",11480,1,"Minivan","no",17493,4,"Yes",2,1,1,"Highly Urban/ Urban"
2891,32,0,4,15,4478,"Yes",0,"No","F","<High School","Student",7,"Private",6780,4,"SUV","no",7181,3,"No",5,8,1,"Highly Urban/ Urban"
3149,35,0,0,7,62036,"No",154297,"Yes","M","High School","Blue Collar",5,"Commercial",16370,4,"Van","yes",3913,2,"No",7,1,1,"Highly Urban/ Urban"
3602,64,0,0,15,40528,"No",208306,"Yes","F","High School","Blue Collar",54,"Commercial",11950,7,"Sports Car","no",5137,1,"No",6,6,1,"Highly Urban/ Urban"
2449,44,0,1,11,75046,"No",244819,"Yes","M","High School","Blue Collar",56,"Commercial",9000,4,"Pickup","yes",3288,3,"No",6,10,1,"Highly Urban/ Urban"
3259,40,0,1,12,39600,"Yes",193495,"No","F","High School","Clerical",37,"Private",5460,1,"Sports Car","no",4188,2,"No",5,1,1,"Highly Urban/ Urban"
21823,38,0,0,10,75432,"No",0,"No","F","Bachelors","Manager",51,"Private",16260,1,"SUV","no",8035,3,"No",0,13,1,"Highly Urban/ Urban"
3085,43,0,1,0,0,"Yes",86118,"No","F","<High School","Home Maker",41,"Private",14240,4,"SUV","no",0,0,"No",1,1,1,"Highly Urban/ Urban"
3593,55,0,0,0,0,"No",68500,"Yes","F","Bachelors","Home Maker",11,"Private",8560,6,"Sports Car","no",3769,2,"No",5,14,1,"Highly Urban/ Urban"
458,54,0,0,12,10617,"No",0,"Yes","M","High School","Student",14,"Commercial",7960,10,"Pickup","no",1079,2,"No",2,9,1,"Highly Urban/ Urban"
6143,46,0,0,8,140766,"No",375813,"No","M","Masters","",41,"Commercial",29220,13,"Panel Truck","yes",0,0,"No",1,13,1,"Highly Urban/ Urban"
4524,26,0,1,0,0,"No",0,"Yes","F","Bachelors","Student",10,"Commercial",4100,1,"Sports Car","no",11279,3,"No",5,6,1,"Highly Urban/ Urban"
4480,43,0,2,11,46224,"No",173103,"Yes","M","High School","Blue Collar",45,"Commercial",11510,13,"Pickup","yes",0,0,"Yes",0,10,1,"Highly Urban/ Urban"
5619,42,0,2,11,34210,"No",186734,"Yes","M","High School","Clerical",34,"Private",12880,6,"Minivan","yes",1830,1,"No",0,1,1,"Highly Urban/ Urban"
2262,51,0,0,13,65702,"No",0,"No","F","Masters","Lawyer",27,"Private",15820,1,"SUV","no",7181,2,"No",3,1,1,"Highly Urban/ Urban"
40152,58,0,0,11,51870,"No",0,"No","M","<High School","Blue Collar",36,"Commercial",24520,4,"Panel Truck","yes",0,0,"Yes",5,1,1,"Highly Urban/ Urban"
1237,41,0,0,14,99959,"No",268154,"No","F","Masters","Lawyer",13,"Private",18850,6,"Minivan","no",0,0,"No",1,11,1,"Highly Urban/ Urban"
2876,37,0,0,7,61790,"No",0,"No","M","High School","Blue Collar",32,"Commercial",15150,4,"Minivan","no",0,0,"No",0,7,1,"Highly Urban/ Urban"
1650,37,1,2,0,0,"Yes",0,"No","F","<High School","Student",18,"Private",1500,3,"SUV","no",0,0,"No",3,1,1,"Highly Urban/ Urban"
14834,49,0,0,13,28592,"No",183206,"Yes","M","<High School","Clerical",31,"Commercial",9260,1,"Pickup","no",39892,3,"Yes",6,1,1,"Highly Urban/ Urban"
1796,42,0,2,13,64766,"No",263986,"Yes","F","High School","Blue Collar",20,"Commercial",11840,18,"SUV","no",44414,1,"Yes",1,1,1,"Highly Urban/ Urban"
5177,25,0,1,12,40095,"Yes",0,"No","M","High School","Clerical",38,"Commercial",22720,3,"Panel Truck","yes",1992,2,"No",6,9,1,"Highly Urban/ Urban"
5287,40,1,2,7,52423,"No",150723,"Yes","F","High School","Blue Collar",30,"Private",7420,6,"Sports Car","no",0,0,"No",2,1,1,"Highly Urban/ Urban"
1444,32,0,1,12,76985,"Yes",0,"No","M","Masters","",37,"Private",19500,7,"Van","yes",6762,1,"No",4,15,1,"Highly Urban/ Urban"
3943,49,0,0,8,37356,"No",133175,"Yes","M","High School","Blue Collar",63,"Commercial",6400,1,"Pickup","yes",7993,1,"No",7,6,1,"Highly Urban/ Urban"
2316,42,0,0,13,28341,"No",124838,"Yes","M","<High School","Clerical",45,"Commercial",8530,4,"Pickup","yes",3710,3,"No",7,1,1,"Highly Urban/ Urban"
5363,37,0,3,17,6217,"No",0,"Yes","F","High School","Student",27,"Commercial",22260,10,"Pickup","no",0,0,"Yes",0,4,1,"Highly Urban/ Urban"
5051,48,0,0,6,52275,"No",169104,"Yes","M","Bachelors","Professional",57,"Private",14060,1,"Minivan","no",3868,1,"No",3,6,1,"Highly Urban/ Urban"
6245,21,0,0,5,40022,"No",0,"No","F","Bachelors","Manager",67,"Private",9360,6,"Sports Car","yes",0,0,"No",0,1,1,"Highly Urban/ Urban"
2872,40,0,0,5,57063,"No",0,"No","F","Masters","Professional",46,"Private",16250,10,"Sports Car","no",0,0,"No",0,19,1,"Highly Urban/ Urban"
6101,58,0,0,14,39707,"No",192089,"Yes","M","<High School","Blue Collar",29,"Commercial",16870,1,"Van","yes",3546,1,"No",6,6,1,"Highly Urban/ Urban"
1347,32,0,0,12,52469,"No",0,"No","M","High School","Blue Collar",21,"Commercial",4700,4,"Pickup","no",0,0,"Yes",1,9,1,"Highly Rural/ Rural"
4579,46,0,0,7,106409,"No",0,"No","F","Masters","",42,"Commercial",24410,6,"Pickup","no",6948,1,"No",0,18,1,"Highly Urban/ Urban"
4997,72,1,2,18,27625,"No",162415,"Yes","F","<High School","Clerical",32,"Private",18960,6,"Sports Car","no",8571,1,"No",8,1,1,"Highly Urban/ Urban"
8662,36,2,3,13,28326,"No",145411,"Yes","F","<High School","Clerical",37,"Commercial",26280,7,"Pickup","no",39535,3,"Yes",2,8,1,"Highly Urban/ Urban"
5952,63,0,0,15,26921,"No",140455,"Yes","F","Bachelors","Manager",19,"Private",14360,1,"SUV","no",30288,1,"Yes",2,11,1,"Highly Urban/ Urban"
5252,45,0,3,12,13891,"No",64530,"Yes","F","<High School","Clerical",47,"Private",7390,1,"SUV","no",1546,2,"No",4,8,1,"Highly Urban/ Urban"
7719,33,0,2,9,31675,"No",159621,"Yes","F","High School","Blue Collar",25,"Commercial",9130,7,"Sports Car","no",32882,1,"Yes",6,1,1,"Highly Urban/ Urban"
2353,56,0,2,17,29524,"No",198107,"Yes","F","<High School","Blue Collar",52,"Private",14250,14,"SUV","no",0,0,"No",1,7,1,"Highly Urban/ Urban"
2289,41,0,0,6,86227,"No",237057,"No","M","Masters","",28,"Commercial",19530,9,"Van","no",2948,3,"No",2,17,1,"Highly Urban/ Urban"
5457,57,1,2,15,34116,"Yes",0,"No","F","High School","Clerical",25,"Private",10610,10,"Sports Car","no",34041,3,"Yes",1,7,1,"Highly Urban/ Urban"
3428,42,0,0,8,94591,"No",309644,"No","M","<High School","Blue Collar",21,"Commercial",17470,6,"Van","yes",16121,3,"Yes",3,8,1,"Highly Urban/ Urban"
4898,33,0,0,11,249,"No",0,"No","F","High School","Student",30,"Private",10590,11,"SUV","no",0,0,"No",1,11,1,"Highly Urban/ Urban"
4046,41,2,3,10,24862,"Yes",0,"No","F","Bachelors","Student",26,"Private",7790,1,"Sports Car","no",1055,4,"No",2,10,1,"Highly Rural/ Rural"
3782,57,0,0,15,25761,"No",149672,"Yes","M","Bachelors","Clerical",57,"Private",11940,1,"Pickup","no",4792,1,"No",8,11,1,"Highly Urban/ Urban"
3443,42,0,0,11,49224,"No",155963,"Yes","M","High School","Blue Collar",29,"Commercial",27460,1,"Minivan","yes",4546,3,"No",0,1,1,"Highly Urban/ Urban"
46858,43,0,0,13,22623,"No",184773,"Yes","M","High School","Professional",15,"Private",8060,1,"Pickup","yes",0,0,"No",2,1,1,"Highly Urban/ Urban"
2058,51,0,0,12,40760,"No",186223,"No","M","Bachelors","Professional",24,"Private",11880,1,"Pickup","no",0,0,"No",0,8,1,"Highly Urban/ Urban"
1958,27,0,2,11,68493,"Yes",217494,"No","M","Bachelors","Blue Collar",22,"Commercial",20180,1,"Van","no",0,0,"No",0,5,1,"Highly Urban/ Urban"
4313,27,0,3,9,69794,"Yes",0,"No","F","Bachelors","Professional",24,"Private",14660,4,"SUV","no",2848,1,"No",3,6,1,"Highly Urban/ Urban"
1736,33,0,1,11,25544,"Yes",0,"No","F","<High School","Blue Collar",29,"Private",4050,1,"Sports Car","no",3971,2,"No",0,1,1,"Highly Urban/ Urban"
4257,42,1,2,15,85408,"No",274402,"Yes","F","High School","Blue Collar",32,"Commercial",20170,10,"Minivan","no",697,2,"No",0,8,1,"Highly Urban/ Urban"
3492,55,0,0,11,3865,"No",0,"No","F","<High School","Home Maker",27,"Private",16600,1,"SUV","no",6089,2,"Yes",0,1,1,"Highly Urban/ Urban"
1413,50,0,0,13,94589,"No",276150,"Yes","M","<High School","Blue Collar",8,"Private",6500,11,"Minivan","no",0,0,"No",2,1,1,"Highly Urban/ Urban"
1036,40,0,2,13,50537,"No",193855,"Yes","F","High School","Blue Collar",39,"Commercial",28960,1,"Van","no",1613,1,"No",2,8,1,"Highly Urban/ Urban"
3722,54,0,0,12,65298,"No",213225,"Yes","F","High School","Clerical",5,"Private",8030,17,"SUV","no",4528,3,"No",5,1,1,"Highly Urban/ Urban"
1842,27,0,4,13,50139,"No",167990,"Yes","F","High School","Blue Collar",22,"Private",9210,1,"SUV","no",1271,2,"No",3,1,1,"Highly Urban/ Urban"
5636,37,0,0,6,53895,"No",161774,"Yes","M","Bachelors","Clerical",44,"Commercial",11250,17,"Pickup","no",0,0,"No",0,11,1,"Highly Urban/ Urban"
3414,43,0,2,12,60973,"Yes",0,"No","F","Bachelors","Blue Collar",56,"Commercial",5800,1,"Sports Car","no",0,0,"Yes",1,8,1,"Highly Urban/ Urban"
7161,36,0,0,10,85731,"No",0,"No","F","Bachelors","Blue Collar",13,"Commercial",21660,10,"Pickup","no",4002,2,"No",1,3,1,"Highly Urban/ Urban"
26305,47,0,0,0,0,"No",0,"Yes","M","High School","Student",35,"Commercial",11610,7,"Pickup","yes",19545,1,"Yes",0,1,1,"Highly Rural/ Rural"
5717,42,1,2,11,14166,"Yes",0,"No","F","<High School","Student",36,"Private",23280,6,"Minivan","no",0,0,"No",3,5,1,"Highly Urban/ Urban"
4306,31,0,2,0,0,"No",0,"Yes","F","<High School","Student",48,"Private",7740,4,"Sports Car","no",7323,1,"No",7,1,1,"Highly Urban/ Urban"
1813,36,2,2,0,0,"No",110346,"Yes","F","High School","Home Maker",28,"Private",5100,4,"Minivan","no",39425,3,"Yes",1,9,1,"Highly Urban/ Urban"
2463,57,1,2,0,0,"No",0,"Yes","M","High School","Student",29,"Private",9240,1,"Pickup","yes",8336,2,"Yes",5,1,1,"Highly Urban/ Urban"
465,47,0,0,15,91221,"No",263877,"Yes","F","Bachelors","Blue Collar",31,"Commercial",1500,4,"Sports Car","no",5385,2,"No",2,7,1,"Highly Urban/ Urban"
5016,44,0,0,10,146338,"No",0,"No","M","Masters","",21,"Commercial",22620,1,"Panel Truck","no",37211,3,"Yes",3,10,1,"Highly Urban/ Urban"
3354,47,0,0,12,47235,"No",205801,"No","M","High School","Blue Collar",27,"Private",10920,4,"Pickup","yes",9933,2,"No",2,1,1,"Highly Urban/ Urban"
1368,36,0,3,15,79457,"Yes",213122,"No","F","Bachelors","Professional",34,"Private",5100,1,"SUV","no",0,0,"No",1,8,1,"Highly Urban/ Urban"
3854,37,0,2,13,133335,"Yes",0,"No","F","Bachelors","Blue Collar",15,"Commercial",21740,1,"SUV","no",975,2,"No",6,13,1,"Highly Urban/ Urban"
3231,58,1,2,17,3272,"No",0,"Yes","M","<High School","Student",42,"Private",7200,1,"Minivan","yes",5086,2,"No",2,5,1,"Highly Urban/ Urban"
4611,38,0,2,14,58833,"No",193644,"Yes","M","Bachelors","Blue Collar",41,"Commercial",17680,1,"Van","yes",0,0,"Yes",2,10,1,"Highly Urban/ Urban"
917,72,0,0,16,63890,"No",256797,"Yes","F","Masters","Lawyer",41,"Private",9100,7,"Sports Car","no",4448,3,"No",0,6,1,"Highly Urban/ Urban"
9162,40,0,0,9,5253,"No",77463,"No","F","High School","Student",23,"Commercial",23600,4,"Pickup","no",0,0,"No",0,1,1,"Highly Urban/ Urban"
3844,44,0,1,11,48374,"No",215391,"Yes","M","High School","Blue Collar",48,"Commercial",34640,1,"Panel Truck","no",0,0,"No",0,8,1,"Highly Urban/ Urban"
5951,53,0,0,12,48587,"No",0,"No","M","High School","Blue Collar",61,"Commercial",19300,6,"Van","no",4390,3,"No",3,6,1,"Highly Urban/ Urban"
22134,35,0,0,11,85430,"No",0,"No","F","Bachelors","Blue Collar",14,"Commercial",13540,1,"SUV","no",8062,2,"No",2,1,1,"Highly Urban/ Urban"
60838,48,0,0,11,81084,"No",0,"No","F","Bachelors","Professional",42,"Private",27360,1,"Sports Car","no",2860,1,"No",4,9,1,"Highly Urban/ Urban"
16840,62,3,3,16,33995,"No",136008,"Yes","M","<High School","Blue Collar",42,"Private",7700,4,"SUV","yes",8002,3,"No",4,1,1,"Highly Urban/ Urban"
4423,55,0,0,10,39405,"No",161357,"Yes","M","Masters","",28,"Commercial",10940,1,"Pickup","yes",0,0,"Yes",1,14,1,"Highly Urban/ Urban"
5363,59,0,0,12,155410,"No",422815,"Yes","M","Bachelors","Manager",40,"Commercial",33330,7,"Panel Truck","yes",4765,3,"No",4,10,1,"Highly Urban/ Urban"
5495,24,0,1,12,94566,"Yes",239142,"No","F","Masters","",34,"Private",3900,1,"SUV","no",0,0,"No",2,16,1,"Highly Urban/ Urban"
4194,48,0,0,11,26875,"No",0,"No","M","High School","Clerical",18,"Commercial",10450,1,"Pickup","no",3830,1,"No",8,6,1,"Highly Urban/ Urban"
5061,42,1,3,11,99269,"Yes",306012,"No","M","Bachelors","Professional",34,"Commercial",25910,7,"Panel Truck","yes",45894,2,"Yes",1,10,1,"Highly Urban/ Urban"
3038,21,0,1,8,18483,"Yes",0,"No","F","High School","Clerical",20,"Private",8150,1,"Sports Car","no",7781,2,"No",3,1,1,"Highly Urban/ Urban"
1030,50,0,0,9,58628,"No",0,"No","M","Masters","Lawyer",14,"Private",12360,1,"Minivan","yes",0,0,"No",0,15,1,"Highly Urban/ Urban"
5109,59,0,0,11,8213,"No",0,"No","F","High School","Home Maker",61,"Private",8840,6,"SUV","no",2479,3,"No",6,5,1,"Highly Urban/ Urban"
2424,30,0,3,11,75891,"No",222952,"Yes","M","Masters","",33,"Commercial",4500,4,"Pickup","no",3919,1,"No",1,20,1,"Highly Urban/ Urban"
27496,42,1,1,9,61995,"Yes",0,"No","F","Bachelors","Professional",52,"Private",36080,1,"Minivan","no",0,0,"No",3,8,1,"Highly Urban/ Urban"
5862,38,1,2,11,22938,"Yes",0,"No","F","High School","Clerical",38,"Private",14170,4,"SUV","no",9785,2,"No",0,1,1,"Highly Rural/ Rural"
3960,32,0,0,10,16118,"No",0,"No","F","<High School","Blue Collar",44,"Private",6380,1,"SUV","no",7223,1,"No",4,1,1,"Highly Urban/ Urban"
1226,41,0,0,10,50331,"No",0,"No","F","Bachelors","Blue Collar",23,"Commercial",18870,4,"Pickup","no",5581,2,"No",7,1,1,"Highly Urban/ Urban"
2838,51,0,0,13,51513,"No",0,"No","M","Masters","Lawyer",42,"Private",6650,4,"Minivan","no",33388,2,"Yes",4,17,1,"Highly Urban/ Urban"
4402,36,0,0,0,0,"No",68436,"No","F","PhD","Home Maker",62,"Private",2680,6,"Sports Car","no",0,0,"No",0,21,1,"Highly Urban/ Urban"
5722,54,0,0,8,55742,"No",186013,"Yes","F","High School","Blue Collar",52,"Commercial",15810,10,"SUV","no",9718,3,"Yes",2,9,1,"Highly Urban/ Urban"
6220,54,0,0,14,81438,"No",0,"No","F","Masters","Lawyer",39,"Private",15040,4,"Sports Car","no",0,0,"No",0,16,1,"Highly Urban/ Urban"
3879,58,0,0,12,69282,"No",295989,"Yes","M","Bachelors","Professional",47,"Private",10520,6,"Pickup","no",1142,1,"No",0,13,1,"Highly Urban/ Urban"
2962,42,1,2,10,36230,"Yes",158234,"No","F","<High School","Blue Collar",42,"Private",6480,4,"SUV","no",9773,2,"No",1,5,1,"Highly Urban/ Urban"
5378,42,1,1,12,71686,"Yes",0,"No","F","Bachelors","Professional",37,"Private",12870,10,"Sports Car","no",5982,2,"No",2,10,1,"Highly Urban/ Urban"
2044,33,0,0,9,69641,"No",230290,"No","M","Bachelors","Blue Collar",33,"Commercial",22680,1,"Panel Truck","yes",1712,4,"No",2,15,1,"Highly Urban/ Urban"
835,28,0,0,9,13410,"No",0,"Yes","M","High School","Student",27,"Private",4500,7,"Pickup","no",5575,2,"No",2,10,1,"Highly Urban/ Urban"
2931,42,0,1,11,200928,"No",513817,"Yes","M","PhD","Manager",25,"Commercial",5600,1,"Pickup","no",4020,1,"No",2,14,1,"Highly Urban/ Urban"
4578,30,0,2,11,13490,"No",95447,"Yes","M","High School","Student",5,"Commercial",5850,10,"Pickup","no",31401,3,"Yes",1,1,1,"Highly Urban/ Urban"
2982,33,0,1,12,92060,"Yes",0,"No","F","Bachelors","Professional",24,"Private",14010,5,"SUV","no",0,0,"No",0,10,1,"Highly Urban/ Urban"
6331,57,0,0,13,27281,"No",198619,"Yes","F","High School","Home Maker",24,"Private",22470,4,"SUV","no",0,0,"Yes",1,1,1,"Highly Urban/ Urban"
9270,50,0,0,3,87719,"No",0,"No","M","Bachelors","Blue Collar",20,"Commercial",9160,17,"Minivan","no",0,0,"Yes",2,9,1,"Highly Urban/ Urban"
5040,40,0,0,11,32265,"No",0,"No","F","High School","Clerical",46,"Private",8730,3,"Minivan","no",3979,1,"No",7,1,1,"Highly Urban/ Urban"
4539,56,0,0,13,44320,"No",166535,"Yes","F","Bachelors","Clerical",48,"Commercial",12160,1,"Pickup","no",3211,1,"No",7,15,1,"Highly Urban/ Urban"
2408,42,0,2,14,73694,"No",224623,"Yes","F","Bachelors","Professional",37,"Private",5730,1,"SUV","no",0,0,"Yes",0,11,1,"Highly Urban/ Urban"
2697,45,2,3,9,44786,"No",175534,"Yes","F","High School","Clerical",5,"Private",10480,13,"SUV","no",0,0,"No",2,1,1,"Highly Urban/ Urban"
2233,41,1,1,11,182782,"Yes",0,"No","M","PhD","",36,"Commercial",23880,3,"Panel Truck","no",5639,2,"Yes",5,14,1,"Highly Urban/ Urban"
4214,28,0,4,12,94675,"Yes",291876,"No","M","Masters","",47,"Private",10320,6,"Pickup","no",0,0,"No",3,17,1,"Highly Urban/ Urban"
5835,57,0,1,0,0,"No",83843,"Yes","F","<High School","Home Maker",36,"Private",9180,1,"SUV","no",2933,2,"No",8,1,1,"Highly Urban/ Urban"
1418,40,2,3,16,96613,"Yes",296274,"No","F","Bachelors","Professional",30,"Private",24010,1,"Minivan","no",4426,2,"No",3,5,1,"Highly Urban/ Urban"
2439,53,0,0,11,27045,"No",161922,"Yes","M","Bachelors","Clerical",54,"Commercial",6800,6,"Pickup","no",6523,3,"No",4,7,1,"Highly Urban/ Urban"
1062,48,0,0,11,75984,"No",0,"No","F","High School","Blue Collar",42,"Commercial",37310,1,"Sports Car","no",40386,3,"Yes",1,2,1,"Highly Urban/ Urban"
3338,38,0,0,9,57890,"No",0,"No","F","Bachelors","Clerical",19,"Commercial",25280,1,"Pickup","no",0,0,"Yes",2,13,1,"Highly Urban/ Urban"
4312,44,0,2,14,26377,"Yes",169045,"No","M","High School","Clerical",30,"Private",8540,1,"Minivan","yes",4236,3,"No",3,1,1,"Highly Urban/ Urban"
2569,24,0,1,7,6862,"Yes",0,"No","F","Bachelors","Clerical",38,"Private",2190,1,"SUV","yes",11226,1,"No",4,9,1,"Highly Urban/ Urban"
10900,57,0,0,12,210811,"No",0,"No","M","Masters","",7,"Commercial",28280,1,"Panel Truck","yes",3542,1,"No",4,17,1,"Highly Urban/ Urban"
8809,42,2,3,17,28916,"No",115937,"Yes","F","<High School","Clerical",43,"Private",8300,4,"Sports Car","no",958,1,"No",4,7,1,"Highly Urban/ Urban"
7551,34,0,3,9,23439,"No",113409,"Yes","F","High School","Clerical",38,"Private",7240,4,"Minivan","no",0,0,"Yes",1,6,1,"Highly Urban/ Urban"
3771,41,1,2,15,105563,"No",306854,"Yes","F","Masters","Lawyer",23,"Private",27520,7,"Pickup","no",35585,2,"Yes",0,18,1,"Highly Urban/ Urban"
2668,50,0,0,0,0,"No",0,"No","F","High School","Home Maker",37,"Private",6500,3,"Sports Car","no",0,0,"No",0,1,1,"Highly Urban/ Urban"
4488,43,0,1,8,23921,"Yes",0,"No","F","High School","Clerical",25,"Private",14070,21,"Sports Car","no",3805,1,"No",2,1,1,"Highly Urban/ Urban"
5811,45,1,1,10,36365,"Yes",0,"No","M","High School","Clerical",48,"Private",20010,4,"Minivan","no",0,0,"No",3,8,1,"Highly Urban/ Urban"
890,36,2,2,10,35990,"Yes",0,"No","M","High School","Clerical",34,"Private",13840,6,"Minivan","yes",10310,1,"No",3,1,1,"Highly Rural/ Rural"
6755,35,0,2,10,99325,"Yes",253542,"No","F","Bachelors","Blue Collar",40,"Commercial",20870,9,"SUV","no",1994,2,"No",3,15,1,"Highly Urban/ Urban"
5455,43,0,0,9,215536,"No",525566,"Yes","M","PhD","",38,"Commercial",36390,6,"Panel Truck","yes",0,0,"No",1,13,1,"Highly Urban/ Urban"
6849,50,0,0,9,180783,"No",486015,"Yes","F","PhD","",42,"Commercial",36690,1,"Van","no",0,0,"No",1,16,1,"Highly Urban/ Urban"
1909,38,0,0,11,71263,"No",193720,"Yes","F","Bachelors","Blue Collar",34,"Commercial",14980,9,"SUV","no",29447,1,"Yes",0,9,1,"Highly Urban/ Urban"
20540,33,0,2,14,58973,"No",197613,"Yes","M","High School","Blue Collar",26,"Commercial",10580,1,"Pickup","yes",0,0,"No",1,1,1,"Highly Urban/ Urban"
7443,36,1,1,11,109631,"No",277683,"Yes","F","Bachelors","Blue Collar",15,"Commercial",29960,10,"Minivan","no",0,0,"No",0,12,1,"Highly Urban/ Urban"
962,35,0,2,13,8746,"No",127941,"Yes","F","High School","Blue Collar",50,"Commercial",5370,1,"SUV","no",0,0,"No",6,1,1,"Highly Urban/ Urban"
4439,49,0,0,0,0,"No",0,"No","F","Bachelors","Home Maker",52,"Private",6400,3,"SUV","no",0,0,"No",5,9,1,"Highly Urban/ Urban"
2303,40,0,1,13,37958,"Yes",0,"No","M","Bachelors","Clerical",45,"Private",13890,4,"Minivan","no",15849,1,"Yes",0,10,1,"Highly Urban/ Urban"
2553,41,0,0,9,18939,"No",0,"No","M","<High School","Blue Collar",50,"Private",5600,1,"Minivan","no",41669,3,"Yes",1,1,1,"Highly Urban/ Urban"
22180,38,0,0,11,48207,"No",179539,"No","F","High School","Clerical",38,"Private",10120,3,"SUV","no",1842,3,"No",4,8,1,"Highly Urban/ Urban"
2398,32,0,2,0,0,"Yes",0,"No","F","High School","Home Maker",28,"Private",10120,1,"SUV","no",3928,2,"No",1,8,1,"Highly Urban/ Urban"
5600,48,0,0,12,30377,"No",137865,"Yes","F","High School","Blue Collar",29,"Commercial",6300,1,"SUV","no",0,0,"Yes",0,12,1,"Highly Urban/ Urban"
3282,30,0,2,12,106722,"Yes",0,"No","F","Bachelors","Manager",43,"Private",26520,7,"Sports Car","no",0,0,"No",0,13,1,"Highly Urban/ Urban"
3337,43,2,3,14,12284,"No",100519,"Yes","F","High School","Clerical",43,"Private",26710,17,"Pickup","no",0,0,"No",0,7,1,"Highly Urban/ Urban"
20433,42,2,2,8,57379,"Yes",0,"No","F","High School","Blue Collar",37,"Commercial",9420,6,"Sports Car","no",5858,2,"No",2,1,1,"Highly Urban/ Urban"
2804,23,0,3,10,27239,"Yes",0,"No","M","High School","Clerical",53,"Private",6520,3,"Pickup","yes",0,0,"No",5,1,1,"Highly Urban/ Urban"
2088,42,1,3,13,42891,"No",197173,"Yes","F","High School","Clerical",26,"Private",22150,15,"SUV","no",3790,2,"No",0,6,1,"Highly Urban/ Urban"
2479,43,0,0,12,66101,"No",247991,"Yes","F","Masters","Lawyer",42,"Private",12410,1,"SUV","no",0,0,"No",0,14,1,"Highly Urban/ Urban"
4544,26,0,3,11,28726,"No",119210,"Yes","M","High School","Clerical",40,"Private",17370,1,"Van","no",7081,3,"No",0,9,1,"Highly Rural/ Rural"
9863,30,0,0,11,112687,"No",292964,"No","M","High School","Manager",24,"Private",12770,1,"Minivan","yes",0,0,"No",0,1,1,"Highly Urban/ Urban"
3971,52,1,1,12,50726,"Yes",220288,"No","M","Bachelors","Manager",12,"Private",1500,7,"Minivan","no",0,0,"No",0,10,1,"Highly Urban/ Urban"
2160,56,0,0,14,63535,"No",0,"No","F","High School","Blue Collar",51,"Commercial",13450,11,"Sports Car","no",30094,4,"Yes",1,4,1,"Highly Urban/ Urban"
1645,57,0,0,10,216985,"No",0,"No","F","PhD","",40,"Commercial",20590,1,"Pickup","no",0,0,"No",5,13,1,"Highly Urban/ Urban"
6418,58,0,0,13,103555,"No",322978,"No","F","Masters","Lawyer",49,"Private",30580,1,"Sports Car","no",0,0,"No",0,17,1,"Highly Rural/ Rural"
4456,48,0,0,9,40408,"No",0,"No","F","High School","Clerical",24,"Private",5540,4,"Sports Car","no",0,0,"Yes",1,1,1,"Highly Urban/ Urban"
3920,31,0,2,7,35053,"Yes",125625,"No","M","High School","Blue Collar",28,"Commercial",12860,10,"Minivan","yes",0,0,"Yes",1,1,1,"Highly Urban/ Urban"
5103,47,0,0,5,68602,"No",0,"No","M","<High School","Blue Collar",36,"Commercial",6200,1,"Pickup","yes",9136,4,"No",2,4,1,"Highly Urban/ Urban"
6879,40,0,3,16,52475,"Yes",0,"No","F","Masters","Lawyer",9,"Private",10750,1,"SUV","no",0,0,"No",3,16,1,"Highly Urban/ Urban"
3288,62,0,0,16,103109,"No",344523,"Yes","M","Masters","Lawyer",41,"Private",11810,1,"SUV","yes",0,0,"No",0,15,1,"Highly Urban/ Urban"
3521,45,0,0,0,0,"No",0,"Yes","F","High School","Student",35,"Private",14500,1,"SUV","no",9063,3,"No",6,9,1,"Highly Urban/ Urban"
4021,35,0,1,12,8276,"No",0,"Yes","F","High School","Student",13,"Commercial",2330,10,"Sports Car","no",0,0,"No",4,7,1,"Highly Urban/ Urban"
29865,41,1,4,8,175783,"Yes",0,"No","F","PhD","",46,"Commercial",21520,11,"Pickup","no",4082,2,"No",4,17,1,"Highly Urban/ Urban"
3755,30,0,1,0,0,"No",0,"Yes","M","High School","Student",21,"Private",4500,1,"Pickup","no",754,1,"No",0,7,1,"Highly Urban/ Urban"
4348,42,0,2,11,68171,"Yes",0,"No","M","Bachelors","Professional",13,"Private",18130,3,"Van","yes",0,0,"No",2,10,1,"Highly Urban/ Urban"
12301,64,0,0,0,0,"No",0,"Yes","M","High School","Student",60,"Private",7900,6,"Sports Car","yes",23432,2,"Yes",9,8,1,"Highly Urban/ Urban"
5297,35,0,2,0,0,"No",59496,"Yes","F","Bachelors","Home Maker",21,"Private",5000,6,"Sports Car","no",4477,1,"No",0,13,1,"Highly Urban/ Urban"
4699,29,0,3,0,0,"Yes",0,"No","F","High School","Student",12,"Commercial",6720,1,"Sports Car","no",52445,3,"Yes",5,6,1,"Highly Urban/ Urban"
6606,49,0,0,12,24513,"No",148422,"Yes","M","<High School","Blue Collar",27,"Private",8850,1,"Minivan","yes",1263,1,"No",1,1,1,"Highly Urban/ Urban"
4799,56,1,2,0,0,"Yes",0,"No","F","<High School","Student",35,"Private",23630,1,"Minivan","no",10612,3,"No",2,8,1,"Highly Urban/ Urban"
3349,39,0,1,11,32188,"No",174247,"Yes","F","High School","Professional",38,"Private",8620,6,"SUV","no",5399,2,"No",4,1,1,"Highly Urban/ Urban"
3581,45,0,1,10,59197,"Yes",0,"No","M","Masters","",61,"Commercial",22690,10,"Panel Truck","no",4940,2,"No",3,8,1,"Highly Urban/ Urban"
2441,39,0,0,16,92117,"No",295537,"Yes","M","High School","Blue Collar",40,"Commercial",14610,7,"Minivan","yes",0,0,"No",0,1,1,"Highly Urban/ Urban"
6250,37,0,0,10,55242,"No",183992,"No","M","High School","Blue Collar",30,"Commercial",8700,6,"Pickup","no",33030,2,"Yes",0,1,1,"Highly Urban/ Urban"
3408,53,0,0,13,80023,"No",246532,"Yes","F","Bachelors","Blue Collar",58,"Commercial",20990,4,"Sports Car","no",29379,2,"Yes",5,9,1,"Highly Urban/ Urban"
13042,45,1,2,14,28731,"Yes",0,"No","M","High School","Blue Collar",57,"Commercial",6000,1,"Minivan","yes",0,0,"No",0,1,1,"Highly Urban/ Urban"
4814,56,2,2,17,28088,"Yes",154530,"No","M","Bachelors","Clerical",46,"Private",9910,1,"Minivan","yes",1157,1,"No",3,1,1,"Highly Urban/ Urban"
5657,28,0,4,10,10032,"No",0,"Yes","M","Bachelors","Student",13,"Commercial",5850,1,"Pickup","yes",12269,1,"Yes",0,12,1,"Highly Urban/ Urban"
4191,40,0,0,11,49978,"No",240143,"Yes","M","Masters","",40,"Commercial",21160,3,"Van","yes",0,0,"No",2,15,1,"Highly Urban/ Urban"
4815,59,2,2,16,109210,"No",324059,"Yes","F","Masters","Manager",32,"Commercial",21880,6,"Pickup","no",6120,2,"No",6,18,1,"Highly Urban/ Urban"
5501,59,0,0,11,38141,"No",0,"No","M","High School","Blue Collar",43,"Commercial",15080,6,"Minivan","no",9575,1,"No",5,6,1,"Highly Urban/ Urban"
3048,61,0,0,10,9902,"No",103647,"No","F","PhD","Home Maker",31,"Private",8590,6,"Sports Car","no",3175,2,"No",4,10,1,"Highly Urban/ Urban"
1502,29,0,2,14,45299,"No",148600,"Yes","F","High School","Blue Collar",11,"Commercial",8930,7,"SUV","no",5289,1,"No",4,1,1,"Highly Urban/ Urban"
6452,48,0,0,9,49251,"No",180173,"Yes","F","High School","Blue Collar",9,"Commercial",11230,7,"SUV","no",0,0,"No",0,1,1,"Highly Urban/ Urban"
2777,32,0,3,16,28430,"Yes",0,"No","F","High School","Clerical",52,"Private",4340,4,"SUV","no",39168,2,"Yes",4,1,1,"Highly Urban/ Urban"
4678,39,0,0,10,31131,"No",0,"No","M","High School","Clerical",30,"Private",8510,6,"Minivan","yes",37066,2,"Yes",5,13,1,"Highly Urban/ Urban"
4621,35,0,2,9,98918,"Yes",0,"No","M","Bachelors","Professional",27,"Commercial",23740,12,"Panel Truck","yes",0,0,"No",1,9,1,"Highly Urban/ Urban"
3730,34,0,1,13,38307,"No",151790,"Yes","M","High School","Blue Collar",24,"Commercial",5330,1,"Pickup","no",17857,1,"Yes",10,1,1,"Highly Urban/ Urban"
4034,46,0,0,10,88632,"No",258636,"Yes","F","High School","Blue Collar",34,"Commercial",15670,3,"Sports Car","no",7864,3,"No",2,9,1,"Highly Urban/ Urban"
1133,49,0,0,14,45689,"No",250792,"Yes","M","<High School","Blue Collar",42,"Private",10970,4,"Pickup","yes",0,0,"No",0,1,1,"Highly Urban/ Urban"
2891,58,0,2,12,146202,"No",473366,"Yes","M","Bachelors","Professional",22,"Private",10320,6,"Pickup","yes",4716,1,"No",0,12,1,"Highly Urban/ Urban"
3411,44,0,0,12,46781,"No",0,"No","F","Bachelors","Professional",29,"Private",17960,11,"SUV","no",6545,1,"No",5,15,1,"Highly Urban/ Urban"
4209,54,1,1,0,0,"No",0,"Yes","F","Bachelors","Student",37,"Private",10600,1,"Sports Car","no",5493,3,"No",1,8,1,"Highly Urban/ Urban"
6027,29,0,1,11,101767,"No",284160,"Yes","F","High School","Blue Collar",48,"Commercial",14580,6,"SUV","no",25433,3,"Yes",1,9,1,"Highly Urban/ Urban"
3295,58,0,0,12,61265,"No",208445,"Yes","F","Masters","Lawyer",49,"Private",3230,10,"SUV","no",0,0,"No",2,9,1,"Highly Urban/ Urban"
3668,33,0,5,16,28395,"No",137268,"Yes","M","High School","Clerical",65,"Commercial",23450,7,"Panel Truck","yes",20060,1,"Yes",2,1,1,"Highly Urban/ Urban"
4895,45,0,0,10,22860,"No",0,"No","M","<High School","Blue Collar",32,"Commercial",11800,1,"Pickup","no",3118,2,"No",1,1,1,"Highly Rural/ Rural"
1029,39,1,1,12,69464,"No",199330,"Yes","M","Masters","Manager",18,"Commercial",5400,1,"Pickup","yes",7940,3,"No",4,15,1,"Highly Urban/ Urban"
5142,42,0,2,14,20586,"No",142997,"Yes","F","<High School","Clerical",47,"Private",7760,4,"SUV","no",0,0,"No",0,1,1,"Highly Rural/ Rural"
4754,39,0,0,14,28830,"No",0,"No","M","<High School","Clerical",50,"Commercial",18930,1,"Van","yes",0,0,"Yes",5,1,1,"Highly Urban/ Urban"
540,23,0,5,14,11666,"No",109363,"Yes","F","<High School","Clerical",26,"Private",5080,6,"Sports Car","no",0,0,"No",4,1,1,"Highly Urban/ Urban"
54928,52,0,0,9,140534,"No",387349,"No","M","Masters","Professional",66,"Commercial",21620,6,"Van","yes",0,0,"No",0,7,1,"Highly Urban/ Urban"
4123,31,0,4,14,48317,"No",133939,"Yes","F","High School","Clerical",15,"Private",1500,1,"Sports Car","no",26686,1,"Yes",1,1,1,"Highly Urban/ Urban"
4809,40,0,0,0,0,"No",0,"No","F","<High School","Home Maker",56,"Private",5260,1,"Sports Car","no",0,0,"No",0,1,1,"Highly Urban/ Urban"
4610,58,0,0,12,71101,"No",266848,"Yes","M","<High School","Blue Collar",40,"Private",14160,1,"Minivan","yes",43052,2,"Yes",6,5,1,"Highly Rural/ Rural"
3850,54,0,0,10,46624,"No",212273,"No","M","Masters","Lawyer",40,"Private",18990,13,"Van","no",0,0,"No",0,13,1,"Highly Urban/ Urban"
1166,37,0,0,8,95502,"No",0,"No","F","Bachelors","Professional",37,"Private",37180,1,"Sports Car","no",1681,1,"No",0,11,1,"Highly Urban/ Urban"
5520,29,0,2,12,54310,"Yes",174139,"No","M","<High School","Clerical",39,"Private",1500,4,"Minivan","no",5419,1,"No",5,6,1,"Highly Urban/ Urban"
3897,54,0,0,11,63027,"No",0,"No","M","Masters","Lawyer",52,"Private",7650,1,"Pickup","yes",6927,2,"No",0,15,1,"Highly Urban/ Urban"
4155,37,0,2,13,4319,"No",0,"Yes","M","High School","Student",36,"Private",9960,6,"Minivan","no",0,0,"No",3,1,1,"Highly Urban/ Urban"
6653,39,1,2,9,24628,"No",195489,"Yes","F","High School","Blue Collar",32,"Commercial",18810,6,"SUV","no",2415,1,"No",3,10,1,"Highly Urban/ Urban"
4209,39,0,0,13,22348,"No",0,"No","F","High School","Clerical",26,"Private",13150,1,"SUV","no",5484,1,"No",0,1,1,"Highly Urban/ Urban"
3626,58,0,0,16,6657,"No",0,"Yes","M","<High School","Student",23,"Commercial",4790,1,"Pickup","no",37285,3,"Yes",4,7,1,"Highly Urban/ Urban"
3332,35,0,1,13,72167,"Yes",0,"No","M","PhD","Doctor",31,"Private",19700,5,"Van","yes",7276,2,"No",7,13,1,"Highly Urban/ Urban"
3760,26,0,1,9,73655,"Yes",0,"No","F","Bachelors","Professional",44,"Commercial",9150,13,"SUV","no",7303,2,"No",5,7,1,"Highly Urban/ Urban"
2856,38,0,2,14,58833,"No",193644,"Yes","M","Bachelors","Blue Collar",41,"Commercial",20750,1,"Minivan","yes",8403,1,"No",6,10,1,"Highly Urban/ Urban"
3242,30,0,0,7,10678,"No",0,"No","M","<High School","Clerical",22,"Commercial",11700,4,"Pickup","yes",7228,1,"No",8,7,1,"Highly Urban/ Urban"
1397,24,0,3,15,13003,"No",104742,"Yes","F","High School","Clerical",38,"Private",1500,6,"SUV","no",3230,2,"No",4,1,1,"Highly Urban/ Urban"
7692,38,2,3,11,145073,"No",406547,"Yes","M","PhD","",15,"Commercial",19810,6,"Van","yes",0,0,"No",0,12,1,"Highly Urban/ Urban"
4007,32,0,1,11,21400,"Yes",0,"No","F","<High School","Clerical",30,"Private",14790,11,"Minivan","no",6373,1,"No",5,1,1,"Highly Urban/ Urban"
1749,22,0,0,10,5442,"No",0,"Yes","M","Bachelors","Student",46,"Commercial",3800,1,"Minivan","yes",30922,2,"Yes",6,1,1,"Highly Urban/ Urban"
4617,38,0,2,10,53532,"Yes",0,"No","F","<High School","Blue Collar",53,"Private",10650,1,"Sports Car","no",6697,3,"No",4,4,1,"Highly Urban/ Urban"
22244,42,0,0,6,82608,"No",0,"No","M","Bachelors","Blue Collar",41,"Commercial",20730,6,"Van","yes",0,0,"No",2,1,1,"Highly Urban/ Urban"
33591,49,0,0,11,13148,"No",159195,"No","M","<High School","Blue Collar",71,"Private",12540,6,"Minivan","yes",0,0,"No",5,8,1,"Highly Urban/ Urban"
4021,27,0,1,9,37130,"Yes",0,"No","F","<High School","Blue Collar",5,"Private",7910,1,"SUV","no",2616,4,"No",1,1,1,"Highly Urban/ Urban"
3762,41,0,0,13,55138,"No",0,"No","F","Bachelors","Blue Collar",29,"Commercial",16880,10,"SUV","no",0,0,"Yes",0,13,1,"Highly Urban/ Urban"
5951,57,0,0,11,114830,"No",0,"No","M","PhD","",26,"Commercial",26900,4,"Panel Truck","no",28321,2,"No",0,13,1,"Highly Urban/ Urban"
1758,65,0,0,0,0,"No",94474,"Yes","F","High School","Home Maker",24,"Private",8000,1,"Sports Car","no",37129,2,"Yes",0,6,1,"Highly Urban/ Urban"
4289,47,0,0,10,57607,"No",0,"No","M","<High School","Blue Collar",24,"Commercial",12970,10,"Minivan","yes",8917,1,"Yes",5,1,1,"Highly Rural/ Rural"
5884,34,0,0,9,31052,"No",116137,"Yes","F","High School","Clerical",63,"Private",13700,5,"SUV","no",0,0,"No",2,7,1,"Highly Urban/ Urban"
1669,51,0,0,11,65979,"No",164614,"Yes","M","High School","Manager",35,"Private",19990,4,"Van","yes",0,0,"No",0,1,1,"Highly Urban/ Urban"
2034,36,0,2,12,39400,"No",152463,"Yes","F","High School","Clerical",54,"Private",5100,1,"SUV","no",0,0,"No",0,1,1,"Highly Urban/ Urban"
2753,37,1,2,0,0,"No",80883,"Yes","F","Bachelors","Home Maker",26,"Private",7070,1,"Sports Car","no",982,3,"No",1,6,1,"Highly Urban/ Urban"
4868,47,0,0,0,0,"No",121454,"Yes","F","Masters","Home Maker",23,"Commercial",23060,17,"Pickup","no",8752,3,"No",0,18,1,"Highly Urban/ Urban"
4389,57,1,1,14,41645,"No",160772,"Yes","M","High School","Professional",23,"Commercial",7200,4,"Pickup","yes",5040,2,"No",0,5,1,"Highly Urban/ Urban"
4451,37,0,0,12,102604,"No",276929,"Yes","M","Bachelors","Professional",38,"Commercial",21620,7,"Van","no",5222,1,"No",2,1,1,"Highly Urban/ Urban"
4699,65,0,0,15,22481,"No",127617,"Yes","F","High School","Clerical",14,"Private",11340,9,"Sports Car","no",33075,1,"Yes",0,1,1,"Highly Urban/ Urban"
4419,52,0,0,7,64531,"No",0,"No","M","Bachelors","Blue Collar",34,"Commercial",6700,10,"Pickup","no",5524,2,"No",2,16,1,"Highly Urban/ Urban"
5497,52,0,0,11,81849,"No",273961,"Yes","F","High School","Blue Collar",56,"Commercial",6700,1,"SUV","no",4235,3,"No",6,1,1,"Highly Urban/ Urban"
3643,37,1,2,7,89343,"Yes",251826,"No","F","Bachelors","Professional",64,"Private",14130,1,"Sports Car","no",6265,2,"No",0,8,1,"Highly Urban/ Urban"
931,34,0,0,5,59972,"No",165806,"No","M","Bachelors","Professional",51,"Commercial",23040,1,"Panel Truck","no",0,0,"No",3,7,1,"Highly Urban/ Urban"
7406,40,2,2,14,12339,"No",107774,"Yes","M","Masters","Manager",47,"Commercial",22310,1,"Van","yes",3816,3,"No",5,15,1,"Highly Urban/ Urban"
3333,38,0,1,0,0,"No",0,"Yes","F","<High School","Student",17,"Private",5850,6,"SUV","no",5090,1,"No",6,8,1,"Highly Rural/ Rural"
8484,29,0,2,13,26413,"No",172043,"Yes","F","High School","Clerical",29,"Commercial",16200,4,"Pickup","no",0,0,"No",1,1,1,"Highly Urban/ Urban"
8162,62,0,0,12,34033,"No",0,"No","M","High School","Blue Collar",69,"Commercial",11100,14,"Sports Car","no",4821,3,"No",7,1,1,"Highly Urban/ Urban"
4026,28,0,2,10,23427,"No",98357,"Yes","F","<High School","Clerical",50,"Private",6640,4,"SUV","no",17308,3,"Yes",6,1,1,"Highly Urban/ Urban"
4027,35,0,1,0,0,"No",0,"Yes","F","High School","Student",53,"Private",11630,1,"SUV","no",9624,2,"No",6,1,1,"Highly Urban/ Urban"
3440,33,0,3,0,0,"Yes",0,"No","F","<High School","Home Maker",34,"Private",7810,1,"Sports Car","no",31379,5,"Yes",5,6,1,"Highly Urban/ Urban"
6111,40,2,2,5,16575,"No",158720,"Yes","M","High School","Clerical",34,"Private",7160,3,"Pickup","yes",0,0,"No",2,1,1,"Highly Urban/ Urban"
27254,29,0,1,9,445,"Yes",97183,"No","F","Bachelors","Home Maker",32,"Private",16060,10,"SUV","no",2555,3,"No",0,13,1,"Highly Urban/ Urban"
16012,42,2,2,17,51608,"No",169843,"Yes","F","High School","Clerical",35,"Private",10860,3,"SUV","no",7497,1,"No",5,1,1,"Highly Urban/ Urban"
1070,52,0,0,13,77351,"No",187879,"Yes","M","Masters","",51,"Commercial",6700,10,"Pickup","yes",5984,2,"No",6,16,1,"Highly Urban/ Urban"
4277,41,0,0,10,18523,"No",0,"No","F","<High School","Clerical",27,"Private",9400,13,"SUV","no",9642,3,"No",2,5,1,"Highly Urban/ Urban"
6431,49,0,0,11,52485,"No",0,"No","M","Masters","Lawyer",40,"Private",19830,4,"Van","yes",0,0,"No",3,18,1,"Highly Urban/ Urban"
7035,31,0,1,12,65651,"No",288294,"Yes","M","Masters","",32,"Commercial",17760,6,"Van","yes",29471,2,"Yes",0,18,1,"Highly Urban/ Urban"
5110,42,0,0,0,0,"No",0,"Yes","M","Bachelors","Student",13,"Commercial",5700,10,"Pickup","no",0,0,"No",5,1,1,"Highly Urban/ Urban"
1438,43,0,2,0,0,"No",117111,"Yes","F","<High School","Home Maker",44,"Private",5800,6,"Sports Car","no",4959,1,"No",3,6,1,"Highly Urban/ Urban"
9623,33,0,1,14,46780,"No",142430,"Yes","M","High School","Clerical",38,"Commercial",9480,9,"Pickup","yes",6937,2,"No",5,1,1,"Highly Urban/ Urban"
2505,56,0,0,14,38924,"No",183890,"Yes","F","Masters","Lawyer",49,"Private",5390,6,"Sports Car","no",0,0,"No",1,16,1,"Highly Urban/ Urban"
4415,43,1,1,13,65779,"No",190317,"Yes","F","Masters","Professional",29,"Private",14850,1,"SUV","no",35737,3,"Yes",4,17,1,"Highly Urban/ Urban"
6673,36,1,2,0,0,"No",0,"Yes","M","<High School","Student",26,"Private",12370,10,"Minivan","no",3373,2,"No",1,1,1,"Highly Urban/ Urban"
6761,43,0,0,12,13349,"No",140323,"Yes","M","<High School","Clerical",45,"Commercial",9470,4,"Pickup","no",0,0,"No",3,6,1,"Highly Urban/ Urban"
4368,38,0,2,11,43036,"Yes",0,"No","M","High School","Blue Collar",49,"Commercial",9600,6,"Pickup","yes",4111,1,"No",0,4,1,"Highly Urban/ Urban"
3084,53,0,0,0,0,"No",116797,"No","F","Bachelors","Home Maker",25,"Private",12380,1,"Minivan","no",29865,2,"No",0,12,1,"Highly Urban/ Urban"
1043,43,0,1,0,0,"No",0,"Yes","M","High School","Student",27,"Commercial",7770,1,"Pickup","no",32562,1,"No",6,5,1,"Highly Rural/ Rural"
5900,40,0,1,14,2970,"No",0,"Yes","M","<High School","Student",72,"Private",17710,4,"Minivan","no",0,0,"No",5,8,1,"Highly Urban/ Urban"
3343,61,0,0,16,41801,"No",210979,"Yes","F","High School","Clerical",26,"Commercial",19030,1,"Sports Car","no",8377,2,"No",6,7,1,"Highly Urban/ Urban"
5017,24,0,0,10,20220,"No",115168,"Yes","F","High School","Blue Collar",5,"Commercial",17850,11,"Sports Car","yes",27872,2,"Yes",9,1,1,"Highly Urban/ Urban"
1793,61,0,0,9,28390,"No",171805,"Yes","M","High School","Blue Collar",43,"Commercial",14350,7,"SUV","no",0,0,"No",2,11,1,"Highly Urban/ Urban"
9470,40,1,2,0,0,"Yes",0,"No","F","<High School","Home Maker",26,"Private",21340,1,"Minivan","no",0,0,"No",1,1,1,"Highly Urban/ Urban"
5802,28,0,3,11,57417,"Yes",144443,"No","F","Bachelors","Blue Collar",37,"Commercial",15640,1,"SUV","no",7628,2,"No",0,8,1,"Highly Urban/ Urban"
2464,67,0,0,13,45368,"No",190399,"Yes","M","Bachelors","Professional",33,"Private",17760,4,"SUV","yes",0,0,"Yes",0,13,1,"Highly Urban/ Urban"
6057,60,0,0,13,8250,"No",113386,"Yes","M","High School","Student",14,"Commercial",8330,1,"Minivan","no",3730,1,"No",2,1,1,"Highly Urban/ Urban"
5637,22,0,0,0,0,"No",0,"No","F","High School","Home Maker",63,"Private",13520,4,"SUV","no",28386,2,"Yes",2,1,1,"Highly Urban/ Urban"
1482,39,2,3,12,39619,"No",183660,"Yes","F","High School","Blue Collar",42,"Commercial",9360,13,"Sports Car","no",1218,2,"No",3,10,1,"Highly Urban/ Urban"
11770,52,0,0,10,83901,"No",0,"No","M","Masters","",43,"Commercial",23650,6,"Panel Truck","yes",0,0,"No",5,9,1,"Highly Urban/ Urban"
3254,40,0,3,13,44431,"No",178105,"Yes","F","High School","Clerical",47,"Private",12460,1,"SUV","no",0,0,"No",1,6,1,"Highly Rural/ Rural"
6086,36,1,2,14,20926,"No",122046,"Yes","M","High School","Clerical",23,"Commercial",8390,6,"Pickup","no",1429,3,"No",0,1,1,"Highly Urban/ Urban"
4197,42,0,0,13,58008,"No",213887,"Yes","M","High School","Blue Collar",54,"Commercial",18610,1,"Minivan","no",0,0,"Yes",0,1,1,"Highly Urban/ Urban"
5372,61,0,0,14,65775,"No",199244,"Yes","M","Masters","Lawyer",57,"Private",28170,4,"Sports Car","yes",0,0,"Yes",4,18,1,"Highly Urban/ Urban"
5132,48,0,0,11,53878,"No",220705,"Yes","F","High School","Clerical",29,"Private",11690,1,"Sports Car","no",26114,3,"Yes",7,1,1,"Highly Urban/ Urban"
664,44,0,2,14,82068,"No",215344,"Yes","F","Bachelors","Blue Collar",26,"Commercial",8980,1,"SUV","no",4423,2,"No",0,12,1,"Highly Urban/ Urban"
6686,35,0,0,10,70274,"No",0,"No","M","Masters","",32,"Commercial",12030,10,"Pickup","no",29205,3,"Yes",0,13,1,"Highly Urban/ Urban"
3931,38,0,0,12,21119,"No",136098,"No","M","<High School","Blue Collar",24,"Commercial",12180,10,"Pickup","no",3252,3,"No",4,4,1,"Highly Urban/ Urban"
2593,40,0,0,12,2289,"No",0,"No","F","High School","Student",21,"Private",5730,4,"SUV","no",0,0,"Yes",2,1,1,"Highly Urban/ Urban"
1442,58,0,0,6,123288,"No",366424,"No","F","PhD","Doctor",25,"Private",7000,1,"SUV","no",50111,4,"Yes",1,17,1,"Highly Urban/ Urban"
2908,34,0,0,11,76847,"No",0,"No","M","Bachelors","Clerical",34,"Private",15870,4,"Minivan","no",0,0,"No",2,8,1,"Highly Rural/ Rural"
2967,47,0,0,10,31456,"No",148339,"No","F","High School","Clerical",56,"Private",1500,1,"SUV","no",3278,1,"No",3,1,1,"Highly Rural/ Rural"
1026,47,0,0,6,25871,"No",193683,"Yes","F","High School","Blue Collar",38,"Commercial",15330,1,"SUV","no",0,0,"Yes",6,9,1,"Highly Urban/ Urban"
5967,36,0,0,9,110873,"No",0,"No","M","Bachelors","Blue Collar",50,"Commercial",24730,6,"Panel Truck","yes",0,0,"No",0,7,1,"Highly Urban/ Urban"
34302,39,2,2,13,92000,"No",301965,"Yes","M","Bachelors","Professional",50,"Private",14600,1,"Minivan","yes",6627,3,"No",2,1,1,"Highly Urban/ Urban"
4344,39,1,2,13,31138,"No",160202,"Yes","F","High School","Clerical",38,"Private",9830,1,"SUV","no",4582,2,"No",5,1,1,"Highly Urban/ Urban"
5292,38,0,3,11,13337,"Yes",106321,"No","F","High School","Clerical",53,"Private",6920,11,"SUV","no",0,0,"No",0,1,1,"Highly Rural/ Rural"
4943,35,0,1,12,75165,"No",253077,"Yes","F","Masters","Manager",32,"Private",11290,6,"Sports Car","no",0,0,"No",1,14,1,"Highly Urban/ Urban"
18084,49,0,0,7,225083,"No",0,"No","F","PhD","",53,"Commercial",50970,11,"Panel Truck","no",6364,1,"No",5,14,1,"Highly Urban/ Urban"
5295,36,1,2,14,118971,"Yes",0,"No","M","Bachelors","Manager",44,"Commercial",31390,1,"Panel Truck","yes",0,0,"No",0,14,1,"Highly Urban/ Urban"
7940,54,0,0,0,0,"No",67587,"Yes","F","PhD","Home Maker",28,"Private",6900,1,"SUV","no",856,1,"No",4,13,1,"Highly Urban/ Urban"
1914,56,0,0,16,44940,"No",196891,"Yes","F","<High School","Blue Collar",39,"Private",15320,1,"SUV","no",0,0,"No",2,9,1,"Highly Urban/ Urban"
1107,42,1,3,7,85819,"No",262789,"Yes","M","Bachelors","Blue Collar",45,"Commercial",5700,1,"Pickup","yes",5699,3,"No",1,14,1,"Highly Urban/ Urban"
2161,23,0,4,9,5367,"No",75782,"Yes","F","High School","Blue Collar",14,"Commercial",22550,7,"Minivan","yes",6027,3,"No",10,1,1,"Highly Urban/ Urban"
909,28,0,1,0,0,"Yes",63142,"No","M","High School","Student",42,"Commercial",9750,9,"Pickup","yes",0,0,"No",2,10,1,"Highly Urban/ Urban"
16372,33,0,2,12,45893,"Yes",189452,"No","M","High School","Professional",54,"Commercial",18990,1,"Van","yes",29781,3,"Yes",0,6,1,"Highly Urban/ Urban"
9824,27,0,1,13,43083,"No",138247,"Yes","F","<High School","Clerical",29,"Commercial",20950,6,"Pickup","no",5737,3,"No",9,1,1,"Highly Urban/ Urban"
4805,50,0,0,15,41447,"No",148330,"Yes","F","Bachelors","Manager",14,"Private",6500,1,"SUV","no",0,0,"No",0,7,1,"Highly Urban/ Urban"
6535,50,0,0,6,55230,"No",0,"No","F","High School","Blue Collar",36,"Commercial",24950,5,"Pickup","no",4997,3,"No",7,6,1,"Highly Urban/ Urban"
2840,47,0,0,10,129926,"No",0,"No","M","Masters","Professional",62,"Commercial",19190,1,"Van","yes",0,0,"No",2,9,1,"Highly Urban/ Urban"
464,36,0,1,12,26587,"Yes",0,"No","F","<High School","Clerical",45,"Private",5100,7,"SUV","no",4936,1,"No",5,1,1,"Highly Urban/ Urban"
1842,34,0,1,13,79957,"No",172461,"Yes","M","High School","Blue Collar",47,"Commercial",12510,12,"Minivan","no",0,0,"No",0,9,1,"Highly Urban/ Urban"
3609,57,0,0,15,44108,"No",0,"No","F","High School","Student",45,"Commercial",21720,4,"SUV","no",0,0,"No",2,1,1,"Highly Urban/ Urban"
1357,39,1,3,14,71309,"Yes",224123,"No","F","Bachelors","Professional",87,"Private",14580,1,"SUV","no",4648,3,"No",3,7,1,"Highly Urban/ Urban"
6836,42,1,2,0,0,"No",97022,"Yes","F","High School","Home Maker",39,"Private",14840,1,"SUV","no",6844,1,"No",1,1,1,"Highly Rural/ Rural"
5138,56,0,0,12,278,"No",91930,"Yes","F","High School","Student",58,"Private",1530,6,"Sports Car","no",4611,2,"No",5,8,1,"Highly Urban/ Urban"
2474,32,0,1,2,50522,"Yes",0,"No","F","Bachelors","Blue Collar",15,"Commercial",9750,17,"SUV","no",6691,2,"No",6,9,1,"Highly Urban/ Urban"
3366,47,0,0,12,21063,"No",117381,"Yes","F","Bachelors","Clerical",42,"Commercial",20730,4,"Pickup","no",4652,2,"No",1,6,1,"Highly Urban/ Urban"
5316,34,0,1,14,9699,"No",107132,"Yes","F","<High School","Clerical",39,"Private",18120,4,"Minivan","no",6801,1,"No",3,7,1,"Highly Urban/ Urban"
4347,36,0,1,8,40339,"Yes",173090,"No","M","Bachelors","Blue Collar",41,"Commercial",22200,6,"Van","no",0,0,"No",3,8,1,"Highly Urban/ Urban"
23346,40,0,0,12,4716,"No",121325,"Yes","M","High School","Student",45,"Private",6410,1,"Pickup","yes",46652,2,"Yes",1,1,1,"Highly Urban/ Urban"
8702,54,0,0,0,0,"No",0,"No","M","High School","Student",28,"Commercial",25020,7,"Minivan","yes",44429,3,"Yes",7,7,1,"Highly Urban/ Urban"
4589,33,0,1,8,77719,"Yes",0,"No","F","High School","Blue Collar",39,"Commercial",9250,6,"SUV","no",0,0,"No",0,1,1,"Highly Urban/ Urban"
4531,60,0,0,13,82171,"No",275664,"Yes","M","Masters","Lawyer",45,"Private",15720,1,"Minivan","yes",0,0,"No",0,13,1,"Highly Urban/ Urban"
2189,45,0,2,0,0,"No",101395,"Yes","M","<High School","Home Maker",34,"Commercial",16920,10,"Van","no",10264,3,"No",4,1,1,"Highly Urban/ Urban"
6796,46,0,0,6,59927,"No",0,"No","F","Masters","",24,"Commercial",19410,10,"Pickup","no",0,0,"Yes",0,11,1,"Highly Urban/ Urban"
3405,51,0,0,11,43654,"No",167541,"Yes","F","Bachelors","Blue Collar",38,"Commercial",11590,6,"Sports Car","no",4383,4,"No",0,11,1,"Highly Urban/ Urban"
1498,37,2,2,11,16238,"No",65155,"Yes","M","<High School","Clerical",33,"Private",6820,6,"Pickup","yes",5612,4,"No",0,1,1,"Highly Urban/ Urban"
7919,38,0,3,16,15889,"No",95776,"Yes","F","<High School","Home Maker",46,"Commercial",30050,1,"Pickup","no",13182,1,"Yes",1,9,1,"Highly Urban/ Urban"
1680,45,0,0,9,72702,"No",221350,"No","M","High School","Blue Collar",43,"Commercial",13270,1,"Minivan","yes",4740,2,"No",5,6,1,"Highly Urban/ Urban"
4252,62,0,1,15,68063,"No",269614,"Yes","M","Bachelors","Professional",45,"Private",12620,1,"SUV","yes",34151,2,"Yes",3,1,1,"Highly Urban/ Urban"
8374,46,0,0,0,0,"No",111439,"Yes","F","<High School","Home Maker",29,"Private",6100,1,"SUV","no",0,0,"No",0,4,1,"Highly Urban/ Urban"
19089,26,0,4,9,45254,"Yes",196146,"No","M","High School","Blue Collar",32,"Commercial",23270,7,"Minivan","yes",4567,1,"No",5,9,1,"Highly Urban/ Urban"
3361,40,1,1,10,131449,"Yes",0,"No","F","Masters","",18,"Commercial",31080,13,"Van","no",6895,3,"No",4,11,1,"Highly Urban/ Urban"
2081,35,0,0,13,7163,"No",0,"No","M","High School","Student",50,"Commercial",6580,6,"Pickup","yes",0,0,"No",1,9,1,"Highly Urban/ Urban"
3865,42,0,0,12,52792,"No",213473,"Yes","M","High School","Blue Collar",29,"Commercial",10980,1,"Pickup","yes",0,0,"No",0,8,1,"Highly Urban/ Urban"
5603,38,0,3,15,137897,"No",335993,"Yes","F","Bachelors","Blue Collar",21,"Commercial",19090,7,"Pickup","no",38774,2,"Yes",8,12,1,"Highly Urban/ Urban"
6597,52,0,0,7,132280,"No",388651,"Yes","F","Masters","Lawyer",33,"Private",27590,4,"Sports Car","no",0,0,"No",0,14,1,"Highly Urban/ Urban"
1133,25,0,1,12,17352,"Yes",112808,"No","F","<High School","Blue Collar",9,"Private",9250,14,"SUV","no",0,0,"No",0,6,1,"Highly Urban/ Urban"
2960,45,0,2,16,39327,"No",179607,"Yes","M","High School","Blue Collar",27,"Commercial",15940,4,"Minivan","no",17963,1,"Yes",0,1,1,"Highly Urban/ Urban"
3997,40,0,0,12,108059,"No",0,"No","M","Bachelors","Professional",29,"Commercial",22070,4,"Van","yes",0,0,"No",2,11,1,"Highly Urban/ Urban"
4521,53,0,0,11,58691,"No",255524,"No","F","Masters","Lawyer",5,"Private",12670,6,"Minivan","no",1208,1,"No",3,15,1,"Highly Urban/ Urban"
4805,50,0,0,9,78083,"No",0,"No","M","Masters","",32,"Commercial",19310,4,"Van","yes",27959,1,"No",0,1,1,"Highly Urban/ Urban"
316,36,1,2,16,40983,"No",142139,"Yes","F","<High School","Blue Collar",5,"Private",33960,4,"Sports Car","no",1200,2,"No",7,1,1,"Highly Urban/ Urban"
3858,46,0,0,8,75614,"No",188804,"Yes","M","Masters","Manager",35,"Private",13660,4,"Minivan","yes",0,0,"No",3,14,1,"Highly Urban/ Urban"
1465,51,0,0,13,46570,"No",0,"No","F","Masters","Lawyer",59,"Private",35990,10,"Minivan","no",0,0,"No",0,17,1,"Highly Urban/ Urban"
2199,34,0,0,10,53914,"No",209691,"No","M","High School","Clerical",22,"Commercial",27620,1,"Panel Truck","no",0,0,"No",0,6,1,"Highly Urban/ Urban"
3172,27,0,4,0,0,"No",0,"Yes","M","High School","Student",45,"Commercial",4400,7,"Minivan","no",0,0,"Yes",1,1,1,"Highly Urban/ Urban"
4206,30,0,4,12,58248,"Yes",0,"No","M","PhD","",25,"Private",21760,7,"Minivan","no",9533,1,"Yes",4,17,1,"Highly Urban/ Urban"
1069,35,0,2,16,26127,"No",150058,"Yes","F","High School","Clerical",42,"Private",23690,1,"Minivan","no",9633,3,"No",8,1,1,"Highly Urban/ Urban"
8331,46,0,0,11,43651,"No",128478,"Yes","F","High School","Clerical",25,"Private",15250,4,"SUV","no",6391,3,"No",4,1,1,"Highly Urban/ Urban"
5141,58,0,0,0,0,"No",0,"Yes","F","High School","Student",9,"Commercial",7300,1,"SUV","no",0,0,"Yes",4,1,1,"Highly Urban/ Urban"
4711,30,0,3,13,69512,"No",187162,"Yes","F","Bachelors","Blue Collar",43,"Commercial",13330,1,"SUV","no",0,0,"No",2,9,1,"Highly Urban/ Urban"
1479,24,0,0,8,40245,"No",98218,"Yes","F","High School","Clerical",34,"Private",7920,7,"Sports Car","yes",1836,1,"No",9,8,1,"Highly Urban/ Urban"
1682,34,0,3,14,54208,"No",194465,"Yes","M","Bachelors","Professional",49,"Private",17200,1,"Van","no",0,0,"No",4,1,1,"Highly Urban/ Urban"
4111,41,1,2,14,45298,"No",189778,"Yes","M","High School","Blue Collar",5,"Commercial",16000,1,"Minivan","yes",8584,2,"No",0,1,1,"Highly Urban/ Urban"
2664,54,0,0,0,0,"No",0,"Yes","F","Bachelors","Student",49,"Commercial",6900,14,"SUV","no",0,0,"No",0,13,1,"Highly Rural/ Rural"
6990,50,0,0,11,22470,"No",0,"No","F","<High School","Student",32,"Private",13810,1,"SUV","no",5558,2,"No",9,5,1,"Highly Urban/ Urban"
7055,51,0,0,6,50049,"No",0,"No","M","High School","Blue Collar",49,"Commercial",12820,6,"Minivan","yes",0,0,"Yes",0,1,1,"Highly Urban/ Urban"
1102,32,0,1,13,57583,"No",213828,"Yes","F","High School","Blue Collar",36,"Commercial",15950,4,"SUV","no",4365,3,"No",1,9,1,"Highly Urban/ Urban"
3440,45,0,3,15,7680,"No",0,"Yes","M","<High School","Student",49,"Private",2270,1,"Minivan","yes",0,0,"No",5,5,1,"Highly Urban/ Urban"
3193,41,0,0,11,69638,"No",216395,"No","M","Masters","Manager",45,"Private",12560,1,"Minivan","yes",0,0,"No",0,19,1,"Highly Urban/ Urban"
3764,50,0,0,8,34928,"No",0,"No","F","Masters","Manager",27,"Private",12700,4,"Sports Car","no",22345,2,"No",0,13,1,"Highly Urban/ Urban"
3310,24,0,2,12,11215,"Yes",0,"No","M","High School","Student",32,"Commercial",5020,4,"Pickup","yes",1122,4,"No",8,8,1,"Highly Urban/ Urban"
4704,28,0,1,9,20852,"No",123109,"Yes","F","High School","Home Maker",5,"Private",6390,1,"Sports Car","no",8413,2,"No",3,1,1,"Highly Urban/ Urban"
1911,45,0,1,12,91347,"No",301304,"Yes","M","Masters","Manager",37,"Private",17130,7,"Van","yes",0,0,"No",0,14,1,"Highly Urban/ Urban"
61678,42,0,0,7,76034,"No",0,"No","F","High School","Blue Collar",39,"Commercial",11880,1,"SUV","no",0,0,"Yes",0,5,1,"Highly Urban/ Urban"
3348,37,0,0,12,42797,"No",0,"No","F","High School","Blue Collar",31,"Commercial",27140,1,"Minivan","no",0,0,"No",1,9,1,"Highly Urban/ Urban"
9467,37,0,0,12,14024,"No",64600,"Yes","F","<High School","Clerical",26,"Private",15820,4,"Minivan","yes",5697,4,"No",2,6,1,"Highly Urban/ Urban"
1729,34,0,0,7,18211,"No",0,"No","F","High School","Clerical",20,"Private",6720,4,"SUV","no",3050,2,"No",3,1,1,"Highly Urban/ Urban"
2912,25,0,2,12,47996,"Yes",159776,"No","M","High School","Clerical",5,"Commercial",8800,7,"Pickup","no",0,0,"No",3,9,1,"Highly Urban/ Urban"
3107,41,0,0,8,95166,"No",306407,"No","M","Bachelors","Professional",57,"Commercial",21690,6,"Van","yes",11742,3,"No",6,8,1,"Highly Urban/ Urban"
159,56,0,0,13,40355,"No",192566,"No","M","High School","Blue Collar",10,"Commercial",2690,6,"Minivan","yes",0,0,"No",0,1,1,"Highly Rural/ Rural"
920,40,0,1,11,29310,"No",118987,"Yes","M","High School","Clerical",5,"Commercial",9240,1,"Pickup","no",0,0,"Yes",1,2,1,"Highly Urban/ Urban"
3235,57,0,2,0,0,"No",82024,"Yes","F","Bachelors","Home Maker",14,"Private",1500,6,"SUV","no",8694,3,"No",1,5,1,"Highly Urban/ Urban"
3027,47,0,0,0,0,"No",52929,"Yes","F","Bachelors","Home Maker",52,"Private",6430,1,"SUV","no",8376,1,"No",6,12,1,"Highly Urban/ Urban"
3766,39,1,2,11,10666,"No",0,"Yes","F","High School","Student",10,"Private",5600,1,"SUV","no",0,0,"No",2,6,1,"Highly Urban/ Urban"
1493,44,1,1,0,0,"No",0,"Yes","M","High School","Student",20,"Commercial",8660,7,"Pickup","yes",0,0,"No",1,1,1,"Highly Urban/ Urban"
8714,38,0,2,14,57684,"Yes",189247,"No","F","Bachelors","Professional",22,"Private",5300,10,"Sports Car","no",5892,2,"No",0,17,1,"Highly Urban/ Urban"
1488,51,0,0,0,0,"No",0,"No","F","Bachelors","Home Maker",33,"Private",4270,4,"Sports Car","no",0,0,"No",5,9,1,"Highly Urban/ Urban"
6407,22,0,1,8,18632,"Yes",0,"No","F","High School","Clerical",21,"Private",10800,10,"SUV","no",0,0,"No",3,1,1,"Highly Urban/ Urban"
378,37,0,3,16,6398,"No",109751,"Yes","F","Bachelors","Home Maker",39,"Private",5840,1,"Sports Car","no",6247,4,"No",4,12,1,"Highly Urban/ Urban"
3424,41,0,0,8,54289,"No",0,"No","F","Bachelors","Blue Collar",45,"Commercial",6960,8,"SUV","no",10823,3,"No",0,14,1,"Highly Urban/ Urban"
3731,39,0,1,15,30804,"No",159351,"Yes","F","High School","Clerical",39,"Private",13140,9,"SUV","no",5101,3,"No",6,7,1,"Highly Rural/ Rural"
3504,64,0,0,10,37380,"No",0,"No","M","Masters","Lawyer",14,"Private",11640,1,"SUV","no",0,0,"No",0,15,1,"Highly Urban/ Urban"
2531,35,0,2,13,28777,"No",116463,"Yes","M","<High School","Blue Collar",37,"Commercial",7880,1,"Pickup","yes",2569,2,"No",5,1,1,"Highly Urban/ Urban"
5492,37,0,3,15,72019,"Yes",0,"No","F","Bachelors","Professional",46,"Private",12400,1,"SUV","no",1109,3,"No",8,1,1,"Highly Urban/ Urban"
2098,51,0,0,14,18282,"No",0,"Yes","F","High School","Student",61,"Commercial",17500,6,"SUV","no",0,0,"No",0,7,1,"Highly Urban/ Urban"
2275,41,0,0,11,71303,"No",213841,"No","F","Bachelors","Blue Collar",31,"Commercial",12730,1,"SUV","no",6984,2,"No",2,8,1,"Highly Urban/ Urban"
616,66,0,0,8,20443,"No",164510,"Yes","M","<High School","Blue Collar",40,"Private",1500,7,"SUV","yes",3331,1,"No",6,1,1,"Highly Urban/ Urban"
13277,55,1,1,12,5821,"No",0,"Yes","F","<High School","Student",31,"Commercial",11130,3,"SUV","no",0,0,"No",0,7,1,"Highly Rural/ Rural"
5320,41,1,1,12,61618,"No",211160,"Yes","F","Bachelors","Professional",25,"Private",13220,1,"Minivan","no",0,0,"No",4,8,1,"Highly Urban/ Urban"
4312,52,0,0,10,43539,"No",200883,"Yes","F","Masters","Lawyer",43,"Private",13290,10,"SUV","no",9667,1,"No",7,16,1,"Highly Urban/ Urban"
4127,35,0,2,14,29250,"No",159239,"Yes","F","High School","Blue Collar",45,"Commercial",9170,11,"SUV","no",1881,1,"No",8,7,1,"Highly Urban/ Urban"
7939,35,0,0,8,20950,"No",129612,"No","F","High School","Clerical",38,"Private",7960,7,"Sports Car","no",5002,1,"No",0,1,1,"Highly Urban/ Urban"
5359,33,0,4,13,29161,"No",127565,"Yes","M","High School","Clerical",21,"Commercial",24690,4,"Panel Truck","no",0,0,"Yes",0,1,1,"Highly Urban/ Urban"
6879,32,0,2,13,34368,"No",142365,"Yes","F","<High School","Blue Collar",48,"Private",7640,17,"Sports Car","no",0,0,"No",2,1,1,"Highly Urban/ Urban"
2052,59,0,0,13,61159,"No",208072,"Yes","M","Masters","",37,"Commercial",19210,6,"Van","yes",45254,2,"Yes",9,13,1,"Highly Urban/ Urban"
5818,44,0,0,11,33056,"No",171068,"No","M","Bachelors","Clerical",51,"Private",19120,3,"Minivan","no",0,0,"Yes",0,1,1,"Highly Urban/ Urban"
4369,52,0,0,13,36332,"No",0,"No","M","High School","Blue Collar",42,"Commercial",27710,1,"Panel Truck","yes",0,0,"Yes",6,1,1,"Highly Urban/ Urban"
1691,47,0,0,10,38027,"No",0,"No","M","High School","Professional",40,"Commercial",6300,7,"Pickup","yes",34506,3,"Yes",5,1,1,"Highly Urban/ Urban"
13491,35,0,2,0,0,"No",0,"Yes","F","Bachelors","Student",5,"Commercial",8920,6,"SUV","no",6031,2,"No",3,5,1,"Highly Urban/ Urban"
39687,37,0,0,11,23338,"No",152954,"Yes","F","<High School","Blue Collar",24,"Private",7530,7,"Sports Car","no",6566,2,"No",0,5,1,"Highly Urban/ Urban"
3559,32,0,1,12,13847,"No",129852,"Yes","F","High School","Clerical",44,"Private",6080,6,"SUV","no",2321,3,"No",0,10,1,"Highly Urban/ Urban"
7123,35,0,3,15,25647,"No",155005,"Yes","M","High School","Clerical",36,"Private",10710,1,"Pickup","yes",0,0,"No",2,6,1,"Highly Urban/ Urban"
32614,63,0,0,13,74789,"No",0,"No","F","Masters","Lawyer",37,"Private",15280,6,"SUV","no",2487,1,"No",8,19,1,"Highly Urban/ Urban"
7135,46,0,0,13,65075,"No",0,"No","F","Bachelors","Professional",33,"Private",12610,1,"SUV","no",5219,3,"No",5,11,1,"Highly Urban/ Urban"
6524,56,2,2,0,0,"Yes",129145,"No","F","High School","Home Maker",42,"Private",7100,1,"SUV","no",0,0,"No",6,9,1,"Highly Urban/ Urban"
1290,37,0,0,12,64563,"No",225995,"Yes","M","Masters","Professional",24,"Commercial",7960,3,"Pickup","no",0,0,"Yes",0,12,1,"Highly Urban/ Urban"
3633,42,0,0,10,21670,"No",0,"No","F","<High School","Home Maker",27,"Private",9800,6,"SUV","no",5229,2,"No",6,1,1,"Highly Urban/ Urban"
4266,49,0,0,13,32589,"No",169057,"Yes","F","High School","Professional",56,"Private",17380,6,"SUV","no",0,0,"No",0,4,1,"Highly Urban/ Urban"
1875,38,1,2,0,0,"Yes",0,"No","F","<High School","Home Maker",60,"Private",5300,4,"Sports Car","no",0,0,"No",0,4,1,"Highly Urban/ Urban"
4739,27,0,1,9,8408,"Yes",54880,"No","M","<High School","Clerical",45,"Private",19900,4,"Van","no",0,0,"No",3,6,1,"Highly Urban/ Urban"
20509,59,0,1,11,65456,"Yes",0,"No","M","Bachelors","Professional",35,"Private",17890,1,"Van","no",0,0,"No",0,7,1,"Highly Urban/ Urban"
2786,46,0,0,11,71667,"No",0,"No","F","Bachelors","Professional",53,"Private",15340,1,"SUV","no",0,0,"No",0,12,1,"Highly Urban/ Urban"
313,37,1,4,16,74246,"No",237469,"Yes","F","Bachelors","Blue Collar",40,"Commercial",11940,10,"Minivan","no",5326,2,"No",2,14,1,"Highly Urban/ Urban"
4975,34,0,3,14,113195,"Yes",296393,"No","F","PhD","Lawyer",57,"Private",4900,10,"Sports Car","no",0,0,"No",0,16,1,"Highly Urban/ Urban"
9540,54,0,0,14,80227,"No",247045,"Yes","F","Masters","Professional",23,"Private",14920,1,"SUV","no",0,0,"No",2,11,1,"Highly Urban/ Urban"
2855,38,0,0,10,26006,"No",0,"No","M","High School","Clerical",42,"Commercial",5300,1,"Pickup","no",8342,1,"No",0,8,1,"Highly Urban/ Urban"
3369,44,1,1,9,20638,"Yes",0,"No","F","<High School","Clerical",19,"Private",3560,6,"SUV","no",0,0,"No",0,7,1,"Highly Urban/ Urban"
5816,39,0,2,7,9968,"Yes",0,"No","F","Bachelors","Student",44,"Private",5500,4,"SUV","no",0,0,"No",4,10,1,"Highly Rural/ Rural"
5493,40,0,0,9,25505,"No",0,"No","F","High School","Blue Collar",40,"Commercial",17330,1,"SUV","no",0,0,"No",1,10,1,"Highly Urban/ Urban"
3000,40,1,2,15,30324,"Yes",0,"No","F","<High School","Blue Collar",27,"Private",11590,1,"SUV","no",0,0,"No",5,6,1,"Highly Urban/ Urban"
3044,42,1,1,11,4480,"Yes",0,"No","F","High School","Home Maker",50,"Private",1950,1,"SUV","no",30089,1,"Yes",4,1,1,"Highly Urban/ Urban"
4147,54,0,0,13,33791,"No",171275,"Yes","M","<High School","Clerical",63,"Private",9730,1,"Pickup","yes",41917,2,"Yes",5,1,1,"Highly Urban/ Urban"
5459,50,0,0,13,63799,"No",0,"No","M","<High School","Blue Collar",43,"Private",16050,1,"Minivan","yes",3754,1,"No",3,1,1,"Highly Urban/ Urban"
3925,43,0,0,12,77104,"No",0,"No","F","Masters","Manager",33,"Private",27330,6,"Sports Car","no",0,0,"No",0,14,1,"Highly Urban/ Urban"
4373,57,0,0,12,100769,"No",0,"No","F","Bachelors","Professional",31,"Private",11580,6,"SUV","no",6712,1,"No",4,12,1,"Highly Urban/ Urban"
2950,51,0,0,11,51605,"No",0,"No","M","<High School","Blue Collar",41,"Private",15100,4,"Minivan","yes",30605,1,"Yes",5,7,1,"Highly Urban/ Urban"
706,39,0,1,13,77889,"No",217053,"Yes","F","Bachelors","Blue Collar",44,"Commercial",9290,6,"SUV","no",0,0,"No",0,10,1,"Highly Urban/ Urban"
16798,42,0,0,12,31093,"No",159141,"Yes","F","<High School","Clerical",9,"Private",13550,10,"Sports Car","no",5029,3,"No",2,5,1,"Highly Urban/ Urban"
5275,59,0,0,13,63969,"No",187263,"No","F","High School","Blue Collar",42,"Commercial",16210,4,"Pickup","no",4733,3,"No",11,1,1,"Highly Urban/ Urban"
1338,41,0,0,13,39645,"No",150503,"Yes","F","High School","Clerical",48,"Private",20800,14,"Sports Car","no",0,0,"No",0,5,1,"Highly Urban/ Urban"
2907,60,1,2,15,151225,"No",416062,"Yes","F","PhD","Doctor",46,"Private",10560,6,"Sports Car","no",0,0,"No",3,13,1,"Highly Urban/ Urban"
5118,36,2,2,9,69434,"No",230609,"Yes","M","Bachelors","Blue Collar",49,"Private",3860,4,"Minivan","yes",3367,2,"No",0,7,1,"Highly Urban/ Urban"
5039,42,1,3,11,59800,"Yes",0,"No","M","High School","Clerical",37,"Private",11680,3,"Pickup","yes",6914,3,"No",5,1,1,"Highly Urban/ Urban"
2166,60,0,2,15,3005,"Yes",125809,"No","F","High School","Home Maker",5,"Private",11640,17,"SUV","no",0,0,"Yes",0,1,1,"Highly Urban/ Urban"
707,30,0,1,0,0,"Yes",0,"No","M","Bachelors","Student",46,"Commercial",4500,4,"Pickup","no",0,0,"Yes",1,5,1,"Highly Urban/ Urban"
774,50,0,0,13,68194,"No",0,"No","F","Bachelors","Blue Collar",69,"Commercial",13920,4,"SUV","no",3800,2,"No",2,10,1,"Highly Urban/ Urban"
6332,37,1,3,13,91450,"No",284853,"Yes","M","Bachelors","Professional",47,"Private",10650,1,"Pickup","yes",27439,2,"Yes",3,1,1,"Highly Urban/ Urban"
3554,52,0,0,11,56582,"No",0,"No","F","<High School","Clerical",47,"Private",21460,13,"SUV","no",1606,2,"No",1,6,1,"Highly Urban/ Urban"
3388,41,1,1,11,63989,"No",212477,"Yes","F","Bachelors","Manager",41,"Private",5600,1,"SUV","no",37404,2,"No",0,11,1,"Highly Urban/ Urban"
5146,37,2,2,13,141969,"Yes",0,"No","F","PhD","Manager",50,"Private",19400,3,"SUV","no",0,0,"No",3,16,1,"Highly Urban/ Urban"
2668,30,0,0,0,0,"No",0,"No","M","High School","Student",25,"Commercial",4500,1,"Pickup","yes",2409,3,"No",3,9,1,"Highly Urban/ Urban"
5349,51,0,0,14,175219,"No",477999,"Yes","F","Masters","Manager",22,"Private",6600,8,"SUV","no",0,0,"No",0,15,1,"Highly Urban/ Urban"
5836,36,0,0,0,0,"No",0,"No","F","<High School","Student",35,"Commercial",13440,10,"Pickup","no",5093,2,"No",8,1,1,"Highly Urban/ Urban"
3036,46,0,0,11,68126,"No",214584,"Yes","F","Bachelors","Professional",52,"Private",12910,1,"SUV","no",0,0,"Yes",3,6,1,"Highly Urban/ Urban"
3110,26,0,3,0,0,"No",50964,"Yes","F","Bachelors","Home Maker",42,"Private",4100,1,"SUV","no",2621,2,"No",6,8,1,"Highly Urban/ Urban"
1453,40,3,3,12,47456,"No",165012,"Yes","M","High School","Blue Collar",36,"Commercial",25920,1,"Panel Truck","no",3402,1,"No",0,5,1,"Highly Urban/ Urban"
1900,32,0,2,12,39144,"Yes",0,"No","F","<High School","Blue Collar",34,"Private",5410,4,"SUV","no",23418,3,"Yes",5,1,1,"Highly Urban/ Urban"
5443,39,0,3,16,22626,"No",60718,"Yes","F","<High School","Blue Collar",46,"Commercial",19950,1,"Pickup","no",6937,1,"No",7,7,1,"Highly Urban/ Urban"
4847,43,1,1,8,199866,"Yes",0,"No","M","Masters","",33,"Commercial",25510,6,"Panel Truck","yes",0,0,"No",1,15,1,"Highly Urban/ Urban"
3034,35,0,2,8,47797,"Yes",0,"No","F","Bachelors","Professional",23,"Private",1500,6,"SUV","no",41303,2,"Yes",4,6,1,"Highly Urban/ Urban"
6685,53,1,1,11,12824,"Yes",0,"No","F","High School","Student",48,"Commercial",16720,6,"SUV","no",9851,3,"No",8,10,1,"Highly Urban/ Urban"
1037,54,0,0,0,0,"No",111556,"No","M","Bachelors","Home Maker",26,"Commercial",11020,1,"Pickup","yes",0,0,"Yes",1,7,1,"Highly Urban/ Urban"
6386,36,0,2,12,69546,"No",186300,"Yes","F","High School","Blue Collar",33,"Commercial",12050,1,"Sports Car","no",5106,2,"No",1,1,1,"Highly Urban/ Urban"
1990,36,0,0,11,33447,"No",0,"No","M","<High School","Clerical",42,"Private",22070,7,"Van","yes",0,0,"No",0,1,1,"Highly Urban/ Urban"
6208,54,0,0,12,27354,"No",0,"No","F","Bachelors","Blue Collar",19,"Commercial",9640,1,"SUV","no",0,0,"No",2,9,1,"Highly Urban/ Urban"
19352,57,0,0,8,81767,"No",308350,"Yes","F","High School","Blue Collar",30,"Commercial",19820,1,"SUV","no",0,0,"No",0,7,1,"Highly Urban/ Urban"
4903,47,0,0,14,19779,"No",96107,"No","M","<High School","Blue Collar",50,"Commercial",25250,4,"Panel Truck","yes",0,0,"No",2,1,1,"Highly Rural/ Rural"
4296,36,0,0,9,60847,"No",211273,"No","F","Bachelors","Blue Collar",31,"Private",8560,4,"SUV","no",6295,3,"No",5,3,1,"Highly Urban/ Urban"
2777,39,0,0,11,57744,"No",213239,"Yes","F","High School","Blue Collar",45,"Commercial",11170,1,"SUV","no",0,0,"No",3,8,1,"Highly Urban/ Urban"
4298,52,0,0,10,5,"No",0,"No","M","Bachelors","Student",38,"Commercial",6700,1,"Pickup","yes",4824,3,"No",0,11,1,"Highly Urban/ Urban"
1009,41,0,3,12,48762,"No",176946,"Yes","F","High School","Clerical",26,"Private",28090,1,"Minivan","no",3996,2,"No",4,12,1,"Highly Urban/ Urban"
5723,39,0,0,4,102052,"No",237341,"No","M","PhD","Manager",21,"Private",7020,6,"Pickup","yes",0,0,"No",1,16,1,"Highly Urban/ Urban"
2446,45,2,2,10,71119,"Yes",0,"No","F","Bachelors","Clerical",43,"Private",15600,1,"Minivan","no",3534,3,"No",5,4,1,"Highly Urban/ Urban"
338,51,0,0,12,146881,"No",396556,"Yes","M","PhD","Manager",70,"Commercial",19920,1,"Van","no",0,0,"No",0,11,1,"Highly Urban/ Urban"
2257,51,0,0,15,57410,"No",231626,"Yes","F","Bachelors","Professional",34,"Private",12340,13,"SUV","no",33089,3,"No",3,4,1,"Highly Urban/ Urban"
2774,41,0,0,5,53293,"No",0,"No","F","High School","Blue Collar",46,"Commercial",6830,6,"SUV","no",0,0,"No",0,1,1,"Highly Urban/ Urban"
3997,26,0,2,13,989,"No",0,"Yes","F","<High School","Student",24,"Private",4200,10,"SUV","no",25081,2,"Yes",3,1,1,"Highly Urban/ Urban"
9388,38,2,2,0,0,"No",0,"Yes","M","High School","Student",22,"Commercial",5300,4,"Pickup","yes",0,0,"No",8,1,1,"Highly Urban/ Urban"
4229,31,0,0,5,11425,"No",0,"No","F","<High School","Clerical",40,"Private",4780,3,"SUV","no",2168,2,"No",2,6,1,"Highly Urban/ Urban"
5120,46,0,0,10,42621,"No",0,"No","F","High School","Clerical",45,"Private",10360,4,"SUV","no",7333,1,"Yes",0,1,1,"Highly Urban/ Urban"
6767,40,3,4,10,147647,"Yes",385798,"No","M","PhD","Professional",12,"Commercial",28870,3,"Panel Truck","yes",1449,2,"No",3,25,1,"Highly Urban/ Urban"
6464,29,0,3,13,24365,"Yes",0,"No","F","High School","Student",9,"Commercial",6840,7,"SUV","no",36744,1,"Yes",2,1,1,"Highly Urban/ Urban"
6515,43,2,3,12,53073,"Yes",213525,"No","F","Masters","Lawyer",39,"Private",23100,10,"Pickup","no",5328,4,"No",5,13,1,"Highly Urban/ Urban"
3840,35,0,0,10,71379,"No",0,"No","M","Bachelors","Blue Collar",34,"Commercial",22010,10,"Van","yes",31039,2,"Yes",3,9,1,"Highly Urban/ Urban"
2527,49,0,0,13,37414,"No",185993,"Yes","F","High School","Blue Collar",32,"Commercial",10260,3,"SUV","no",7105,2,"No",9,1,1,"Highly Urban/ Urban"
19970,31,0,1,9,83316,"Yes",239711,"No","F","High School","Professional",12,"Commercial",37720,6,"Panel Truck","no",0,0,"No",5,1,1,"Highly Urban/ Urban"
3291,51,0,0,7,26114,"No",0,"No","F","Masters","Lawyer",36,"Private",9780,6,"Minivan","no",1867,2,"No",0,8,1,"Highly Urban/ Urban"
4236,42,0,3,16,35586,"No",125317,"Yes","M","High School","Clerical",29,"Commercial",5060,10,"Pickup","no",24208,1,"Yes",5,1,1,"Highly Urban/ Urban"
8107,27,0,3,11,14461,"No",108046,"Yes","F","High School","Clerical",30,"Private",9990,1,"SUV","no",0,0,"Yes",2,1,1,"Highly Urban/ Urban"
5342,60,1,1,7,102339,"Yes",0,"No","F","PhD","",9,"Commercial",27420,10,"Van","no",0,0,"No",8,11,1,"Highly Urban/ Urban"
5488,46,0,0,13,26412,"No",140131,"Yes","M","High School","Clerical",43,"Commercial",10060,1,"Pickup","yes",8636,3,"No",5,7,1,"Highly Urban/ Urban"
5027,37,0,2,14,83419,"No",297024,"Yes","F","High School","Blue Collar",33,"Commercial",9840,10,"Sports Car","no",3771,3,"No",3,1,1,"Highly Urban/ Urban"
3674,42,0,1,12,80130,"No",231747,"Yes","M","High School","Blue Collar",6,"Commercial",5700,4,"Minivan","yes",34020,1,"Yes",9,1,1,"Highly Urban/ Urban"
3180,46,0,0,11,98572,"No",0,"No","M","Bachelors","Blue Collar",27,"Commercial",17020,1,"Van","no",4538,2,"No",7,10,1,"Highly Urban/ Urban"
3439,37,1,2,13,80183,"Yes",0,"No","F","Bachelors","Blue Collar",22,"Commercial",15500,4,"Minivan","no",8385,1,"No",7,12,1,"Highly Urban/ Urban"
5430,22,0,0,0,0,"No",0,"No","M","<High School","Student",22,"Private",3700,3,"Minivan","yes",0,0,"No",0,1,1,"Highly Urban/ Urban"
3736,60,0,0,0,0,"No",108148,"Yes","F","<High School","Student",30,"Private",7500,4,"SUV","no",8739,1,"No",4,1,1,"Highly Urban/ Urban"
4482,36,0,2,10,27370,"Yes",0,"No","M","High School","Blue Collar",25,"Commercial",13670,4,"Minivan","no",4318,1,"No",3,7,1,"Highly Urban/ Urban"
4278,64,0,0,14,45110,"No",178514,"Yes","M","Bachelors","Blue Collar",22,"Commercial",14860,1,"SUV","no",0,0,"No",0,9,1,"Highly Urban/ Urban"
5576,41,3,3,10,43488,"Yes",0,"No","F","<High School","Blue Collar",48,"Private",9950,11,"SUV","no",0,0,"No",4,1,1,"Highly Urban/ Urban"
20883,49,0,0,10,41068,"No",0,"No","M","High School","Blue Collar",28,"Commercial",21130,6,"Van","yes",7463,2,"No",0,1,1,"Highly Urban/ Urban"
2610,45,0,1,9,51221,"No",166715,"Yes","M","<High School","Clerical",51,"Private",16550,1,"Minivan","yes",0,0,"No",1,6,1,"Highly Urban/ Urban"
5692,32,0,1,11,6622,"No",0,"Yes","F","High School","Student",22,"Private",1500,6,"Sports Car","no",0,0,"No",0,7,1,"Highly Urban/ Urban"
4246,49,0,0,13,96057,"No",245655,"Yes","M","Bachelors","Professional",76,"Commercial",27660,6,"Panel Truck","no",0,0,"No",2,9,1,"Highly Urban/ Urban"
3124,50,0,0,14,27783,"No",0,"No","M","<High School","Blue Collar",41,"Commercial",6500,1,"Pickup","yes",8506,1,"No",1,1,1,"Highly Urban/ Urban"
1187,41,1,1,10,96166,"No",241382,"Yes","F","Masters","Lawyer",29,"Private",15220,1,"SUV","no",0,0,"Yes",1,8,1,"Highly Urban/ Urban"
295,56,0,0,9,47847,"No",178445,"Yes","F","Bachelors","Blue Collar",49,"Commercial",11880,1,"Sports Car","no",0,0,"No",4,12,1,"Highly Urban/ Urban"
1283,45,0,1,10,102765,"Yes",0,"No","F","Masters","Lawyer",43,"Private",19680,6,"Minivan","no",0,0,"No",0,17,1,"Highly Urban/ Urban"
4550,31,0,1,11,38453,"Yes",163602,"No","F","High School","Blue Collar",9,"Commercial",17360,6,"Pickup","no",8153,1,"No",8,1,1,"Highly Urban/ Urban"
4719,47,0,0,9,59233,"No",167038,"No","F","Bachelors","Blue Collar",14,"Commercial",21420,1,"Minivan","no",0,0,"No",1,8,1,"Highly Urban/ Urban"
3611,53,0,0,11,91924,"No",249756,"Yes","M","High School","Blue Collar",5,"Commercial",19330,13,"Van","no",20463,1,"Yes",3,8,1,"Highly Urban/ Urban"
7084,42,0,0,11,50009,"No",0,"No","M","Masters","",64,"Commercial",17000,1,"Van","no",0,0,"No",3,14,1,"Highly Urban/ Urban"
1131,52,0,0,12,37388,"No",0,"No","M","<High School","Blue Collar",26,"Commercial",7310,4,"Pickup","yes",19685,3,"Yes",4,1,1,"Highly Urban/ Urban"
4361,45,0,0,10,61696,"No",207862,"Yes","M","Bachelors","Professional",43,"Private",18090,4,"Van","yes",0,0,"Yes",1,12,1,"Highly Urban/ Urban"
596,38,0,0,9,70851,"No",205840,"Yes","M","High School","Clerical",48,"Private",20330,6,"Van","no",0,0,"No",0,1,1,"Highly Urban/ Urban"
7990,53,0,0,8,132536,"No",368061,"Yes","M","Bachelors","Professional",43,"Commercial",20050,1,"Van","no",0,0,"No",0,9,1,"Highly Urban/ Urban"
4446,27,0,1,12,22252,"Yes",0,"No","F","<High School","Blue Collar",33,"Private",14070,1,"SUV","no",0,0,"No",1,7,1,"Highly Urban/ Urban"
2115,48,0,0,9,118277,"No",0,"No","M","Masters","",36,"Commercial",17680,15,"Van","yes",7274,3,"No",1,18,1,"Highly Urban/ Urban"
3007,40,0,0,7,30631,"No",0,"No","M","<High School","Blue Collar",50,"Commercial",11510,4,"Pickup","yes",981,3,"No",5,1,1,"Highly Urban/ Urban"
3725,51,0,0,8,93709,"No",0,"No","M","Masters","",22,"Commercial",20770,6,"Van","yes",0,0,"No",0,19,1,"Highly Urban/ Urban"
2551,57,0,0,10,28617,"No",183202,"Yes","F","High School","Clerical",40,"Private",17850,6,"SUV","no",8579,2,"No",5,7,1,"Highly Urban/ Urban"
1206,38,0,1,12,48793,"Yes",0,"No","M","High School","Blue Collar",34,"Private",4900,4,"Pickup","yes",0,0,"No",0,6,1,"Highly Rural/ Rural"
3748,25,0,2,12,26906,"Yes",0,"No","F","High School","Clerical",10,"Private",4000,1,"Sports Car","no",23451,2,"Yes",8,8,1,"Highly Urban/ Urban"
4125,31,0,1,8,30348,"Yes",128843,"No","M","Bachelors","Clerical",47,"Private",4600,10,"Minivan","no",2118,1,"No",4,9,1,"Highly Urban/ Urban"
4519,50,0,0,7,72306,"No",193868,"Yes","M","Masters","Lawyer",57,"Private",14500,1,"Minivan","yes",9583,1,"No",0,12,1,"Highly Urban/ Urban"
39729,41,2,2,12,64957,"No",209019,"Yes","M","Masters","",47,"Commercial",12100,5,"Pickup","no",6936,2,"No",8,7,1,"Highly Urban/ Urban"
18461,52,0,0,0,0,"No",0,"No","F","PhD","Home Maker",41,"Private",6400,1,"Sports Car","no",6966,4,"No",5,11,1,"Highly Urban/ Urban"
1760,36,1,1,8,90886,"Yes",0,"No","F","Masters","Lawyer",46,"Private",30790,1,"Pickup","no",11692,1,"No",1,17,1,"Highly Urban/ Urban"
4370,52,0,0,14,7356,"No",0,"Yes","M","High School","Student",20,"Private",3030,1,"Minivan","no",6796,2,"No",0,7,1,"Highly Urban/ Urban"
3993,46,0,0,7,71869,"No",246071,"No","M","Masters","Professional",20,"Commercial",11180,17,"Pickup","no",4839,3,"No",7,15,1,"Highly Urban/ Urban"
19668,63,0,0,15,42209,"No",0,"No","M","High School","Blue Collar",22,"Commercial",16250,1,"SUV","no",6379,3,"No",8,9,1,"Highly Urban/ Urban"
6804,53,0,0,12,72537,"No",0,"No","M","Bachelors","Blue Collar",23,"Commercial",18880,1,"Van","yes",0,0,"No",3,1,1,"Highly Urban/ Urban"
2660,43,0,2,16,58158,"No",203678,"Yes","M","High School","Blue Collar",24,"Commercial",16400,6,"Minivan","yes",0,0,"No",0,1,1,"Highly Urban/ Urban"
8843,39,0,2,12,36143,"Yes",0,"No","M","High School","Clerical",44,"Private",5400,1,"Pickup","yes",0,0,"No",0,10,1,"Highly Rural/ Rural"
2091,34,0,1,0,0,"Yes",0,"No","F","High School","Home Maker",22,"Private",10510,4,"SUV","no",4422,3,"No",9,1,1,"Highly Urban/ Urban"
2186,35,0,0,12,58310,"No",0,"No","M","High School","Blue Collar",33,"Private",8470,1,"Pickup","no",0,0,"No",2,1,1,"Highly Urban/ Urban"
2635,34,0,3,5,42025,"No",138760,"Yes","M","High School","Blue Collar",38,"Commercial",4900,1,"Pickup","no",0,0,"No",0,9,1,"Highly Urban/ Urban"
3501,46,0,0,12,24139,"No",0,"No","M","<High School","Clerical",41,"Commercial",8510,4,"Pickup","no",0,0,"No",4,1,1,"Highly Urban/ Urban"
4056,39,0,0,7,36141,"No",0,"No","M","High School","Blue Collar",27,"Commercial",15820,1,"Minivan","no",0,0,"No",0,1,1,"Highly Urban/ Urban"
4715,48,0,0,13,45819,"No",161549,"Yes","M","High School","Manager",27,"Private",6080,6,"Pickup","no",25622,1,"Yes",4,9,1,"Highly Urban/ Urban"
810,36,1,2,11,33274,"Yes",0,"No","F","High School","Blue Collar",46,"Commercial",16780,6,"Minivan","no",3997,3,"Yes",7,1,1,"Highly Urban/ Urban"
3776,58,0,0,9,27917,"No",171659,"Yes","M","High School","Clerical",52,"Private",20410,1,"Minivan","yes",0,0,"Yes",3,8,1,"Highly Urban/ Urban"
2597,39,0,1,0,0,"Yes",0,"No","F","Bachelors","Student",15,"Private",19470,10,"SUV","no",0,0,"No",2,8,1,"Highly Rural/ Rural"
4052,37,0,2,12,35738,"No",138610,"Yes","F","High School","Clerical",46,"Private",12900,1,"SUV","no",0,0,"No",1,1,1,"Highly Urban/ Urban"
6932,42,2,2,8,57379,"Yes",0,"No","F","High School","Blue Collar",37,"Commercial",20040,1,"Sports Car","no",0,0,"Yes",2,1,1,"Highly Urban/ Urban"
3066,34,0,1,9,37364,"Yes",173675,"No","F","Masters","Lawyer",49,"Private",8640,8,"SUV","no",43725,3,"Yes",1,1,1,"Highly Urban/ Urban"
5453,49,1,1,12,128329,"No",380183,"Yes","F","Masters","Lawyer",44,"Private",23000,1,"Sports Car","no",1448,2,"No",6,18,1,"Highly Urban/ Urban"
2843,46,0,0,6,51624,"No",209830,"Yes","F","Masters","Home Maker",39,"Private",12850,1,"SUV","no",5863,3,"No",4,21,1,"Highly Urban/ Urban"
9117,27,0,1,11,27957,"Yes",0,"No","M","High School","Clerical",28,"Private",3770,1,"Minivan","no",5581,3,"No",2,10,1,"Highly Rural/ Rural"
6027,47,0,0,9,108776,"No",278542,"Yes","F","Bachelors","Manager",47,"Private",9150,1,"SUV","no",0,0,"No",1,2,1,"Highly Urban/ Urban"
5525,41,0,0,11,21589,"No",134865,"No","F","<High School","Clerical",55,"Private",25700,4,"Minivan","no",0,0,"No",1,1,1,"Highly Urban/ Urban"
13003,53,0,0,0,0,"No",0,"Yes","F","High School","Student",31,"Commercial",12530,6,"Minivan","no",2796,2,"No",7,4,1,"Highly Urban/ Urban"
5185,58,2,3,18,9750,"No",0,"Yes","M","<High School","Student",50,"Private",2480,1,"Minivan","yes",3741,2,"Yes",3,1,1,"Highly Urban/ Urban"
3161,33,0,4,15,37793,"Yes",0,"No","M","High School","Blue Collar",21,"Commercial",9710,10,"Pickup","yes",0,0,"No",2,13,1,"Highly Urban/ Urban"
5013,36,0,0,11,34329,"No",156793,"Yes","M","<High School","Blue Collar",56,"Commercial",8530,9,"Pickup","yes",743,2,"No",2,1,1,"Highly Urban/ Urban"
2519,39,0,0,12,33570,"No",189197,"No","M","Bachelors","Clerical",44,"Private",7410,1,"Pickup","no",0,0,"Yes",4,11,1,"Highly Rural/ Rural"
3953,26,0,3,0,0,"Yes",0,"No","M","High School","Student",41,"Commercial",4100,1,"Minivan","no",0,0,"No",3,1,1,"Highly Urban/ Urban"
10106,54,0,0,14,40862,"No",0,"No","F","Masters","Home Maker",48,"Private",20400,7,"SUV","no",0,0,"No",0,17,1,"Highly Urban/ Urban"
3207,40,0,2,14,50401,"Yes",149910,"No","F","High School","Clerical",5,"Private",14340,10,"SUV","no",7986,2,"No",4,7,1,"Highly Urban/ Urban"
2489,52,0,0,11,84438,"No",0,"No","F","Masters","Manager",65,"Private",16940,1,"Minivan","no",0,0,"No",1,17,1,"Highly Urban/ Urban"
1306,38,2,2,12,59395,"No",209595,"Yes","F","Masters","Lawyer",64,"Private",11240,1,"SUV","no",0,0,"No",0,10,1,"Highly Urban/ Urban"
2737,40,0,0,12,130381,"No",324844,"Yes","M","Masters","",20,"Commercial",5500,3,"Pickup","yes",7756,2,"No",4,20,1,"Highly Urban/ Urban"
2836,45,0,3,17,61094,"No",175634,"Yes","F","Bachelors","Blue Collar",45,"Commercial",6000,6,"SUV","no",5528,1,"No",0,10,1,"Highly Urban/ Urban"
5387,41,0,0,0,0,"No",83235,"Yes","F","Bachelors","Home Maker",40,"Private",5600,1,"SUV","no",5020,3,"No",5,11,1,"Highly Urban/ Urban"
1155,40,2,2,13,65759,"No",236449,"Yes","F","High School","Professional",53,"Private",12080,6,"Minivan","no",0,0,"No",0,1,1,"Highly Urban/ Urban"
5867,33,0,2,0,0,"No",0,"Yes","F","High School","Home Maker",32,"Private",5430,6,"SUV","no",0,0,"Yes",3,9,1,"Highly Urban/ Urban"
3455,36,0,0,11,39786,"No",0,"No","M","High School","Manager",5,"Private",15960,4,"Minivan","no",19115,2,"Yes",3,1,1,"Highly Urban/ Urban"
6855,55,0,0,14,17049,"No",86562,"Yes","M","<High School","Clerical",28,"Private",8740,10,"Minivan","yes",7153,1,"No",4,5,1,"Highly Urban/ Urban"
854,34,0,1,11,62708,"No",233154,"Yes","F","Bachelors","Professional",48,"Private",18000,16,"Pickup","no",51345,3,"Yes",1,1,1,"Highly Urban/ Urban"
4314,63,0,0,19,73121,"No",259648,"Yes","M","Masters","Lawyer",14,"Private",20840,13,"SUV","no",0,0,"Yes",0,17,1,"Highly Urban/ Urban"
531,52,0,0,15,47042,"No",191400,"No","M","High School","Blue Collar",15,"Commercial",18070,6,"Van","yes",0,0,"Yes",3,9,1,"Highly Urban/ Urban"
23805,42,0,2,13,88995,"Yes",0,"No","F","Bachelors","Blue Collar",45,"Private",25830,1,"Sports Car","no",31687,2,"Yes",2,10,1,"Highly Urban/ Urban"
2360,43,1,1,10,119341,"Yes",338327,"No","F","PhD","Lawyer",35,"Private",1500,1,"SUV","no",0,0,"No",1,15,1,"Highly Urban/ Urban"
6480,37,0,0,0,0,"No",90224,"Yes","M","High School","Student",29,"Commercial",29330,1,"Panel Truck","yes",9512,2,"No",1,1,1,"Highly Urban/ Urban"
2206,33,0,1,10,83664,"No",217763,"Yes","M","Bachelors","Blue Collar",54,"Commercial",21100,4,"Van","yes",5495,3,"No",7,8,1,"Highly Urban/ Urban"
3857,53,0,0,13,140694,"No",0,"No","M","PhD","",28,"Commercial",21750,9,"Van","yes",0,0,"No",0,17,1,"Highly Urban/ Urban"
2729,54,0,0,11,127589,"No",0,"No","F","Masters","Lawyer",58,"Private",20810,6,"Minivan","no",0,0,"No",0,15,1,"Highly Urban/ Urban"
1076,39,1,3,0,0,"Yes",0,"No","F","Bachelors","Home Maker",39,"Private",6580,1,"SUV","no",0,0,"No",0,1,1,"Highly Rural/ Rural"
6995,42,1,2,12,110128,"No",282423,"Yes","M","Bachelors","Manager",33,"Commercial",37670,1,"Panel Truck","yes",0,0,"No",0,14,1,"Highly Urban/ Urban"
4896,51,0,0,12,101859,"No",272958,"Yes","F","PhD","Professional",48,"Private",13390,4,"Sports Car","no",0,0,"Yes",0,17,1,"Highly Rural/ Rural"
2517,55,0,0,13,33519,"No",232836,"Yes","F","Bachelors","Clerical",61,"Private",14760,1,"SUV","no",0,0,"No",3,5,1,"Highly Urban/ Urban"
2513,42,3,3,12,24177,"Yes",118852,"No","F","<High School","Clerical",42,"Private",21200,13,"Minivan","no",39717,3,"Yes",4,1,1,"Highly Rural/ Rural"
3273,46,0,0,12,33635,"No",191957,"Yes","F","High School","Blue Collar",55,"Commercial",26790,7,"Minivan","no",3960,2,"No",3,8,1,"Highly Urban/ Urban"
4148,36,0,3,16,30033,"No",107743,"Yes","F","High School","Blue Collar",32,"Commercial",16310,10,"SUV","no",0,0,"Yes",0,12,1,"Highly Urban/ Urban"
1441,55,0,0,11,42304,"No",0,"No","M","Bachelors","Professional",24,"Commercial",31210,6,"Panel Truck","yes",6978,2,"No",4,1,1,"Highly Urban/ Urban"
6647,29,0,4,0,0,"No",0,"Yes","F","Bachelors","Student",38,"Commercial",20570,4,"Pickup","no",0,0,"No",2,9,1,"Highly Urban/ Urban"
5211,36,1,1,6,40570,"No",186294,"Yes","F","Bachelors","Professional",30,"Private",1500,4,"Sports Car","no",25188,2,"Yes",2,1,1,"Highly Urban/ Urban"
14585,42,3,3,15,96752,"No",274947,"Yes","M","Masters","Manager",22,"Private",13860,10,"Minivan","yes",0,0,"No",0,13,1,"Highly Urban/ Urban"
7801,42,0,1,10,134520,"Yes",342728,"No","M","Masters","Lawyer",36,"Private",5700,1,"Pickup","no",2308,1,"No",2,12,1,"Highly Urban/ Urban"
17001,17,0,0,6,40015,"No",152243,"No","M","High School","Blue Collar",50,"Commercial",23400,7,"Panel Truck","yes",2047,2,"No",7,1,1,"Highly Urban/ Urban"
3667,49,0,0,9,13394,"No",0,"No","M","<High School","Student",37,"Commercial",21190,13,"Van","yes",3653,3,"No",0,5,1,"Highly Urban/ Urban"
16678,36,3,3,14,102147,"No",270030,"Yes","M","<High School","Blue Collar",28,"Private",15310,4,"Minivan","no",6455,1,"No",2,7,1,"Highly Urban/ Urban"
5005,43,0,0,9,96399,"No",285628,"Yes","F","PhD","Manager",51,"Private",14920,1,"SUV","no",3117,4,"No",1,12,1,"Highly Urban/ Urban"
3005,31,0,0,8,67842,"No",0,"No","M","Bachelors","Blue Collar",49,"Commercial",4600,7,"Pickup","yes",0,0,"Yes",0,1,1,"Highly Urban/ Urban"
6978,45,2,3,12,72738,"Yes",0,"No","F","Bachelors","Professional",52,"Private",15420,1,"SUV","no",2448,3,"No",8,1,1,"Highly Urban/ Urban"
4933,47,0,0,13,65802,"No",262566,"Yes","F","High School","Blue Collar",31,"Private",6200,1,"SUV","no",0,0,"No",0,1,1,"Highly Urban/ Urban"
2297,38,0,0,8,52506,"No",210236,"Yes","F","High School","Professional",56,"Commercial",41570,3,"Panel Truck","no",10584,2,"No",4,10,1,"Highly Urban/ Urban"
2665,50,0,0,15,43543,"No",105982,"Yes","M","Bachelors","Blue Collar",49,"Commercial",15890,4,"Minivan","yes",0,0,"No",3,5,1,"Highly Urban/ Urban"
502,51,0,0,12,16052,"No",0,"No","M","<High School","Clerical",43,"Private",6600,4,"Minivan","no",0,0,"No",0,1,1,"Highly Urban/ Urban"
4234,34,0,1,12,91832,"No",291888,"Yes","F","Bachelors","Manager",37,"Commercial",24910,7,"Pickup","no",4317,1,"No",1,5,1,"Highly Urban/ Urban"
9136,50,0,0,14,73277,"No",205265,"No","F","High School","Blue Collar",41,"Commercial",7230,6,"SUV","no",13102,2,"No",4,9,1,"Highly Urban/ Urban"
3585,41,0,2,14,53940,"No",182684,"Yes","F","High School","Blue Collar",32,"Commercial",24510,1,"Pickup","no",24295,1,"Yes",3,1,1,"Highly Urban/ Urban"
1763,40,0,0,9,49182,"No",186066,"Yes","M","Bachelors","Blue Collar",28,"Commercial",10420,4,"Pickup","no",0,0,"No",0,13,1,"Highly Urban/ Urban"
3340,41,3,3,13,57371,"No",153181,"Yes","F","High School","Blue Collar",69,"Commercial",28600,1,"Pickup","no",1858,4,"No",3,7,1,"Highly Urban/ Urban"
18323,31,0,1,12,22654,"Yes",0,"No","F","<High School","Blue Collar",38,"Private",23250,1,"Pickup","no",0,0,"No",2,6,1,"Highly Urban/ Urban"
978,51,0,0,10,65678,"No",0,"No","M","High School","Manager",57,"Private",6600,6,"Pickup","no",0,0,"No",0,1,1,"Highly Urban/ Urban"
6780,37,0,0,11,40868,"No",0,"No","F","High School","Clerical",40,"Private",9620,6,"SUV","no",7414,1,"No",1,8,1,"Highly Urban/ Urban"
73783,37,0,0,7,61790,"No",0,"No","M","High School","Blue Collar",32,"Commercial",21460,3,"Van","no",0,0,"No",0,7,1,"Highly Urban/ Urban"
3901,48,0,0,15,134640,"No",0,"No","F","Masters","Lawyer",38,"Private",10000,4,"SUV","no",0,0,"No",3,23,1,"Highly Urban/ Urban"
980,30,0,2,0,0,"Yes",0,"No","F","High School","Student",55,"Commercial",4500,1,"SUV","no",0,0,"Yes",0,8,1,"Highly Urban/ Urban"
6003,43,1,2,11,96011,"Yes",320017,"No","F","Bachelors","Professional",39,"Private",22070,3,"SUV","no",44668,1,"Yes",0,4,1,"Highly Urban/ Urban"
4174,52,0,0,7,73574,"No",224049,"Yes","M","High School","Professional",13,"Commercial",27520,1,"Panel Truck","yes",0,0,"Yes",0,1,1,"Highly Urban/ Urban"
5301,38,1,2,13,46061,"Yes",0,"No","F","Bachelors","Clerical",39,"Private",18910,1,"Minivan","no",0,0,"No",3,9,1,"Highly Urban/ Urban"
7136,45,0,3,0,0,"No",63103,"Yes","M","<High School","Student",23,"Commercial",7640,1,"Pickup","yes",0,0,"No",0,1,1,"Highly Urban/ Urban"
2574,29,0,0,10,74202,"No",0,"No","M","Bachelors","Clerical",41,"Private",19300,4,"Van","yes",7291,2,"No",4,13,1,"Highly Urban/ Urban"
4042,36,2,3,0,0,"Yes",0,"No","M","<High School","Student",47,"Private",5100,9,"Pickup","no",7205,2,"No",1,8,1,"Highly Urban/ Urban"
4930,42,1,1,10,58489,"Yes",0,"No","F","Masters","Lawyer",9,"Private",11550,6,"SUV","no",43863,1,"Yes",1,12,1,"Highly Urban/ Urban"
1030,53,0,0,12,189052,"No",0,"No","M","PhD","Doctor",31,"Private",12550,3,"Minivan","yes",2045,4,"No",0,1,1,"Highly Urban/ Urban"
8363,33,0,1,10,23953,"Yes",0,"No","F","High School","Clerical",39,"Private",10650,8,"SUV","no",32044,1,"Yes",2,8,1,"Highly Urban/ Urban"
4979,33,0,3,0,0,"No",64786,"Yes","M","High School","Student",16,"Commercial",4800,4,"Pickup","no",0,0,"No",5,1,1,"Highly Urban/ Urban"
50818,38,1,2,13,39005,"Yes",0,"No","M","<High School","Blue Collar",45,"Commercial",9200,4,"Pickup","yes",3255,1,"No",10,1,1,"Highly Urban/ Urban"
2877,31,0,1,10,16715,"Yes",85406,"No","M","High School","Clerical",32,"Commercial",6190,6,"Pickup","no",5900,1,"No",7,1,1,"Highly Rural/ Rural"
5704,49,0,0,12,106161,"No",282961,"Yes","F","Bachelors","Blue Collar",31,"Commercial",18020,1,"SUV","no",0,0,"No",0,16,1,"Highly Urban/ Urban"
5853,38,0,2,14,25570,"Yes",0,"No","F","High School","Clerical",49,"Private",13200,7,"SUV","no",0,0,"No",6,1,1,"Highly Urban/ Urban"
6035,57,0,0,11,77631,"No",0,"No","F","High School","Manager",44,"Private",26180,7,"Pickup","no",3090,2,"No",0,1,1,"Highly Urban/ Urban"
6156,40,0,0,11,67700,"No",0,"No","F","High School","Blue Collar",16,"Commercial",12270,10,"SUV","no",5722,2,"No",6,1,1,"Highly Urban/ Urban"
4782,40,1,2,16,16641,"No",0,"Yes","M","Bachelors","Student",32,"Commercial",22930,6,"Panel Truck","yes",0,0,"No",0,10,1,"Highly Urban/ Urban"
864,43,0,0,8,66613,"No",197000,"Yes","M","Masters","",40,"Commercial",5800,5,"Pickup","yes",6646,2,"No",5,16,1,"Highly Urban/ Urban"
3075,38,0,0,12,27370,"No",111642,"Yes","M","High School","Clerical",14,"Private",22880,4,"Minivan","yes",0,0,"Yes",0,9,1,"Highly Urban/ Urban"
22285,33,0,3,0,0,"Yes",0,"No","F","<High School","Home Maker",19,"Private",15990,1,"Minivan","no",0,0,"No",2,6,1,"Highly Urban/ Urban"
2729,22,0,1,0,0,"Yes",53636,"No","F","High School","Home Maker",54,"Private",1500,18,"SUV","yes",0,0,"No",0,1,1,"Highly Urban/ Urban"
1254,33,0,2,11,19894,"No",156233,"Yes","F","High School","Blue Collar",52,"Commercial",6790,10,"Sports Car","no",16816,1,"Yes",0,7,1,"Highly Urban/ Urban"
6726,43,1,2,11,77030,"Yes",233339,"No","M","PhD","",5,"Commercial",22230,4,"Van","yes",10064,2,"No",0,21,1,"Highly Urban/ Urban"
32059,52,0,0,8,57912,"No",236693,"Yes","F","Masters","Lawyer",78,"Private",14350,6,"SUV","no",0,0,"No",0,16,1,"Highly Urban/ Urban"
2382,53,0,0,12,25698,"No",213856,"Yes","F","<High School","Clerical",25,"Private",9370,4,"SUV","no",37412,1,"Yes",0,1,1,"Highly Urban/ Urban"
4431,31,0,1,13,42492,"No",163297,"Yes","M","High School","Clerical",14,"Private",8850,1,"Pickup","yes",1109,3,"No",5,8,1,"Highly Urban/ Urban"
3636,36,0,0,13,64755,"No",244414,"Yes","M","<High School","Blue Collar",57,"Commercial",23420,4,"Panel Truck","no",3174,2,"No",4,1,1,"Highly Urban/ Urban"
5963,31,0,0,5,14195,"No",122416,"No","M","<High School","Clerical",34,"Private",5480,18,"Minivan","yes",6350,1,"No",5,1,1,"Highly Urban/ Urban"
41077,50,0,0,9,41696,"No",210765,"No","F","Bachelors","Home Maker",23,"Private",24920,1,"SUV","no",6902,1,"No",6,11,1,"Highly Urban/ Urban"
4552,31,0,1,0,0,"No",0,"Yes","M","<High School","Student",29,"Private",21390,1,"Van","yes",0,0,"No",0,1,1,"Highly Urban/ Urban"
2545,59,0,0,17,85596,"No",276908,"Yes","F","PhD","Doctor",53,"Private",15960,1,"SUV","no",0,0,"No",0,14,1,"Highly Urban/ Urban"
3111,55,0,0,12,39833,"No",156508,"Yes","F","High School","Blue Collar",32,"Private",5480,12,"Sports Car","no",8806,1,"No",3,1,1,"Highly Urban/ Urban"
4298,51,0,0,14,15732,"No",104143,"Yes","F","Bachelors","Home Maker",45,"Private",1500,1,"SUV","no",5379,3,"No",7,12,1,"Highly Urban/ Urban"
4623,50,0,0,13,40685,"No",220806,"Yes","F","High School","Clerical",65,"Private",15360,6,"SUV","no",0,0,"No",2,5,1,"Highly Urban/ Urban"
2222,37,1,2,13,31212,"No",155824,"Yes","M","High School","Clerical",36,"Private",10100,1,"Pickup","yes",11626,2,"No",0,1,1,"Highly Urban/ Urban"
4549,37,0,2,8,82971,"No",240550,"Yes","F","Masters","",40,"Commercial",23710,1,"Pickup","no",0,0,"No",2,13,1,"Highly Urban/ Urban"
6542,46,0,0,12,56006,"No",190938,"Yes","M","Bachelors","Professional",52,"Commercial",11700,6,"Pickup","yes",712,1,"No",6,8,1,"Highly Urban/ Urban"
3897,38,2,3,14,51620,"Yes",0,"No","F","High School","Blue Collar",50,"Commercial",10460,9,"Minivan","no",0,0,"Yes",0,6,1,"Highly Urban/ Urban"
6113,55,0,0,13,35916,"No",151830,"Yes","F","Bachelors","Blue Collar",31,"Commercial",17290,1,"SUV","no",46761,1,"Yes",6,5,1,"Highly Urban/ Urban"
7311,42,0,0,10,101636,"No",0,"No","F","Masters","",36,"Commercial",24890,14,"Pickup","no",1452,2,"No",7,11,1,"Highly Urban/ Urban"
5396,36,0,3,14,167971,"No",441721,"Yes","M","Bachelors","Professional",33,"Private",5100,6,"Pickup","yes",2769,1,"No",0,13,1,"Highly Urban/ Urban"
4720,41,0,0,9,21651,"No",142293,"No","F","<High School","Clerical",24,"Commercial",25640,1,"Pickup","no",0,0,"No",1,1,1,"Highly Urban/ Urban"
7534,38,0,0,9,2726,"No",0,"Yes","M","<High School","Student",51,"Private",1770,1,"Minivan","no",0,0,"No",0,1,1,"Highly Urban/ Urban"
19867,52,0,0,12,112512,"No",0,"No","M","PhD","",33,"Commercial",37550,3,"Panel Truck","yes",0,0,"No",2,14,1,"Highly Urban/ Urban"
3929,44,2,2,7,78850,"No",294899,"Yes","M","Masters","",40,"Commercial",24730,4,"Panel Truck","no",0,0,"No",0,12,1,"Highly Urban/ Urban"
4307,32,0,1,11,36179,"Yes",106892,"No","F","<High School","Clerical",12,"Private",13030,1,"Sports Car","no",0,0,"No",0,6,1,"Highly Rural/ Rural"
8697,26,0,1,12,35262,"Yes",0,"No","M","<High School","Blue Collar",25,"Private",15110,3,"Minivan","yes",0,0,"No",0,1,1,"Highly Urban/ Urban"
5143,40,1,2,11,27788,"Yes",136672,"No","M","High School","Clerical",60,"Commercial",9390,17,"Pickup","yes",0,0,"No",0,1,1,"Highly Urban/ Urban"
2899,36,0,0,10,29412,"No",149177,"Yes","M","High School","Blue Collar",45,"Commercial",23210,4,"Panel Truck","yes",1247,2,"No",5,11,1,"Highly Urban/ Urban"
4813,37,0,0,11,22632,"No",142769,"No","F","<High School","Blue Collar",56,"Private",19970,13,"Pickup","no",0,0,"Yes",1,7,1,"Highly Urban/ Urban"
2827,38,1,2,0,0,"Yes",0,"No","F","High School","Home Maker",24,"Private",5920,4,"Sports Car","no",0,0,"No",3,6,1,"Highly Urban/ Urban"
15562,50,0,0,13,34101,"No",0,"No","F","<High School","Blue Collar",15,"Private",12580,4,"SUV","no",0,0,"No",0,4,1,"Highly Urban/ Urban"
4729,33,0,1,12,40990,"No",151286,"Yes","F","High School","Blue Collar",22,"Commercial",8900,6,"Sports Car","no",0,0,"No",0,1,1,"Highly Urban/ Urban"
5583,35,0,2,12,4457,"Yes",0,"No","M","High School","Student",18,"Private",1500,4,"Minivan","yes",0,0,"No",4,1,1,"Highly Urban/ Urban"
6284,61,0,0,15,52894,"No",216569,"Yes","M","Bachelors","Blue Collar",37,"Commercial",11250,6,"SUV","no",8057,2,"No",5,6,1,"Highly Urban/ Urban"
2524,43,2,3,16,99455,"No",268736,"Yes","M","Bachelors","Professional",45,"Private",15750,11,"Minivan","yes",0,0,"Yes",0,7,1,"Highly Urban/ Urban"
5388,29,0,1,13,25294,"Yes",0,"No","M","Bachelors","Clerical",31,"Private",6930,3,"Pickup","no",9282,2,"No",1,10,1,"Highly Urban/ Urban"
4364,56,0,0,14,35735,"No",0,"No","F","<High School","Clerical",21,"Private",13760,6,"SUV","no",0,0,"No",5,5,1,"Highly Urban/ Urban"
5089,58,0,2,0,0,"No",0,"Yes","F","High School","Student",40,"Commercial",1500,11,"SUV","no",3564,2,"No",9,10,1,"Highly Urban/ Urban"
3262,44,0,0,9,34408,"No",169326,"Yes","F","High School","Blue Collar",34,"Commercial",13460,1,"Minivan","no",7250,3,"No",3,5,1,"Highly Urban/ Urban"
5822,45,0,0,14,108309,"No",0,"No","M","High School","Blue Collar",29,"Commercial",17450,12,"Van","yes",0,0,"No",1,8,1,"Highly Urban/ Urban"
4506,41,0,0,13,87333,"No",293661,"Yes","F","High School","Blue Collar",35,"Commercial",18240,1,"SUV","no",6863,1,"No",1,1,1,"Highly Urban/ Urban"
3242,61,0,0,14,62378,"No",181874,"Yes","F","Masters","Lawyer",70,"Private",15570,1,"SUV","no",3636,3,"No",8,1,1,"Highly Urban/ Urban"
3246,30,0,3,12,26315,"Yes",0,"No","M","High School","Clerical",56,"Commercial",7130,1,"Pickup","yes",0,0,"No",3,1,1,"Highly Urban/ Urban"
3651,39,1,1,9,82791,"Yes",0,"No","F","Bachelors","Blue Collar",5,"Commercial",20800,1,"Minivan","no",27444,1,"Yes",7,9,1,"Highly Urban/ Urban"
6145,31,0,1,10,115308,"No",313484,"Yes","M","Bachelors","Professional",39,"Commercial",26980,1,"Panel Truck","no",7506,2,"No",3,3,1,"Highly Urban/ Urban"
6571,41,0,0,9,173557,"No",450715,"No","M","Masters","",34,"Commercial",26570,1,"Panel Truck","yes",0,0,"No",0,15,1,"Highly Urban/ Urban"
3667,22,0,3,11,12825,"Yes",105132,"No","M","<High School","Blue Collar",28,"Commercial",9610,6,"Pickup","yes",2468,1,"No",8,1,1,"Highly Urban/ Urban"
12072,57,0,0,8,43288,"No",207205,"Yes","F","Bachelors","Professional",71,"Private",11530,1,"Sports Car","no",2333,4,"No",7,9,1,"Highly Urban/ Urban"
4909,58,1,2,15,50762,"Yes",0,"No","M","Masters","",19,"Commercial",31540,13,"Panel Truck","no",0,0,"No",2,1,1,"Highly Urban/ Urban"
3930,49,0,0,11,65659,"No",0,"No","M","Bachelors","Blue Collar",24,"Commercial",23780,1,"Panel Truck","yes",7367,1,"No",5,13,1,"Highly Urban/ Urban"
6597,32,0,1,11,42139,"No",143454,"Yes","M","High School","Blue Collar",50,"Commercial",22000,10,"Van","yes",5396,2,"No",2,7,1,"Highly Urban/ Urban"
2598,40,1,2,12,43489,"Yes",0,"No","F","High School","Clerical",44,"Private",5850,1,"Sports Car","no",0,0,"No",4,8,1,"Highly Urban/ Urban"
7407,45,0,0,10,57627,"No",0,"No","F","High School","Blue Collar",24,"Commercial",6000,3,"SUV","no",0,0,"No",6,1,1,"Highly Urban/ Urban"
2723,41,2,2,15,173572,"No",447608,"Yes","F","Masters","Lawyer",34,"Private",24180,1,"SUV","no",10877,1,"No",5,25,1,"Highly Urban/ Urban"
3136,44,1,3,15,31728,"Yes",0,"No","F","High School","Clerical",28,"Private",9070,6,"SUV","no",5897,3,"No",5,1,1,"Highly Urban/ Urban"
4517,30,0,0,13,67793,"No",221399,"Yes","F","Bachelors","Blue Collar",35,"Commercial",10730,6,"SUV","no",0,0,"Yes",2,14,1,"Highly Urban/ Urban"
4805,73,0,0,14,164088,"No",0,"No","F","PhD","Doctor",38,"Private",8800,9,"Sports Car","no",3338,3,"No",8,20,1,"Highly Urban/ Urban"
3146,31,0,2,13,33470,"Yes",107174,"No","M","High School","Clerical",54,"Commercial",4850,17,"Pickup","yes",0,0,"No",4,1,1,"Highly Rural/ Rural"
1245,37,1,2,11,3081,"Yes",0,"No","M","High School","Student",43,"Private",1500,6,"Minivan","yes",0,0,"No",0,1,1,"Highly Rural/ Rural"
960,35,0,1,0,0,"Yes",110883,"No","F","High School","Home Maker",50,"Private",5000,9,"SUV","no",5456,3,"No",2,9,1,"Highly Urban/ Urban"
4649,36,0,0,5,16034,"No",0,"No","F","<High School","Blue Collar",42,"Private",7940,1,"SUV","no",9459,1,"No",1,1,1,"Highly Urban/ Urban"
3329,27,0,1,13,123062,"Yes",0,"No","M","Masters","",25,"Commercial",23590,1,"Panel Truck","yes",4441,2,"No",0,19,1,"Highly Urban/ Urban"
4017,43,2,3,14,31713,"No",147621,"Yes","M","Masters","",16,"Commercial",26940,7,"Panel Truck","no",0,0,"No",0,11,1,"Highly Urban/ Urban"
5982,54,0,0,0,0,"No",0,"No","F","Bachelors","Home Maker",40,"Private",6900,10,"SUV","no",42642,1,"Yes",2,1,1,"Highly Urban/ Urban"
3702,42,3,3,0,0,"No",0,"Yes","M","High School","Student",47,"Commercial",5800,1,"Pickup","yes",0,0,"No",1,11,1,"Highly Urban/ Urban"
7261,53,0,0,15,57836,"No",0,"No","F","High School","Professional",73,"Private",16080,6,"SUV","no",5935,1,"No",8,1,1,"Highly Urban/ Urban"
9187,52,0,0,11,137357,"No",327227,"No","F","Masters","Lawyer",11,"Private",19960,4,"Pickup","no",8306,3,"No",0,18,1,"Highly Urban/ Urban"
1333,28,0,1,14,61941,"No",196239,"Yes","F","Masters","",50,"Private",10490,6,"Sports Car","no",41137,1,"Yes",5,11,1,"Highly Urban/ Urban"
6290,59,0,0,14,119537,"No",360697,"Yes","F","PhD","Professional",26,"Commercial",48380,4,"Panel Truck","no",0,0,"Yes",1,20,1,"Highly Urban/ Urban"
3237,49,0,0,13,123574,"No",347009,"Yes","M","PhD","Manager",53,"Commercial",31000,1,"Panel Truck","yes",4344,2,"No",0,14,1,"Highly Urban/ Urban"
2421,33,0,3,14,6607,"No",0,"Yes","M","<High School","Clerical",9,"Private",12580,6,"Minivan","yes",0,0,"No",1,1,1,"Highly Urban/ Urban"
6857,53,0,0,10,72291,"No",0,"No","M","Masters","Lawyer",9,"Private",14310,6,"Minivan","yes",8013,1,"No",5,18,1,"Highly Urban/ Urban"
1850,55,0,0,8,149254,"No",409592,"Yes","M","PhD","",64,"Commercial",21930,1,"Van","yes",6413,2,"No",5,19,1,"Highly Urban/ Urban"
24494,35,0,3,13,48386,"Yes",138283,"No","M","Bachelors","Clerical",5,"Commercial",9840,11,"Pickup","no",38832,2,"Yes",1,12,1,"Highly Urban/ Urban"
856,39,0,0,10,82598,"No",0,"No","F","High School","Blue Collar",39,"Commercial",5600,1,"SUV","no",0,0,"Yes",2,10,1,"Highly Urban/ Urban"
9663,67,0,0,13,97259,"No",313615,"Yes","M","PhD","Doctor",17,"Private",27570,6,"SUV","no",1451,4,"No",5,1,1,"Highly Urban/ Urban"
5837,51,0,0,12,38724,"No",159866,"Yes","F","<High School","Blue Collar",33,"Private",5370,7,"SUV","no",0,0,"Yes",1,9,1,"Highly Urban/ Urban"
1762,44,0,0,10,155143,"No",368111,"Yes","M","Masters","",39,"Commercial",23630,1,"Panel Truck","yes",8599,3,"No",0,13,1,"Highly Urban/ Urban"
3783,56,0,2,15,44022,"No",0,"Yes","F","Bachelors","Student",41,"Private",14670,4,"Sports Car","no",8818,2,"No",0,13,1,"Highly Urban/ Urban"
1630,36,1,3,0,0,"No",70259,"Yes","F","<High School","Student",31,"Private",6410,1,"Sports Car","no",0,0,"No",1,1,1,"Highly Urban/ Urban"
5567,46,0,0,9,35586,"No",168624,"No","M","<High School","Clerical",40,"Commercial",6620,1,"Pickup","no",3627,1,"No",8,1,1,"Highly Urban/ Urban"
1834,37,0,0,11,93766,"No",0,"No","M","Bachelors","Professional",17,"Commercial",7060,6,"Pickup","yes",1757,2,"No",6,6,1,"Highly Urban/ Urban"
5850,59,0,0,0,0,"No",145884,"No","F","High School","Student",13,"Commercial",7400,1,"Sports Car","no",5259,1,"No",1,8,1,"Highly Urban/ Urban"
2940,32,0,2,10,52466,"No",187881,"Yes","M","Bachelors","Clerical",27,"Commercial",6750,7,"Pickup","yes",582,3,"No",3,10,1,"Highly Urban/ Urban"
5588,41,2,3,14,13393,"No",125873,"Yes","F","<High School","Clerical",31,"Private",5600,3,"SUV","no",1479,2,"No",5,7,1,"Highly Urban/ Urban"
1042,29,0,1,12,142531,"Yes",0,"No","M","Masters","Professional",39,"Private",20040,7,"Van","no",5077,2,"No",2,12,1,"Highly Urban/ Urban"
5173,25,0,3,15,71892,"No",211306,"Yes","F","High School","Blue Collar",21,"Commercial",27470,6,"Pickup","no",3340,2,"No",6,9,1,"Highly Urban/ Urban"
1493,46,0,0,0,0,"No",0,"No","M","High School","Student",23,"Commercial",17380,4,"Van","yes",0,0,"No",3,1,1,"Highly Rural/ Rural"
3900,32,0,2,11,111655,"Yes",0,"No","F","Masters","",41,"Private",18430,4,"SUV","no",0,0,"No",1,25,1,"Highly Urban/ Urban"
2002,53,0,0,9,30047,"No",117269,"Yes","F","High School","Clerical",28,"Private",9800,1,"SUV","no",0,0,"No",0,9,1,"Highly Urban/ Urban"
3742,37,0,0,12,50556,"No",186221,"No","F","High School","Blue Collar",37,"Commercial",6180,7,"SUV","no",0,0,"No",0,1,1,"Highly Urban/ Urban"
2921,45,0,2,13,46458,"No",240926,"Yes","F","High School","Blue Collar",41,"Commercial",14250,10,"SUV","no",0,0,"Yes",0,1,1,"Highly Urban/ Urban"
4281,56,0,0,14,58247,"No",190172,"Yes","M","High School","Clerical",42,"Private",18150,1,"Van","no",1380,3,"No",1,10,1,"Highly Urban/ Urban"
29613,45,0,0,13,48319,"No",205802,"Yes","M","Bachelors","Blue Collar",34,"Commercial",10830,1,"Pickup","no",6170,2,"No",4,10,1,"Highly Urban/ Urban"
1431,43,0,0,0,0,"No",0,"No","F","High School","Home Maker",27,"Private",5990,7,"Sports Car","no",0,0,"No",0,1,1,"Highly Urban/ Urban"
2722,36,0,0,11,23372,"No",0,"No","M","Bachelors","Student",15,"Commercial",7180,1,"Pickup","yes",0,0,"No",0,10,1,"Highly Rural/ Rural"
5509,54,0,0,12,9123,"No",120711,"Yes","M","High School","Student",20,"Private",3320,6,"Minivan","yes",7499,2,"No",0,7,1,"Highly Urban/ Urban"
18883,31,0,1,11,29644,"No",148568,"Yes","F","High School","Clerical",32,"Private",34880,13,"SUV","no",46912,1,"Yes",2,9,1,"Highly Urban/ Urban"
3183,41,0,2,13,35256,"No",159003,"Yes","F","High School","Clerical",59,"Private",11010,1,"SUV","no",3603,1,"No",3,6,1,"Highly Urban/ Urban"
4276,59,2,2,15,134778,"No",404248,"Yes","M","Masters","Manager",41,"Commercial",26910,1,"Panel Truck","yes",0,0,"No",3,16,1,"Highly Urban/ Urban"
6050,42,0,3,17,24865,"No",152293,"Yes","F","<High School","Blue Collar",35,"Private",8580,1,"SUV","no",1143,1,"No",4,7,1,"Highly Urban/ Urban"
1398,32,0,1,8,8659,"Yes",0,"No","F","High School","Home Maker",43,"Private",14460,1,"SUV","no",31073,1,"Yes",0,1,1,"Highly Urban/ Urban"
3225,22,0,1,10,20646,"Yes",0,"No","M","Bachelors","Clerical",68,"Private",5760,7,"Minivan","yes",3409,2,"No",11,10,1,"Highly Urban/ Urban"
6188,23,0,3,6,5822,"Yes",0,"No","F","Masters","",11,"Private",4380,6,"SUV","no",11027,3,"No",8,16,1,"Highly Urban/ Urban"
2132,60,0,2,19,29176,"No",167334,"Yes","M","<High School","Clerical",51,"Commercial",17790,11,"Van","yes",0,0,"Yes",0,1,1,"Highly Urban/ Urban"
4961,44,0,2,14,20676,"No",148332,"Yes","F","High School","Professional",51,"Private",3570,1,"SUV","no",0,0,"No",0,9,1,"Highly Urban/ Urban"
3568,43,0,0,0,0,"No",0,"No","M","High School","Student",19,"Commercial",13890,1,"Minivan","yes",1501,1,"No",1,4,1,"Highly Urban/ Urban"
3501,42,2,3,15,96537,"No",306515,"Yes","M","PhD","Lawyer",39,"Private",15350,3,"Minivan","yes",5734,1,"No",0,1,1,"Highly Urban/ Urban"
2793,49,0,0,11,214189,"No",0,"No","M","PhD","",17,"Commercial",18350,3,"Van","yes",4004,1,"No",0,12,1,"Highly Urban/ Urban"
1748,52,0,0,14,63482,"No",226408,"Yes","M","Masters","",51,"Commercial",17280,6,"Van","yes",0,0,"No",4,18,1,"Highly Urban/ Urban"
755,30,0,0,10,27803,"No",0,"No","F","High School","Clerical",41,"Private",4500,1,"SUV","no",6351,4,"No",0,8,1,"Highly Urban/ Urban"
1205,41,2,3,8,88887,"Yes",265793,"No","F","High School","Blue Collar",31,"Commercial",30190,10,"SUV","no",0,0,"Yes",1,8,1,"Highly Urban/ Urban"
39672,37,0,2,12,46661,"Yes",164362,"No","F","High School","Blue Collar",26,"Commercial",15120,3,"SUV","no",2977,3,"No",8,1,1,"Highly Urban/ Urban"
3292,60,1,2,12,44830,"Yes",187429,"No","M","High School","Professional",35,"Private",20040,4,"Minivan","yes",6456,3,"No",1,8,1,"Highly Urban/ Urban"
3091,45,0,3,15,12158,"Yes",0,"No","F","<High School","Clerical",22,"Private",22410,3,"Minivan","no",3636,1,"No",5,1,1,"Highly Urban/ Urban"
6801,47,0,0,14,19483,"No",81685,"Yes","M","High School","Clerical",54,"Private",9150,4,"Pickup","no",20115,1,"Yes",6,3,1,"Highly Urban/ Urban"
44916,16,0,0,10,50100,"No",158926,"No","M","High School","Blue Collar",41,"Commercial",19430,1,"Van","yes",0,0,"No",2,7,1,"Highly Urban/ Urban"
3158,33,0,4,14,21746,"No",124207,"Yes","F","<High School","Blue Collar",41,"Private",15050,1,"SUV","no",3246,2,"No",1,2,1,"Highly Urban/ Urban"
4052,49,0,0,0,0,"No",0,"Yes","M","<High School","Student",23,"Commercial",11610,10,"Pickup","no",3996,1,"No",5,1,1,"Highly Urban/ Urban"
1145,52,0,0,10,43546,"No",0,"No","M","<High School","Blue Collar",46,"Private",6700,1,"Pickup","no",0,0,"No",0,1,1,"Highly Urban/ Urban"
5064,38,0,3,17,77830,"No",157793,"Yes","F","High School","Blue Collar",58,"Commercial",8030,3,"SUV","no",9937,3,"No",0,11,1,"Highly Urban/ Urban"
2557,36,0,1,13,39811,"No",139551,"Yes","F","High School","Blue Collar",22,"Commercial",16260,4,"SUV","no",3416,4,"No",3,4,1,"Highly Urban/ Urban"
2474,39,0,3,12,69394,"Yes",0,"No","F","PhD","Lawyer",52,"Private",9720,1,"SUV","no",0,0,"Yes",0,13,1,"Highly Urban/ Urban"
4847,42,0,0,11,73762,"No",262869,"Yes","F","High School","Blue Collar",53,"Commercial",27210,7,"SUV","no",1372,2,"No",4,1,1,"Highly Urban/ Urban"
6325,55,0,0,10,42680,"No",205108,"Yes","M","Bachelors","Blue Collar",25,"Commercial",25430,21,"Panel Truck","no",4564,3,"No",0,8,1,"Highly Urban/ Urban"
5374,27,0,3,12,78418,"Yes",224245,"No","F","High School","Professional",5,"Private",21860,1,"SUV","no",4740,3,"No",0,8,1,"Highly Urban/ Urban"
4032,27,0,1,11,118870,"Yes",0,"No","M","Masters","",33,"Private",32880,6,"Minivan","yes",7861,2,"No",0,16,1,"Highly Urban/ Urban"
1870,48,0,0,14,64798,"No",231016,"Yes","F","High School","Blue Collar",37,"Commercial",12780,1,"SUV","no",5244,1,"No",5,10,1,"Highly Urban/ Urban"
2478,58,0,0,13,84376,"No",279277,"Yes","M","Masters","",30,"Commercial",22620,6,"Panel Truck","yes",4497,3,"No",7,12,1,"Highly Urban/ Urban"
5250,52,0,0,9,87455,"No",247728,"Yes","F","Bachelors","Professional",11,"Private",26010,7,"Minivan","no",0,0,"No",0,7,1,"Highly Urban/ Urban"
5157,49,0,0,0,0,"No",0,"Yes","M","High School","Student",28,"Commercial",14900,1,"Minivan","no",0,0,"Yes",2,11,1,"Highly Urban/ Urban"
1858,27,0,1,10,20972,"Yes",0,"No","F","Bachelors","Student",28,"Commercial",6640,15,"Sports Car","no",7186,3,"No",2,8,1,"Highly Urban/ Urban"
2298,33,0,0,5,12067,"No",119691,"Yes","F","<High School","Clerical",19,"Private",3870,6,"SUV","no",3608,4,"No",5,1,1,"Highly Urban/ Urban"
3663,34,0,0,9,15363,"No",0,"No","M","<High School","Blue Collar",27,"Commercial",18660,1,"Van","yes",0,0,"Yes",3,1,1,"Highly Urban/ Urban"
4390,60,0,0,15,1007,"No",0,"Yes","F","Bachelors","Student",24,"Private",10800,6,"SUV","no",7378,1,"No",4,4,1,"Highly Urban/ Urban"
4412,35,0,0,9,46255,"No",0,"No","M","High School","Manager",37,"Commercial",21180,4,"Van","no",8194,2,"No",2,1,1,"Highly Urban/ Urban"
6315,47,0,0,14,52891,"No",232693,"Yes","F","High School","Blue Collar",44,"Commercial",6200,1,"SUV","no",8352,2,"No",10,10,1,"Highly Urban/ Urban"
4905,45,2,2,10,75209,"Yes",0,"No","M","Masters","Lawyer",37,"Private",15480,1,"Minivan","yes",0,0,"No",5,14,1,"Highly Urban/ Urban"
2856,61,0,0,3,23111,"No",198141,"No","F","High School","Clerical",40,"Private",11380,1,"Sports Car","no",0,0,"No",5,1,1,"Highly Urban/ Urban"
7865,43,3,4,10,71905,"Yes",191685,"No","F","High School","Blue Collar",19,"Commercial",19810,10,"Pickup","no",0,0,"Yes",1,8,1,"Highly Urban/ Urban"
1718,32,0,4,0,0,"Yes",0,"No","F","High School","Student",15,"Commercial",20430,4,"Sports Car","no",0,0,"No",1,1,1,"Highly Urban/ Urban"
2357,32,0,2,11,21357,"Yes",0,"No","M","<High School","Clerical",48,"Private",3640,3,"Minivan","yes",8037,2,"No",7,1,1,"Highly Urban/ Urban"
5900,41,0,0,13,57615,"No",181310,"Yes","M","Bachelors","Blue Collar",37,"Commercial",11360,1,"Pickup","yes",0,0,"No",6,9,1,"Highly Urban/ Urban"
3642,45,1,2,8,48819,"No",198108,"Yes","F","Bachelors","Blue Collar",17,"Commercial",19880,1,"Sports Car","no",0,0,"Yes",0,13,1,"Highly Urban/ Urban"
3625,41,1,1,13,94116,"Yes",263819,"No","M","Masters","Professional",18,"Commercial",24650,15,"Panel Truck","no",0,0,"No",3,14,1,"Highly Urban/ Urban"
3752,57,0,3,19,95811,"Yes",0,"No","M","Masters","",29,"Commercial",21100,1,"Van","yes",0,0,"No",2,17,1,"Highly Urban/ Urban"
45987,45,0,0,14,35403,"No",184059,"Yes","F","<High School","Blue Collar",44,"Private",9540,10,"SUV","no",0,0,"No",0,7,1,"Highly Urban/ Urban"
878,47,0,0,11,85729,"No",254068,"Yes","F","Bachelors","Professional",33,"Private",10550,4,"SUV","no",6730,2,"No",0,16,1,"Highly Urban/ Urban"
7628,39,2,2,13,25444,"Yes",0,"No","M","High School","Clerical",5,"Commercial",11950,10,"Pickup","no",0,0,"No",5,1,1,"Highly Urban/ Urban"
4036,31,0,1,3,19230,"Yes",0,"No","F","Bachelors","Student",31,"Commercial",18250,6,"SUV","no",2039,2,"No",1,9,1,"Highly Urban/ Urban"
6892,50,0,0,0,0,"No",61314,"Yes","F","Bachelors","Home Maker",35,"Private",18050,10,"SUV","no",3485,1,"No",0,12,1,"Highly Urban/ Urban"
5059,34,0,3,15,42284,"Yes",0,"No","F","High School","Blue Collar",37,"Commercial",9130,4,"SUV","no",3922,1,"No",0,7,1,"Highly Urban/ Urban"
991,43,3,3,0,0,"No",0,"Yes","M","High School","Student",47,"Private",5800,3,"Pickup","yes",5820,3,"No",6,1,1,"Highly Urban/ Urban"
5579,41,2,2,9,93150,"Yes",274760,"No","M","High School","Manager",49,"Commercial",10810,4,"Pickup","no",6985,1,"No",2,1,1,"Highly Urban/ Urban"
4080,40,0,0,12,37128,"No",175125,"Yes","M","High School","Professional",52,"Private",14620,6,"Minivan","no",4728,3,"No",0,8,1,"Highly Urban/ Urban"
5674,40,0,2,10,50700,"Yes",0,"No","F","High School","Blue Collar",15,"Commercial",10570,17,"SUV","no",0,0,"No",0,6,1,"Highly Urban/ Urban"
2240,44,0,3,11,70452,"Yes",0,"No","F","High School","Clerical",33,"Private",12950,1,"SUV","no",0,0,"Yes",3,1,1,"Highly Urban/ Urban"
4104,60,0,0,12,249589,"No",559258,"No","F","PhD","",41,"Commercial",62240,3,"Panel Truck","no",0,0,"No",0,14,1,"Highly Urban/ Urban"
4522,35,0,2,13,58228,"Yes",0,"No","F","High School","Professional",30,"Private",12460,4,"Minivan","no",0,0,"No",0,7,1,"Highly Urban/ Urban"
7205,40,0,3,14,18886,"No",148097,"Yes","F","<High School","Home Maker",26,"Private",7390,11,"Sports Car","no",0,0,"No",2,6,1,"Highly Urban/ Urban"
2870,57,0,2,17,76123,"No",287747,"Yes","F","High School","Blue Collar",28,"Commercial",14810,1,"SUV","no",0,0,"Yes",0,8,1,"Highly Urban/ Urban"
4447,61,0,0,9,59563,"No",233352,"Yes","M","Bachelors","Professional",18,"Private",9470,6,"SUV","yes",35070,2,"Yes",0,11,1,"Highly Urban/ Urban"
1937,51,0,0,11,52967,"No",0,"No","F","High School","Blue Collar",11,"Commercial",11900,7,"SUV","no",0,0,"Yes",1,1,1,"Highly Urban/ Urban"
4431,49,0,0,14,116587,"No",319596,"Yes","F","Bachelors","Blue Collar",45,"Commercial",30520,1,"Pickup","no",8514,1,"No",6,12,1,"Highly Urban/ Urban"
2040,42,1,1,11,52898,"Yes",0,"No","M","High School","Blue Collar",19,"Commercial",26620,1,"Panel Truck","yes",3950,3,"No",6,1,1,"Highly Urban/ Urban"
6570,43,0,0,13,67891,"No",199571,"Yes","F","Masters","Manager",22,"Private",8290,1,"SUV","no",0,0,"No",0,8,1,"Highly Urban/ Urban"
3040,44,0,0,5,51172,"No",177812,"Yes","F","Bachelors","Professional",52,"Private",14870,7,"SUV","no",5817,2,"No",2,9,1,"Highly Urban/ Urban"
6295,41,0,1,12,46874,"Yes",0,"No","F","Bachelors","Professional",51,"Commercial",23560,1,"Pickup","no",0,0,"No",0,1,1,"Highly Urban/ Urban"
14604,46,0,0,12,6576,"No",144646,"Yes","F","High School","Home Maker",48,"Private",24930,1,"Pickup","no",23060,1,"Yes",6,1,1,"Highly Urban/ Urban"
2932,37,0,0,11,27509,"No",0,"No","M","<High School","Blue Collar",38,"Commercial",22610,10,"Panel Truck","no",812,1,"No",10,1,1,"Highly Urban/ Urban"
2974,34,0,0,0,0,"No",121949,"No","F","Bachelors","Home Maker",66,"Private",6010,6,"SUV","no",6682,3,"No",2,9,1,"Highly Urban/ Urban"
3531,46,0,0,8,35995,"No",0,"No","M","Masters","Professional",58,"Commercial",5100,1,"Pickup","no",0,0,"Yes",0,12,1,"Highly Urban/ Urban"
3373,24,0,1,10,5427,"No",0,"Yes","M","High School","Student",23,"Commercial",24630,7,"Panel Truck","yes",24546,1,"Yes",11,5,1,"Highly Urban/ Urban"
3604,63,0,0,0,0,"No",111129,"Yes","F","PhD","Home Maker",33,"Private",7800,6,"Sports Car","no",6181,2,"No",1,15,1,"Highly Urban/ Urban"
4496,49,0,0,11,99488,"No",0,"No","M","Masters","Lawyer",56,"Private",16350,3,"Van","no",8692,2,"No",11,16,1,"Highly Urban/ Urban"
3269,33,0,0,10,34682,"No",183265,"No","F","High School","Blue Collar",22,"Private",6380,3,"Sports Car","no",1564,2,"No",0,10,1,"Highly Urban/ Urban"
4566,38,0,0,10,59578,"No",0,"No","M","Bachelors","Blue Collar",51,"Commercial",11260,4,"Pickup","yes",5436,3,"No",0,10,1,"Highly Urban/ Urban"
2956,45,0,0,0,0,"No",108137,"Yes","F","High School","Home Maker",50,"Private",12140,1,"SUV","no",0,0,"No",0,1,1,"Highly Urban/ Urban"
2432,64,0,0,5,46598,"No",180231,"No","F","Masters","Lawyer",27,"Private",12560,4,"Sports Car","no",0,0,"No",3,1,1,"Highly Urban/ Urban"
5899,43,0,0,0,0,"No",76613,"No","F","<High School","Home Maker",45,"Private",5800,7,"SUV","no",0,0,"No",0,1,1,"Highly Rural/ Rural"
2392,43,3,4,13,42554,"Yes",0,"No","F","<High School","Clerical",22,"Private",10060,6,"SUV","no",27746,4,"Yes",2,7,1,"Highly Urban/ Urban"
3127,48,0,0,11,106668,"No",247751,"Yes","M","Bachelors","Professional",29,"Private",16970,8,"Van","no",0,0,"No",0,9,1,"Highly Urban/ Urban"
868,38,0,0,0,0,"No",0,"No","M","Bachelors","Home Maker",75,"Commercial",6570,4,"Pickup","no",0,0,"No",0,1,1,"Highly Urban/ Urban"
2136,31,0,1,7,3594,"No",0,"Yes","M","High School","Student",26,"Commercial",4960,7,"Pickup","yes",0,0,"Yes",0,8,1,"Highly Urban/ Urban"
663,40,2,2,14,58000,"No",244016,"Yes","F","Bachelors","Clerical",31,"Private",15150,14,"SUV","no",1190,2,"No",0,1,1,"Highly Urban/ Urban"
3361,47,0,0,10,52412,"No",0,"No","M","<High School","Blue Collar",5,"Commercial",20110,1,"Van","no",1455,3,"Yes",0,1,1,"Highly Urban/ Urban"
2885,32,0,0,0,0,"No",0,"No","F","Masters","Home Maker",49,"Private",12790,13,"Minivan","no",4514,4,"No",9,18,1,"Highly Urban/ Urban"
1026,32,0,2,10,27053,"Yes",137180,"No","M","<High School","Blue Collar",10,"Private",4210,1,"Minivan","no",0,0,"No",5,5,1,"Highly Urban/ Urban"
1452,43,0,3,0,0,"No",0,"Yes","F","High School","Student",24,"Commercial",5800,13,"Sports Car","no",8566,2,"No",6,1,1,"Highly Urban/ Urban"
3318,60,0,0,17,38391,"No",137071,"Yes","F","High School","Blue Collar",47,"Commercial",5340,6,"SUV","no",7108,2,"No",3,1,1,"Highly Urban/ Urban"
8748,35,0,1,13,22021,"Yes",0,"No","F","High School","Clerical",10,"Private",14360,4,"SUV","no",0,0,"No",1,1,1,"Highly Urban/ Urban"
3965,57,0,1,14,18775,"No",182712,"Yes","F","Masters","Home Maker",68,"Private",9080,1,"Sports Car","no",10842,2,"No",4,14,1,"Highly Rural/ Rural"
3535,36,0,0,11,158,"No",0,"Yes","M","High School","Student",33,"Commercial",10510,6,"Pickup","yes",38190,2,"Yes",7,12,1,"Highly Urban/ Urban"
1646,55,0,0,12,26088,"No",0,"No","M","<High School","Blue Collar",40,"Private",5220,7,"Pickup","yes",2158,3,"No",2,6,1,"Highly Urban/ Urban"
5261,48,0,0,12,13023,"No",154122,"Yes","F","<High School","Clerical",37,"Private",9550,1,"Sports Car","no",7000,1,"No",1,8,1,"Highly Urban/ Urban"
2265,36,0,1,9,72167,"Yes",0,"No","M","Bachelors","Professional",24,"Commercial",18550,1,"Van","yes",725,2,"No",4,14,1,"Highly Urban/ Urban"
3265,46,0,0,10,21534,"No",90467,"No","F","<High School","Blue Collar",27,"Private",24360,1,"SUV","no",32589,1,"Yes",3,1,1,"Highly Urban/ Urban"
5457,38,0,4,14,40248,"No",166402,"Yes","M","High School","Blue Collar",42,"Commercial",20280,1,"Van","no",4162,3,"No",7,9,1,"Highly Urban/ Urban"
6228,50,0,0,13,35097,"No",159912,"No","F","<High School","Clerical",21,"Private",15690,1,"Sports Car","no",0,0,"Yes",0,1,1,"Highly Urban/ Urban"
4685,39,0,0,8,28924,"No",140957,"Yes","M","<High School","Clerical",26,"Commercial",28000,7,"Panel Truck","yes",0,0,"No",1,6,1,"Highly Urban/ Urban"
539,37,0,3,14,40924,"Yes",203314,"No","M","High School","Blue Collar",12,"Commercial",9290,1,"Pickup","yes",4567,3,"No",0,1,1,"Highly Urban/ Urban"
4696,50,0,0,12,47991,"No",214996,"No","F","Bachelors","Blue Collar",53,"Commercial",11300,6,"SUV","no",2159,1,"No",0,9,1,"Highly Urban/ Urban"
2355,42,0,0,10,41293,"No",0,"No","F","High School","Clerical",48,"Private",5700,10,"SUV","no",0,0,"No",0,8,1,"Highly Urban/ Urban"
3065,41,0,0,6,9536,"No",0,"No","M","<High School","Blue Collar",30,"Private",6550,4,"Pickup","no",0,0,"No",0,1,1,"Highly Urban/ Urban"
32203,46,0,0,7,50252,"No",182910,"Yes","M","Masters","",63,"Commercial",18050,7,"Van","yes",9351,2,"No",5,1,1,"Highly Urban/ Urban"
1280,42,1,1,12,14705,"Yes",97885,"No","F","High School","Home Maker",45,"Private",11020,4,"SUV","no",0,0,"No",0,5,1,"Highly Urban/ Urban"
3007,57,0,0,8,81767,"No",308350,"Yes","F","High School","Blue Collar",30,"Commercial",15570,4,"SUV","no",4734,2,"No",7,7,1,"Highly Urban/ Urban"
4539,25,0,1,9,71207,"No",202437,"Yes","M","Bachelors","Professional",19,"Commercial",23910,7,"Panel Truck","yes",548,2,"No",7,12,1,"Highly Urban/ Urban"
2727,59,1,2,14,27823,"No",161744,"Yes","F","Masters","Home Maker",49,"Private",3950,6,"SUV","no",0,0,"No",0,9,1,"Highly Rural/ Rural"
7893,38,0,1,17,14098,"No",60733,"Yes","F","<High School","Clerical",27,"Private",6710,10,"Sports Car","no",3545,2,"No",0,1,1,"Highly Urban/ Urban"
2078,46,0,0,7,60551,"No",0,"No","F","Bachelors","Professional",36,"Commercial",25850,1,"Pickup","no",1294,1,"No",0,10,1,"Highly Urban/ Urban"
6004,60,0,0,12,45038,"No",242566,"No","F","Bachelors","Professional",43,"Private",17980,3,"Minivan","no",0,0,"No",1,16,1,"Highly Urban/ Urban"
1901,37,0,0,12,38128,"No",139340,"Yes","F","High School","Blue Collar",51,"Commercial",23350,1,"SUV","no",0,0,"No",0,10,1,"Highly Rural/ Rural"
4324,32,0,1,12,93741,"Yes",0,"No","F","Bachelors","Blue Collar",40,"Commercial",14070,13,"SUV","no",3132,3,"Yes",3,8,1,"Highly Urban/ Urban"
2463,59,0,0,14,78271,"No",299574,"Yes","M","Bachelors","Professional",11,"Commercial",17560,6,"Van","no",0,0,"No",0,11,1,"Highly Urban/ Urban"
843,39,0,0,12,87416,"No",231934,"Yes","M","Bachelors","Blue Collar",30,"Commercial",18330,1,"Van","no",6690,2,"No",0,9,1,"Highly Urban/ Urban"
1294,45,1,3,10,15796,"No",145824,"Yes","F","<High School","Clerical",42,"Private",15860,1,"SUV","no",29536,2,"Yes",2,1,1,"Highly Urban/ Urban"
2895,63,0,2,13,63695,"Yes",0,"No","F","Masters","Manager",30,"Private",14170,3,"Sports Car","no",2629,1,"No",0,12,1,"Highly Urban/ Urban"
6889,39,0,2,7,12236,"No",92520,"Yes","F","High School","Home Maker",66,"Private",16320,1,"SUV","no",4352,3,"No",1,8,1,"Highly Urban/ Urban"
4193,48,0,0,12,59146,"No",239920,"No","F","Masters","Lawyer",45,"Private",20360,6,"SUV","no",6710,1,"No",0,16,1,"Highly Urban/ Urban"
6409,29,0,3,15,45828,"Yes",149103,"No","M","High School","Blue Collar",20,"Commercial",16420,10,"Minivan","no",8171,2,"No",0,10,1,"Highly Urban/ Urban"
3770,33,0,1,10,23953,"Yes",0,"No","F","High School","Clerical",39,"Private",7200,1,"Sports Car","no",1118,2,"No",7,8,1,"Highly Urban/ Urban"
2986,38,0,2,12,81024,"No",223678,"Yes","M","Masters","",31,"Commercial",21480,1,"Van","yes",0,0,"No",0,17,1,"Highly Urban/ Urban"
3357,33,0,3,10,28853,"No",181865,"Yes","F","High School","Clerical",19,"Private",4390,7,"SUV","no",11580,2,"Yes",0,1,1,"Highly Urban/ Urban"
6006,49,0,0,14,76778,"No",209440,"Yes","F","Bachelors","Home Maker",62,"Private",14080,6,"Sports Car","no",13397,1,"Yes",1,5,1,"Highly Urban/ Urban"
1698,55,0,0,15,86268,"No",274362,"Yes","M","Bachelors","Blue Collar",48,"Commercial",34310,6,"Panel Truck","no",4423,2,"No",0,12,1,"Highly Urban/ Urban"
6393,38,0,0,8,58530,"No",238054,"Yes","F","Bachelors","Blue Collar",21,"Commercial",16480,1,"Sports Car","no",2775,3,"No",7,1,1,"Highly Urban/ Urban"
3159,57,0,2,15,148443,"Yes",0,"No","F","Masters","Lawyer",40,"Private",18500,6,"Sports Car","no",7014,2,"No",4,11,1,"Highly Urban/ Urban"
5236,34,0,3,16,61220,"No",237329,"Yes","F","High School","Blue Collar",46,"Commercial",8090,8,"SUV","no",4402,2,"No",7,1,1,"Highly Urban/ Urban"
4410,35,0,2,0,0,"Yes",0,"No","F","<High School","Student",12,"Private",16010,4,"SUV","no",5118,2,"No",7,1,1,"Highly Urban/ Urban"
5686,45,0,0,13,44492,"No",0,"No","F","Masters","Lawyer",9,"Private",13540,1,"Minivan","no",10941,2,"No",4,20,1,"Highly Urban/ Urban"
3674,31,0,1,13,82762,"No",267537,"Yes","F","Bachelors","Manager",35,"Private",12880,1,"Minivan","no",0,0,"No",0,4,1,"Highly Urban/ Urban"
4045,52,0,0,0,0,"No",98396,"Yes","F","High School","Home Maker",22,"Private",12280,6,"SUV","no",7070,1,"No",0,10,1,"Highly Urban/ Urban"
13352,31,0,4,15,20555,"No",128048,"Yes","F","High School","Clerical",26,"Private",7760,9,"SUV","no",3327,2,"No",5,11,1,"Highly Urban/ Urban"
2944,53,0,0,12,44438,"No",172432,"No","M","High School","Blue Collar",43,"Commercial",34450,10,"Panel Truck","yes",0,0,"No",0,1,1,"Highly Urban/ Urban"
1022,26,0,2,14,10730,"No",0,"Yes","F","High School","Student",5,"Private",16150,11,"SUV","no",6135,2,"No",7,6,1,"Highly Urban/ Urban"
6074,35,0,0,13,40457,"No",0,"No","F","High School","Blue Collar",55,"Commercial",9050,13,"SUV","no",974,3,"No",7,6,1,"Highly Urban/ Urban"
2421,54,0,0,0,0,"No",98561,"Yes","F","Bachelors","Home Maker",29,"Private",17700,1,"SUV","no",0,0,"No",0,12,1,"Highly Urban/ Urban"
2890,41,2,2,8,3604,"Yes",0,"No","M","High School","Student",53,"Commercial",10850,4,"Pickup","yes",5810,3,"Yes",0,8,1,"Highly Urban/ Urban"
1941,31,0,1,12,32381,"Yes",0,"No","F","High School","Blue Collar",25,"Commercial",16980,1,"Sports Car","no",4185,3,"No",1,1,1,"Highly Urban/ Urban"
4049,49,0,0,9,75772,"No",256898,"No","M","High School","Blue Collar",41,"Commercial",6400,7,"Pickup","no",0,0,"No",0,1,1,"Highly Urban/ Urban"
4767,50,0,0,11,53210,"No",0,"No","M","High School","Blue Collar",33,"Commercial",23810,8,"Panel Truck","yes",19595,1,"Yes",10,8,1,"Highly Urban/ Urban"
6836,51,0,0,0,0,"No",0,"No","F","<High School","Student",23,"Private",6600,1,"SUV","no",27503,4,"Yes",1,1,1,"Highly Urban/ Urban"
4212,22,0,1,7,2214,"No",114501,"Yes","F","<High School","Home Maker",32,"Private",17470,13,"SUV","yes",9453,1,"No",6,1,1,"Highly Urban/ Urban"
3762,40,1,3,16,189555,"No",452019,"Yes","F","PhD","Doctor",35,"Private",1500,1,"SUV","no",0,0,"No",0,16,1,"Highly Urban/ Urban"
7783,37,0,2,14,14055,"No",0,"Yes","F","<High School","Student",55,"Private",9960,1,"SUV","no",0,0,"No",0,7,1,"Highly Rural/ Rural"
3090,29,0,0,7,11954,"No",0,"No","F","<High School","Clerical",16,"Private",10190,1,"SUV","no",0,0,"No",1,8,1,"Highly Urban/ Urban"
39104,58,0,0,13,102904,"No",0,"No","M","Masters","",47,"Commercial",30460,4,"Panel Truck","yes",5705,2,"No",0,18,1,"Highly Urban/ Urban"
2585,51,0,0,13,55727,"No",195859,"Yes","M","High School","Blue Collar",55,"Commercial",7250,8,"Pickup","yes",0,0,"No",1,6,1,"Highly Urban/ Urban"
5063,63,0,0,0,0,"No",111129,"Yes","F","PhD","Home Maker",33,"Private",24020,1,"SUV","no",0,0,"No",0,15,1,"Highly Urban/ Urban"
5865,24,0,1,8,12871,"Yes",0,"No","M","Bachelors","Clerical",53,"Private",16500,13,"Minivan","yes",0,0,"No",0,6,1,"Highly Urban/ Urban"
7746,45,0,0,0,0,"No",98716,"Yes","F","High School","Student",34,"Private",6000,4,"SUV","no",29651,2,"Yes",8,7,1,"Highly Urban/ Urban"
1559,34,0,2,12,55353,"Yes",203703,"No","F","High School","Blue Collar",41,"Commercial",14090,13,"SUV","no",4519,1,"No",6,6,1,"Highly Urban/ Urban"
47520,49,0,0,12,105277,"No",294480,"Yes","F","Bachelors","Professional",30,"Private",38000,10,"Van","no",0,0,"No",0,1,1,"Highly Rural/ Rural"
3794,59,0,0,14,71197,"No",0,"No","F","High School","Blue Collar",37,"Commercial",14520,15,"Minivan","no",0,0,"No",0,6,1,"Highly Urban/ Urban"
5074,66,2,2,15,33644,"No",186626,"Yes","M","High School","Blue Collar",41,"Commercial",21020,1,"Minivan","yes",0,0,"No",0,1,1,"Highly Urban/ Urban"
4019,35,0,0,9,69592,"No",0,"No","F","Masters","Lawyer",32,"Private",11960,1,"SUV","no",0,0,"No",1,17,1,"Highly Urban/ Urban"
2370,26,0,1,0,0,"No",0,"Yes","F","<High School","Student",27,"Private",4120,4,"SUV","no",0,0,"Yes",1,6,1,"Highly Urban/ Urban"
2979,31,0,2,12,17567,"Yes",0,"No","M","<High School","Clerical",14,"Private",6360,10,"Minivan","no",0,0,"No",0,5,1,"Highly Urban/ Urban"
24408,50,0,0,13,58504,"No",0,"No","F","Bachelors","Blue Collar",44,"Commercial",20550,1,"SUV","no",2916,1,"No",6,11,1,"Highly Urban/ Urban"
599,34,0,3,14,56095,"No",186866,"Yes","M","Bachelors","Clerical",58,"Private",6970,6,"Minivan","yes",0,0,"No",0,5,1,"Highly Urban/ Urban"
4582,52,0,0,11,38442,"No",175653,"No","F","Bachelors","Blue Collar",25,"Commercial",14880,4,"SUV","no",0,0,"No",0,1,1,"Highly Urban/ Urban"
4790,57,0,2,16,6018,"Yes",0,"No","F","<High School","Home Maker",23,"Private",9330,4,"SUV","no",0,0,"No",1,1,1,"Highly Urban/ Urban"
2375,33,0,1,8,32708,"Yes",0,"No","M","High School","Student",56,"Commercial",31040,1,"Panel Truck","no",7343,2,"No",4,1,1,"Highly Urban/ Urban"
4580,37,0,1,0,0,"Yes",0,"No","F","Bachelors","Student",50,"Private",9270,9,"SUV","no",0,0,"Yes",0,10,1,"Highly Urban/ Urban"
3887,36,2,3,9,20765,"Yes",0,"No","F","<High School","Home Maker",19,"Private",12510,1,"Pickup","no",0,0,"No",6,1,1,"Highly Urban/ Urban"
6603,53,0,0,11,32956,"No",202231,"Yes","F","High School","Home Maker",57,"Commercial",18150,1,"SUV","no",0,0,"No",5,1,1,"Highly Urban/ Urban"
2033,40,0,1,11,6947,"Yes",131827,"No","F","Bachelors","Home Maker",41,"Commercial",25170,4,"Panel Truck","yes",6985,2,"No",8,8,1,"Highly Urban/ Urban"
4057,33,0,2,11,33392,"No",161864,"Yes","F","High School","Clerical",57,"Private",8140,4,"Sports Car","no",0,0,"No",5,10,1,"Highly Urban/ Urban"
19013,41,0,0,7,78866,"No",0,"No","M","Bachelors","Blue Collar",22,"Commercial",18270,6,"Van","yes",6856,1,"No",2,6,1,"Highly Urban/ Urban"
3918,60,0,0,13,128275,"No",0,"No","M","PhD","Doctor",33,"Private",14330,10,"Minivan","no",3977,3,"No",4,13,1,"Highly Urban/ Urban"
1479,45,0,0,9,96599,"No",306391,"Yes","M","Bachelors","Professional",42,"Private",12180,8,"Pickup","yes",29820,3,"No",1,8,1,"Highly Urban/ Urban"
5184,48,0,0,11,56814,"No",230221,"No","M","High School","Clerical",55,"Private",10930,7,"Minivan","yes",0,0,"No",0,1,1,"Highly Urban/ Urban"
1877,53,0,0,9,114547,"No",330408,"Yes","M","Masters","Manager",29,"Commercial",23760,1,"Panel Truck","yes",824,2,"No",4,8,1,"Highly Urban/ Urban"
6651,35,0,0,11,116870,"No",309742,"No","F","Masters","Manager",38,"Private",11940,12,"SUV","no",0,0,"No",3,4,1,"Highly Urban/ Urban"
3968,57,2,3,15,106465,"No",329334,"Yes","F","Masters","Professional",37,"Private",11760,3,"SUV","no",11528,4,"No",7,16,1,"Highly Urban/ Urban"
8927,43,0,2,0,0,"No",0,"Yes","F","<High School","Student",15,"Private",5800,1,"Sports Car","no",5767,1,"No",9,6,1,"Highly Urban/ Urban"
4579,44,2,3,13,18154,"No",108984,"Yes","M","<High School","Blue Collar",77,"Commercial",6420,1,"Pickup","yes",8183,2,"No",1,1,1,"Highly Urban/ Urban"
2091,38,0,0,13,15252,"No",146062,"Yes","F","<High School","Clerical",31,"Private",3030,1,"Sports Car","no",0,0,"No",0,1,1,"Highly Urban/ Urban"
5613,48,0,0,11,49035,"No",168921,"Yes","M","High School","Blue Collar",20,"Commercial",11210,1,"Pickup","yes",7759,2,"No",1,6,1,"Highly Urban/ Urban"
196,38,3,3,17,3151,"No",107534,"Yes","M","High School","Student",39,"Commercial",14990,4,"Minivan","no",3826,2,"No",3,1,1,"Highly Urban/ Urban"
2460,41,1,3,13,18408,"No",95813,"Yes","F","<High School","Clerical",43,"Private",7440,1,"Sports Car","no",20380,2,"Yes",8,1,1,"Highly Urban/ Urban"
3231,59,0,0,17,320127,"No",750455,"Yes","M","PhD","",19,"Commercial",57970,1,"Panel Truck","yes",6375,2,"No",5,12,1,"Highly Urban/ Urban"
3428,30,0,3,15,9361,"No",0,"Yes","F","High School","Student",38,"Private",2440,6,"Sports Car","no",31992,1,"Yes",0,1,1,"Highly Urban/ Urban"
4073,53,0,0,0,0,"No",92718,"Yes","F","Bachelors","Student",12,"Commercial",19940,6,"SUV","no",1936,1,"No",8,7,1,"Highly Urban/ Urban"
109,47,0,0,0,0,"No",0,"No","M","High School","Student",59,"Commercial",6200,6,"Pickup","yes",4754,2,"No",8,1,1,"Highly Urban/ Urban"
680,43,0,2,15,36614,"No",141879,"Yes","F","High School","Blue Collar",42,"Commercial",25580,1,"Pickup","no",4078,2,"No",0,1,1,"Highly Urban/ Urban"
4078,31,0,1,11,58391,"No",187063,"Yes","M","High School","Blue Collar",34,"Commercial",10440,10,"Pickup","no",2018,3,"No",0,8,1,"Highly Urban/ Urban"
4308,30,0,1,10,32809,"No",141859,"Yes","F","High School","Blue Collar",24,"Commercial",8260,10,"SUV","no",0,0,"No",2,1,1,"Highly Urban/ Urban"
1556,44,0,0,12,22960,"No",142579,"Yes","M","High School","Blue Collar",21,"Commercial",11690,4,"Pickup","yes",0,0,"No",1,10,1,"Highly Urban/ Urban"
1222,43,0,2,12,636,"Yes",0,"No","M","<High School","Student",34,"Private",8450,1,"Minivan","no",2210,2,"Yes",0,5,1,"Highly Urban/ Urban"
6767,62,0,1,0,0,"No",114515,"Yes","F","High School","Home Maker",39,"Private",11060,9,"Sports Car","no",0,0,"No",1,1,1,"Highly Urban/ Urban"
2415,65,0,0,15,5013,"No",107287,"Yes","F","High School","Student",32,"Commercial",8670,1,"Sports Car","no",5900,1,"No",8,8,1,"Highly Urban/ Urban"
2493,28,0,4,0,0,"Yes",0,"No","M","Bachelors","Student",30,"Commercial",4300,1,"Minivan","yes",6905,1,"No",0,13,1,"Highly Urban/ Urban"
698,50,0,0,0,0,"No",0,"Yes","M","<High School","Student",57,"Commercial",7350,4,"Pickup","no",17009,3,"Yes",4,1,1,"Highly Urban/ Urban"
3674,43,1,2,10,112450,"Yes",337743,"No","M","Masters","Lawyer",12,"Private",17290,1,"Van","no",0,0,"No",3,18,1,"Highly Urban/ Urban"
21829,45,0,0,12,77337,"No",0,"No","F","Bachelors","Professional",37,"Private",26010,9,"SUV","no",6238,2,"No",3,12,1,"Highly Urban/ Urban"
3692,35,0,0,10,1886,"No",55001,"Yes","F","<High School","Home Maker",27,"Private",12690,1,"SUV","no",0,0,"Yes",0,1,1,"Highly Urban/ Urban"
8609,43,0,2,13,55274,"No",220590,"Yes","F","Bachelors","Blue Collar",24,"Commercial",17740,3,"SUV","no",4500,2,"No",8,9,1,"Highly Urban/ Urban"
5200,32,0,2,0,0,"No",0,"Yes","M","High School","Student",29,"Commercial",11990,1,"Minivan","no",6867,3,"No",3,10,1,"Highly Urban/ Urban"
2118,61,0,0,13,28350,"No",173790,"Yes","F","Bachelors","Professional",23,"Private",21180,9,"Sports Car","no",9637,2,"Yes",2,18,1,"Highly Urban/ Urban"
5722,29,0,0,8,5292,"No",0,"No","M","High School","Student",30,"Commercial",2670,1,"Minivan","yes",0,0,"Yes",0,8,1,"Highly Urban/ Urban"
2419,42,0,1,11,61415,"No",250198,"Yes","F","High School","Blue Collar",18,"Commercial",21300,7,"Pickup","no",0,0,"No",0,1,1,"Highly Urban/ Urban"
2703,40,1,3,13,72551,"Yes",0,"No","M","High School","Blue Collar",22,"Commercial",12760,3,"Minivan","no",4895,2,"No",2,8,1,"Highly Urban/ Urban"
4772,37,1,2,12,15739,"No",138776,"Yes","F","High School","Home Maker",23,"Private",9230,1,"Sports Car","no",0,0,"No",3,6,1,"Highly Urban/ Urban"
10839,33,0,1,7,157263,"Yes",0,"No","F","PhD","Lawyer",60,"Private",36480,1,"Sports Car","no",4597,2,"No",0,16,1,"Highly Urban/ Urban"
4452,51,0,0,10,31860,"No",0,"No","M","High School","Blue Collar",32,"Commercial",9540,10,"Pickup","no",0,0,"No",3,1,1,"Highly Urban/ Urban"
3960,47,0,0,14,75210,"No",258319,"Yes","F","<High School","Blue Collar",35,"Private",19460,13,"SUV","no",0,0,"Yes",0,1,1,"Highly Urban/ Urban"
4171,36,0,0,12,69714,"No",201852,"Yes","M","Bachelors","Blue Collar",36,"Commercial",12070,13,"Pickup","no",597,1,"No",9,8,1,"Highly Urban/ Urban"
1204,38,0,1,8,97114,"Yes",0,"No","M","Bachelors","Blue Collar",59,"Commercial",25530,7,"Panel Truck","yes",0,0,"No",1,5,1,"Highly Urban/ Urban"
3278,45,0,0,11,186027,"No",455275,"No","M","PhD","Doctor",57,"Private",20100,6,"Van","yes",2104,3,"No",2,10,1,"Highly Urban/ Urban"
1399,35,0,1,0,0,"No",60714,"Yes","F","<High School","Home Maker",58,"Private",13820,4,"Sports Car","no",4896,1,"No",1,7,1,"Highly Urban/ Urban"
4920,33,0,2,14,5063,"No",118608,"Yes","M","Bachelors","Home Maker",28,"Commercial",32370,1,"Panel Truck","yes",6902,3,"No",0,11,1,"Highly Urban/ Urban"
4995,59,0,0,15,68526,"No",219285,"Yes","M","Masters","Professional",35,"Commercial",30390,6,"Panel Truck","no",5714,3,"No",2,12,1,"Highly Urban/ Urban"
6435,38,0,1,11,48484,"No",190992,"Yes","M","Bachelors","Professional",43,"Commercial",11840,6,"Pickup","yes",5726,2,"No",7,11,1,"Highly Urban/ Urban"
3279,42,0,0,6,126381,"No",374595,"Yes","M","High School","Blue Collar",27,"Commercial",32040,7,"Panel Truck","no",8748,2,"No",2,1,1,"Highly Urban/ Urban"
7803,56,0,0,13,210660,"No",542288,"Yes","F","PhD","Manager",33,"Private",1500,1,"Sports Car","no",57037,1,"No",3,11,1,"Highly Urban/ Urban"
5336,38,0,2,0,0,"No",0,"Yes","F","<High School","Student",48,"Private",10090,4,"Sports Car","no",6753,1,"No",6,6,1,"Highly Urban/ Urban"
2251,65,0,0,15,13880,"No",179255,"Yes","F","Masters","Home Maker",62,"Private",9390,9,"Sports Car","no",10138,2,"No",1,15,1,"Highly Urban/ Urban"
3819,42,1,2,0,0,"Yes",0,"No","F","<High School","Student",29,"Private",10930,11,"Sports Car","no",0,0,"No",3,8,1,"Highly Urban/ Urban"
984,30,0,1,11,17619,"No",86310,"Yes","F","<High School","Clerical",18,"Private",16890,1,"Sports Car","no",0,0,"Yes",5,6,1,"Highly Urban/ Urban"
3705,50,0,0,10,58945,"No",0,"No","F","Bachelors","Professional",18,"Private",20260,1,"Sports Car","no",5603,1,"No",0,10,1,"Highly Urban/ Urban"
4408,52,0,0,11,54983,"No",223545,"Yes","M","Masters","",24,"Commercial",12200,2,"Pickup","yes",9093,3,"No",7,12,1,"Highly Urban/ Urban"
3334,44,0,0,9,61958,"No",168222,"Yes","M","High School","Blue Collar",56,"Commercial",27120,1,"Panel Truck","yes",642,2,"No",0,10,1,"Highly Urban/ Urban"
3886,31,0,1,10,8247,"Yes",0,"No","F","High School","Student",46,"Commercial",5200,1,"Sports Car","no",3068,2,"No",5,1,1,"Highly Urban/ Urban"
2936,55,0,0,12,111708,"No",292773,"Yes","M","Masters","",5,"Commercial",18080,4,"Van","yes",0,0,"No",0,1,1,"Highly Urban/ Urban"
5544,48,0,0,13,312,"No",90071,"Yes","F","<High School","Home Maker",30,"Commercial",14770,6,"Pickup","no",0,0,"No",0,1,1,"Highly Urban/ Urban"
32363,68,0,0,10,76821,"No",0,"No","M","Masters","Lawyer",47,"Private",15980,4,"SUV","no",0,0,"No",0,15,1,"Highly Rural/ Rural"
5704,48,1,1,11,75741,"Yes",225300,"No","F","Masters","Lawyer",44,"Private",15190,13,"SUV","no",0,0,"No",3,19,1,"Highly Urban/ Urban"
5760,58,0,0,0,0,"No",103525,"Yes","F","Masters","Home Maker",48,"Private",20710,1,"Sports Car","no",8956,2,"No",0,1,1,"Highly Urban/ Urban"
2096,45,0,0,9,22741,"No",151957,"No","M","<High School","Blue Collar",34,"Private",17940,13,"Minivan","yes",0,0,"Yes",0,1,1,"Highly Urban/ Urban"
2550,48,0,0,15,67876,"No",242138,"Yes","F","High School","Blue Collar",31,"Commercial",6410,1,"SUV","no",8268,3,"No",3,1,1,"Highly Urban/ Urban"
5470,45,2,3,14,4910,"No",0,"Yes","F","<High School","Student",12,"Private",17450,1,"SUV","no",0,0,"Yes",0,1,1,"Highly Urban/ Urban"
1690,54,0,0,12,53099,"No",175695,"No","M","High School","Professional",57,"Private",17230,9,"Van","no",12797,3,"No",0,1,1,"Highly Urban/ Urban"
6932,37,2,2,13,27964,"Yes",125832,"No","F","<High School","Clerical",19,"Private",9980,1,"Minivan","no",6321,3,"No",2,8,1,"Highly Urban/ Urban"
26673,42,0,0,10,47114,"No",0,"No","M","Bachelors","Clerical",22,"Commercial",10410,4,"Pickup","yes",0,0,"No",7,7,1,"Highly Urban/ Urban"
2292,37,0,0,0,0,"No",0,"Yes","M","<High School","Student",26,"Commercial",5200,1,"Pickup","yes",0,0,"No",0,1,1,"Highly Urban/ Urban"
503,40,0,0,0,0,"No",0,"Yes","M","Bachelors","Student",50,"Commercial",18010,1,"Minivan","no",0,0,"No",1,6,1,"Highly Urban/ Urban"
3640,42,0,0,10,75013,"No",237750,"No","F","Masters","Lawyer",25,"Private",15110,1,"SUV","no",3928,1,"No",0,9,1,"Highly Urban/ Urban"
42499,36,1,2,12,91729,"Yes",307043,"No","F","Bachelors","Professional",26,"Private",16220,1,"SUV","no",8048,3,"Yes",0,1,1,"Highly Urban/ Urban"
4771,39,1,2,12,117329,"Yes",0,"No","M","Bachelors","Professional",37,"Private",1910,7,"Minivan","no",3486,2,"No",8,12,1,"Highly Urban/ Urban"
4037,55,0,0,11,83304,"No",238891,"Yes","M","Bachelors","Manager",40,"Private",15330,1,"Minivan","yes",7238,3,"No",3,7,1,"Highly Urban/ Urban"
3236,30,0,0,9,21313,"No",140640,"Yes","M","High School","Blue Collar",53,"Private",13120,6,"Minivan","yes",0,0,"No",1,6,1,"Highly Rural/ Rural"
2998,36,1,2,0,0,"Yes",0,"No","F","High School","Home Maker",39,"Private",8270,6,"SUV","no",4765,2,"No",6,8,1,"Highly Urban/ Urban"
5126,43,3,3,0,0,"No",0,"Yes","M","High School","Student",28,"Private",5700,1,"Pickup","no",0,0,"No",3,1,1,"Highly Urban/ Urban"
5389,51,0,0,9,69551,"No",0,"No","M","High School","Blue Collar",60,"Commercial",6600,9,"Pickup","yes",0,0,"No",1,1,1,"Highly Urban/ Urban"
6031,49,0,0,6,61068,"No",0,"No","M","High School","Professional",21,"Private",14080,1,"Minivan","yes",0,0,"Yes",0,1,1,"Highly Urban/ Urban"
1704,53,0,0,9,47793,"No",199133,"No","F","High School","Manager",29,"Private",24120,11,"Sports Car","no",0,0,"No",0,8,1,"Highly Urban/ Urban"
1798,57,0,0,13,53329,"No",219712,"Yes","F","High School","Blue Collar",55,"Commercial",7200,6,"SUV","no",0,0,"No",1,1,1,"Highly Urban/ Urban"
2829,38,0,2,0,0,"No",66812,"Yes","F","High School","Home Maker",17,"Private",13490,6,"SUV","no",0,0,"No",1,8,1,"Highly Urban/ Urban"
3121,47,0,0,14,14096,"No",163866,"Yes","F","Bachelors","Clerical",5,"Private",3790,8,"SUV","no",7285,1,"No",0,20,1,"Highly Urban/ Urban"
7045,58,0,0,6,57517,"No",0,"No","M","Bachelors","Manager",22,"Commercial",28740,1,"Panel Truck","yes",0,0,"No",4,12,1,"Highly Urban/ Urban"
8116,58,0,0,6,57454,"No",0,"No","M","<High School","Blue Collar",27,"Commercial",7300,1,"Pickup","yes",34123,2,"Yes",0,7,1,"Highly Urban/ Urban"
12789,35,0,0,10,106581,"No",0,"No","F","Bachelors","Blue Collar",39,"Commercial",30080,1,"Minivan","no",9185,1,"No",0,12,1,"Highly Urban/ Urban"
5075,51,0,0,0,0,"No",89512,"Yes","F","High School","Home Maker",59,"Private",1500,1,"Sports Car","no",6745,3,"No",0,7,1,"Highly Urban/ Urban"
4822,56,0,0,12,44308,"No",0,"No","M","<High School","Blue Collar",18,"Commercial",5930,11,"Pickup","yes",977,3,"No",2,5,1,"Highly Urban/ Urban"
4855,39,0,0,9,55771,"No",234502,"Yes","F","Masters","",7,"Commercial",18540,6,"Pickup","no",0,0,"Yes",2,10,1,"Highly Urban/ Urban"
3011,43,0,1,0,0,"No",0,"Yes","F","High School","Student",31,"Private",1500,4,"Sports Car","no",9516,3,"No",2,8,1,"Highly Rural/ Rural"
3118,46,0,0,13,120401,"No",348157,"Yes","M","Bachelors","Blue Collar",29,"Commercial",23370,6,"Panel Truck","yes",35980,2,"No",2,10,1,"Highly Urban/ Urban"
1299,61,0,0,17,25525,"No",158142,"Yes","M","Bachelors","Blue Collar",16,"Commercial",11060,1,"SUV","no",30023,3,"Yes",5,6,1,"Highly Urban/ Urban"
6409,33,0,0,0,0,"No",0,"No","M","<High School","Student",49,"Commercial",25280,3,"Panel Truck","no",0,0,"No",0,11,1,"Highly Urban/ Urban"
6783,62,3,3,19,85081,"Yes",0,"No","F","Masters","Lawyer",19,"Private",26420,17,"Sports Car","no",9810,4,"No",7,18,1,"Highly Urban/ Urban"
5295,50,0,0,12,31291,"No",197110,"No","F","High School","Clerical",14,"Private",6500,4,"SUV","no",3108,3,"No",3,1,1,"Highly Urban/ Urban"
26836,47,0,0,7,28626,"No",0,"No","F","High School","Clerical",57,"Private",13680,6,"SUV","no",0,0,"No",4,1,1,"Highly Urban/ Urban"
4704,39,0,0,10,74719,"No",0,"No","M","Bachelors","Professional",45,"Private",25760,10,"Minivan","no",4094,1,"No",2,12,1,"Highly Urban/ Urban"
5190,39,0,1,0,0,"Yes",0,"No","F","Bachelors","Student",31,"Commercial",5400,3,"Sports Car","no",0,0,"No",1,10,1,"Highly Urban/ Urban"
1530,35,0,0,6,77556,"No",0,"No","M","Bachelors","Blue Collar",18,"Commercial",26810,14,"Panel Truck","no",1249,2,"No",0,7,1,"Highly Urban/ Urban"
943,49,0,0,12,61790,"No",206446,"No","F","Bachelors","Manager",51,"Private",12580,4,"SUV","no",0,0,"No",0,15,1,"Highly Urban/ Urban"
6993,39,3,3,11,76791,"No",215433,"Yes","F","Masters","Professional",24,"Private",33050,13,"SUV","no",10265,1,"No",2,20,1,"Highly Urban/ Urban"
2575,57,0,2,10,35778,"No",170435,"Yes","M","High School","Clerical",26,"Commercial",10780,1,"Pickup","no",31557,4,"Yes",5,10,1,"Highly Urban/ Urban"
2646,39,0,0,6,81042,"No",247600,"Yes","M","Bachelors","Professional",39,"Commercial",21430,4,"Van","yes",7114,1,"No",4,9,1,"Highly Urban/ Urban"
2194,57,0,0,12,62203,"No",0,"No","M","High School","Blue Collar",5,"Commercial",7720,4,"Pickup","no",7326,1,"No",4,9,1,"Highly Urban/ Urban"
6005,45,0,0,12,33648,"No",180461,"Yes","F","Bachelors","Professional",45,"Private",6720,6,"Sports Car","no",0,0,"Yes",2,9,1,"Highly Urban/ Urban"
5108,45,0,0,10,32279,"No",163420,"Yes","F","Bachelors","Professional",46,"Private",6000,6,"SUV","no",0,0,"No",0,1,1,"Highly Urban/ Urban"
2896,47,0,1,12,44452,"No",221536,"Yes","F","High School","Blue Collar",51,"Commercial",13110,10,"SUV","no",0,0,"No",0,6,1,"Highly Urban/ Urban"
430,43,0,0,6,41274,"No",103580,"No","M","<High School","Clerical",38,"Private",9930,6,"Minivan","yes",0,0,"No",0,7,1,"Highly Urban/ Urban"
1326,45,1,2,9,683,"No",61630,"Yes","F","High School","Student",60,"Commercial",19090,4,"SUV","no",2279,1,"No",0,1,1,"Highly Urban/ Urban"
5076,30,0,1,7,22718,"Yes",116700,"No","M","<High School","Clerical",14,"Private",4300,1,"Minivan","yes",4448,3,"No",9,1,1,"Highly Urban/ Urban"
6804,31,0,3,0,0,"No",0,"Yes","M","Bachelors","Student",25,"Commercial",4600,1,"Pickup","yes",6070,3,"No",5,7,1,"Highly Urban/ Urban"
4984,58,0,0,12,42607,"No",112850,"Yes","M","<High School","Blue Collar",55,"Commercial",11560,1,"Pickup","no",5238,1,"No",1,7,1,"Highly Urban/ Urban"
956,40,1,2,12,35453,"No",156023,"Yes","F","High School","Blue Collar",24,"Commercial",4010,16,"SUV","no",2244,2,"No",2,1,1,"Highly Urban/ Urban"
6280,42,0,2,10,42371,"Yes",0,"No","F","Bachelors","Blue Collar",45,"Commercial",5740,4,"SUV","no",6703,1,"No",4,12,1,"Highly Urban/ Urban"
4978,52,0,0,12,50584,"No",157928,"No","F","Bachelors","Professional",27,"Private",11760,9,"SUV","no",1328,1,"No",6,1,1,"Highly Urban/ Urban"
2711,45,0,2,10,32867,"Yes",0,"No","F","High School","Clerical",24,"Private",9290,1,"SUV","no",9635,4,"No",4,1,1,"Highly Urban/ Urban"
2356,44,0,3,0,0,"Yes",0,"No","F","Masters","Home Maker",86,"Private",10460,1,"Sports Car","no",0,0,"No",3,18,1,"Highly Rural/ Rural"
6719,46,0,0,12,11363,"No",104389,"Yes","F","<High School","Clerical",26,"Private",7240,10,"SUV","no",26181,1,"Yes",2,5,1,"Highly Urban/ Urban"
20126,44,1,3,9,148528,"Yes",0,"No","F","PhD","Lawyer",49,"Private",20830,6,"SUV","no",0,0,"Yes",2,10,1,"Highly Urban/ Urban"
7204,47,0,0,7,44812,"No",0,"No","F","High School","Blue Collar",27,"Commercial",6200,1,"SUV","no",43405,2,"Yes",0,5,1,"Highly Urban/ Urban"
5728,48,1,0,12,228376,"No",586096,"Yes","M","PhD","",57,"Commercial",9260,1,"SUV","no",5458,1,"No",8,17,1,"Highly Urban/ Urban"
2199,36,0,0,14,66335,"No",241407,"Yes","F","High School","Professional",19,"Commercial",2670,1,"SUV","no",0,0,"No",0,9,1,"Highly Urban/ Urban"
747,50,0,0,15,53924,"No",203155,"Yes","M","High School","Blue Collar",37,"Commercial",25320,1,"Panel Truck","yes",5546,2,"No",6,1,1,"Highly Urban/ Urban"
5207,25,0,1,8,66390,"Yes",0,"No","F","Bachelors","Blue Collar",41,"Commercial",22740,9,"SUV","no",7019,2,"No",1,10,1,"Highly Urban/ Urban"
4102,27,0,3,13,35851,"No",147018,"Yes","F","High School","Blue Collar",47,"Commercial",4200,1,"Sports Car","no",0,0,"No",4,1,1,"Highly Urban/ Urban"
6087,35,0,0,10,64530,"No",0,"No","F","Masters","Lawyer",50,"Private",5000,1,"Sports Car","no",5202,1,"No",0,13,1,"Highly Urban/ Urban"
966,48,0,0,10,111405,"No",326745,"No","F","Bachelors","Professional",12,"Commercial",29540,4,"Van","no",3848,1,"No",9,11,1,"Highly Urban/ Urban"
4666,38,0,1,10,38819,"Yes",128779,"No","F","Bachelors","Professional",49,"Private",5680,6,"SUV","no",0,0,"Yes",7,8,1,"Highly Urban/ Urban"
1402,67,0,0,0,0,"No",0,"Yes","F","High School","Student",33,"Private",8200,7,"Sports Car","no",6934,1,"No",0,10,1,"Highly Urban/ Urban"
926,39,2,2,15,56819,"No",188860,"Yes","F","Bachelors","Blue Collar",34,"Commercial",14660,6,"SUV","no",0,0,"Yes",1,10,1,"Highly Urban/ Urban"
3590,35,0,1,8,84794,"Yes",0,"No","F","High School","Professional",19,"Commercial",26860,1,"Pickup","no",4575,3,"No",7,1,1,"Highly Urban/ Urban"
5377,45,1,2,7,26681,"Yes",166588,"No","F","Bachelors","Professional",10,"Private",28840,10,"Pickup","no",0,0,"No",0,13,1,"Highly Rural/ Rural"
1277,40,0,0,8,118527,"No",323324,"No","M","Masters","",48,"Commercial",22750,6,"Panel Truck","no",0,0,"No",0,13,1,"Highly Urban/ Urban"
6281,44,2,2,8,152292,"Yes",0,"No","M","Masters","Manager",42,"Commercial",31380,10,"Panel Truck","yes",0,0,"No",1,19,1,"Highly Urban/ Urban"
1036,58,0,0,13,88490,"No",0,"No","F","Bachelors","Manager",52,"Private",10350,11,"SUV","no",2737,2,"No",0,10,1,"Highly Urban/ Urban"
6516,30,0,2,0,0,"No",0,"Yes","F","<High School","Student",21,"Private",5430,3,"SUV","no",0,0,"Yes",0,5,1,"Highly Urban/ Urban"
3706,30,0,1,0,0,"Yes",76283,"No","F","Bachelors","Home Maker",35,"Private",4500,6,"Sports Car","no",35477,4,"Yes",1,1,1,"Highly Urban/ Urban"
1833,39,0,3,12,12332,"Yes",98982,"No","M","<High School","Clerical",20,"Commercial",8450,6,"Pickup","yes",7262,2,"No",0,1,1,"Highly Urban/ Urban"
7800,39,0,1,12,24609,"Yes",95505,"No","F","<High School","Blue Collar",68,"Private",7860,4,"Sports Car","no",8455,3,"No",4,6,1,"Highly Urban/ Urban"
4388,42,0,1,0,0,"No",122520,"Yes","F","Bachelors","Home Maker",62,"Private",14260,4,"SUV","no",3460,3,"No",0,5,1,"Highly Urban/ Urban"
7961,51,0,0,8,80479,"No",0,"No","M","Bachelors","Blue Collar",31,"Commercial",14650,13,"Minivan","yes",575,2,"No",4,14,1,"Highly Urban/ Urban"
8755,46,0,0,14,112213,"No",0,"No","M","Masters","",5,"Commercial",33610,3,"Panel Truck","no",10788,3,"No",4,15,1,"Highly Urban/ Urban"
9105,47,0,0,9,62216,"No",242564,"Yes","M","High School","Professional",42,"Commercial",24480,3,"Panel Truck","no",3884,2,"No",3,1,1,"Highly Urban/ Urban"
4298,42,1,2,13,112205,"No",311529,"Yes","F","Bachelors","Manager",48,"Commercial",27770,4,"Pickup","no",6557,1,"No",5,11,1,"Highly Urban/ Urban"
6208,35,0,0,0,0,"No",0,"Yes","M","Bachelors","Student",30,"Commercial",5000,1,"Pickup","no",0,0,"No",3,10,1,"Highly Urban/ Urban"
6690,43,0,2,0,0,"No",0,"Yes","F","High School","Student",61,"Commercial",5800,4,"Minivan","no",6935,4,"No",5,1,1,"Highly Urban/ Urban"
41063,40,0,0,12,52471,"No",153087,"No","F","High School","Blue Collar",31,"Commercial",21860,10,"SUV","no",0,0,"No",0,6,1,"Highly Urban/ Urban"
12338,32,0,4,14,81772,"Yes",0,"No","F","Bachelors","Blue Collar",38,"Commercial",19460,6,"SUV","no",0,0,"Yes",6,13,1,"Highly Urban/ Urban"
6296,30,0,3,9,61790,"No",185253,"Yes","F","Bachelors","Clerical",28,"Private",10680,1,"SUV","no",0,0,"Yes",0,14,1,"Highly Urban/ Urban"
4898,53,3,0,10,58049,"No",186384,"Yes","M","Masters","Manager",44,"Private",5590,1,"SUV","no",0,0,"No",0,15,1,"Highly Urban/ Urban"
4577,25,0,3,15,75385,"No",254055,"Yes","M","Bachelors","Blue Collar",19,"Commercial",17750,1,"Van","yes",4640,3,"No",4,8,1,"Highly Urban/ Urban"
5454,49,0,0,10,73241,"No",0,"No","M","Masters","Lawyer",36,"Private",6400,1,"Pickup","yes",3863,2,"No",0,15,1,"Highly Urban/ Urban"
2649,49,0,0,11,48215,"No",0,"No","F","PhD","Doctor",46,"Private",13190,10,"SUV","no",2516,4,"No",2,19,1,"Highly Urban/ Urban"
1668,31,0,4,0,0,"Yes",0,"No","F","Bachelors","Student",14,"Commercial",4600,11,"Sports Car","no",8136,1,"No",6,14,1,"Highly Urban/ Urban"
6595,48,0,0,10,90044,"No",0,"No","F","Bachelors","Blue Collar",79,"Commercial",17310,3,"SUV","no",2317,1,"No",0,16,1,"Highly Urban/ Urban"
5685,48,0,0,10,23588,"No",174929,"Yes","F","High School","Clerical",61,"Private",9500,1,"SUV","no",31664,2,"Yes",3,7,1,"Highly Urban/ Urban"
2546,37,2,2,10,45282,"Yes",170166,"No","F","<High School","Blue Collar",50,"Private",5100,4,"Sports Car","no",7136,1,"No",4,1,1,"Highly Rural/ Rural"
5810,34,0,2,9,33538,"Yes",0,"No","M","<High School","Blue Collar",29,"Private",8250,4,"Minivan","yes",38845,2,"Yes",2,1,1,"Highly Urban/ Urban"
10267,39,0,2,10,30618,"No",157285,"Yes","M","High School","Blue Collar",44,"Commercial",21320,3,"Van","yes",9469,2,"No",0,1,1,"Highly Urban/ Urban"
1148,54,0,0,13,65234,"No",280155,"Yes","F","High School","Blue Collar",36,"Commercial",23170,4,"SUV","no",0,0,"No",0,1,1,"Highly Urban/ Urban"
1947,42,1,1,10,73376,"Yes",0,"No","F","Masters","Lawyer",39,"Private",25590,1,"Sports Car","no",7328,1,"No",5,11,1,"Highly Urban/ Urban"
2490,53,0,0,0,0,"No",0,"No","M","High School","Student",24,"Private",17190,6,"Van","yes",0,0,"No",1,1,1,"Highly Urban/ Urban"
4181,33,0,2,14,82407,"Yes",0,"No","M","High School","Blue Collar",17,"Commercial",4800,4,"Pickup","yes",0,0,"No",1,6,1,"Highly Urban/ Urban"
1444,45,3,3,17,28538,"No",140924,"Yes","F","<High School","Clerical",15,"Private",16920,3,"SUV","no",22262,2,"Yes",7,5,1,"Highly Urban/ Urban"
5453,47,0,0,9,62133,"No",222691,"Yes","M","High School","Professional",35,"Commercial",25310,17,"Panel Truck","no",0,0,"No",2,1,1,"Highly Urban/ Urban"
3270,39,0,0,10,14677,"No",0,"No","M","Bachelors","Student",44,"Commercial",10180,1,"Pickup","no",0,0,"No",0,9,1,"Highly Rural/ Rural"
3613,46,0,0,10,45626,"No",183557,"Yes","F","High School","Blue Collar",30,"Private",14550,4,"SUV","no",4758,2,"No",0,1,1,"Highly Urban/ Urban"
2129,47,0,0,16,33717,"No",145021,"Yes","M","High School","Clerical",45,"Commercial",4870,13,"Pickup","yes",0,0,"Yes",0,1,1,"Highly Urban/ Urban"
1414,62,0,0,0,0,"No",52952,"Yes","F","High School","Home Maker",37,"Private",12760,4,"Sports Car","no",0,0,"No",2,1,1,"Highly Urban/ Urban"
4400,20,0,0,8,4209,"No",80790,"No","F","High School","Clerical",23,"Private",10570,1,"SUV","no",0,0,"No",4,9,1,"Highly Urban/ Urban"
5782,42,0,0,13,71779,"No",187108,"Yes","F","PhD","Manager",5,"Private",15480,4,"SUV","no",0,0,"No",0,12,1,"Highly Urban/ Urban"
3989,48,0,0,10,106752,"No",0,"No","M","Bachelors","Professional",46,"Private",19540,4,"Van","yes",8212,3,"No",2,15,1,"Highly Urban/ Urban"
1428,43,0,0,10,49729,"No",211046,"No","F","Bachelors","Professional",49,"Private",13760,4,"SUV","no",0,0,"No",0,8,1,"Highly Urban/ Urban"
45985,26,0,2,11,21443,"No",116421,"Yes","M","<High School","Clerical",19,"Commercial",24280,6,"Panel Truck","no",42208,1,"Yes",5,1,1,"Highly Rural/ Rural"
1401,42,0,0,11,27253,"No",0,"No","F","<High School","Clerical",25,"Commercial",45360,6,"Panel Truck","no",29919,1,"Yes",0,7,1,"Highly Urban/ Urban"
4291,63,0,0,16,141953,"No",377925,"Yes","M","PhD","",35,"Commercial",27570,10,"Pickup","yes",0,0,"No",0,9,1,"Highly Urban/ Urban"
4665,43,2,2,12,62638,"Yes",0,"No","F","Bachelors","Professional",36,"Commercial",23140,6,"Pickup","no",7148,2,"No",4,11,1,"Highly Urban/ Urban"
2572,46,0,0,13,9494,"No",0,"No","F","<High School","Home Maker",38,"Private",2450,5,"Sports Car","no",0,0,"No",0,1,1,"Highly Urban/ Urban"
22951,61,0,0,10,62185,"No",0,"No","M","PhD","",40,"Commercial",26550,1,"Panel Truck","yes",4843,3,"No",0,11,1,"Highly Urban/ Urban"
1746,31,0,1,15,20277,"No",134375,"Yes","F","<High School","Clerical",5,"Private",24670,1,"Minivan","no",0,0,"No",2,1,1,"Highly Urban/ Urban"
17425,37,1,2,13,64927,"No",184518,"Yes","M","Masters","",31,"Commercial",35270,6,"Panel Truck","no",0,0,"No",0,15,1,"Highly Urban/ Urban"
535,43,0,0,12,46915,"No",0,"No","M","High School","Clerical",52,"Private",11310,1,"Pickup","no",0,0,"Yes",1,1,1,"Highly Urban/ Urban"
4351,49,0,0,6,11069,"No",0,"No","F","<High School","Student",60,"Private",19520,4,"SUV","no",5954,3,"No",5,3,1,"Highly Urban/ Urban"
3367,55,0,0,8,86574,"No",323469,"Yes","M","Masters","Manager",47,"Private",17020,3,"Van","yes",0,0,"No",0,18,1,"Highly Urban/ Urban"
8535,33,0,1,12,119869,"Yes",0,"No","F","<High School","Blue Collar",48,"Commercial",23410,1,"Pickup","no",26363,1,"Yes",5,1,1,"Highly Urban/ Urban"
3776,46,0,0,9,24202,"No",0,"No","M","PhD","Lawyer",24,"Private",17270,13,"Van","yes",3475,1,"No",4,17,1,"Highly Urban/ Urban"
3763,54,0,0,15,64548,"No",251584,"Yes","M","<High School","Blue Collar",32,"Commercial",16360,1,"Van","yes",26281,1,"Yes",3,1,1,"Highly Urban/ Urban"
5413,33,0,2,14,36351,"No",193200,"Yes","M","High School","Blue Collar",47,"Commercial",11450,10,"Pickup","yes",3647,3,"No",3,13,1,"Highly Urban/ Urban"
3246,37,2,3,12,40012,"No",200016,"Yes","F","High School","Professional",20,"Private",9200,7,"Minivan","no",3119,2,"No",2,1,1,"Highly Urban/ Urban"
4618,35,0,2,14,34235,"No",139521,"Yes","M","High School","Clerical",52,"Private",8420,3,"Pickup","no",0,0,"Yes",2,6,1,"Highly Urban/ Urban"
3666,44,0,2,0,0,"Yes",0,"No","F","PhD","Doctor",39,"Private",23570,1,"Minivan","no",1380,3,"No",3,17,1,"Highly Urban/ Urban"
3845,46,0,0,9,177832,"No",471670,"No","M","PhD","Doctor",54,"Private",25240,3,"Minivan","yes",949,2,"No",2,14,1,"Highly Urban/ Urban"
4475,43,1,1,13,78288,"No",316436,"Yes","M","High School","Professional",31,"Private",15380,5,"Minivan","yes",0,0,"No",1,8,1,"Highly Urban/ Urban"
2707,43,0,1,4,82795,"Yes",0,"No","M","Bachelors","Blue Collar",40,"Commercial",8460,1,"Pickup","yes",8844,2,"No",7,7,1,"Highly Urban/ Urban"
7981,50,0,0,10,216924,"No",0,"No","F","PhD","Lawyer",6,"Private",6500,6,"SUV","no",27369,2,"Yes",5,12,1,"Highly Urban/ Urban"
2190,47,0,0,10,28600,"No",0,"No","F","Bachelors","Professional",28,"Private",8830,4,"Sports Car","no",31567,2,"Yes",3,10,1,"Highly Urban/ Urban"
4286,45,0,0,9,20188,"No",0,"No","F","<High School","Clerical",38,"Private",14200,1,"SUV","no",1310,1,"No",7,6,1,"Highly Urban/ Urban"
5499,47,0,0,11,28808,"No",0,"No","M","High School","Student",6,"Commercial",8770,1,"Minivan","no",0,0,"Yes",4,8,1,"Highly Urban/ Urban"
4433,48,0,0,12,34669,"No",146134,"Yes","M","High School","Clerical",42,"Commercial",8630,1,"Pickup","no",2499,3,"No",1,1,1,"Highly Urban/ Urban"
2316,48,0,0,0,0,"No",0,"Yes","M","High School","Student",48,"Commercial",1500,4,"Minivan","yes",25494,3,"Yes",6,8,1,"Highly Urban/ Urban"
5160,50,0,0,12,180074,"No",442649,"Yes","F","PhD","Doctor",59,"Private",35520,4,"Sports Car","no",4657,3,"No",6,1,1,"Highly Urban/ Urban"
2651,26,0,3,8,68524,"Yes",0,"No","F","Bachelors","Professional",34,"Private",1500,3,"Sports Car","no",7946,3,"No",11,10,1,"Highly Urban/ Urban"
2418,45,0,0,11,125058,"No",0,"No","M","PhD","",33,"Commercial",18510,1,"Van","yes",0,0,"Yes",0,8,1,"Highly Urban/ Urban"
2080,38,0,0,9,12216,"No",0,"No","F","High School","Student",39,"Commercial",5560,6,"SUV","no",0,0,"Yes",0,1,1,"Highly Urban/ Urban"
4618,33,0,5,13,28084,"No",132519,"Yes","F","High School","Clerical",43,"Private",11100,1,"SUV","no",555,2,"No",3,1,1,"Highly Urban/ Urban"
4966,35,0,1,9,77179,"Yes",0,"No","M","High School","Blue Collar",34,"Commercial",12720,10,"Minivan","no",0,0,"No",0,4,1,"Highly Urban/ Urban"
4120,28,0,1,9,12117,"Yes",0,"No","M","Bachelors","Student",26,"Commercial",5510,1,"Pickup","yes",0,0,"No",3,1,1,"Highly Urban/ Urban"
3213,45,1,2,13,90479,"No",250111,"Yes","M","Masters","",30,"Commercial",36330,1,"Panel Truck","no",0,0,"No",0,1,1,"Highly Urban/ Urban"
3896,41,0,0,9,18939,"No",0,"No","M","<High School","Blue Collar",50,"Private",5600,6,"Minivan","no",5171,4,"No",4,1,1,"Highly Urban/ Urban"
1834,43,0,2,10,50952,"Yes",0,"No","M","High School","Blue Collar",27,"Private",10900,7,"Minivan","no",0,0,"No",0,9,1,"Highly Urban/ Urban"
4104,36,0,1,8,20494,"No",0,"Yes","M","High School","Student",22,"Commercial",5000,1,"Pickup","yes",1091,1,"No",5,7,1,"Highly Urban/ Urban"
3975,52,0,0,8,273507,"No",630267,"No","M","PhD","Manager",26,"Commercial",17570,1,"Van","no",10200,3,"No",6,16,1,"Highly Urban/ Urban"
6761,57,0,0,9,162519,"No",0,"No","F","PhD","Doctor",25,"Private",23450,4,"Minivan","no",8044,3,"No",2,14,1,"Highly Urban/ Urban"
5201,56,0,0,9,36635,"No",132567,"Yes","F","High School","Clerical",16,"Private",5160,6,"SUV","no",24822,3,"Yes",4,11,1,"Highly Urban/ Urban"
4568,34,0,1,0,0,"Yes",0,"No","M","High School","Student",32,"Commercial",11910,4,"Pickup","no",2361,3,"No",4,1,1,"Highly Urban/ Urban"
3751,40,0,0,11,59822,"No",171876,"Yes","F","High School","Blue Collar",51,"Commercial",18110,1,"Minivan","no",7769,3,"No",4,1,1,"Highly Urban/ Urban"
2702,48,0,0,12,144922,"No",0,"No","M","Masters","",31,"Commercial",6300,1,"Pickup","no",0,0,"Yes",0,20,1,"Highly Urban/ Urban"
4537,44,1,3,16,119998,"No",331683,"Yes","M","PhD","",34,"Commercial",5900,10,"Pickup","yes",0,0,"No",2,11,1,"Highly Urban/ Urban"
23910,42,0,1,12,98515,"Yes",289187,"No","F","Masters","Lawyer",22,"Private",15990,1,"SUV","no",4208,1,"No",4,17,1,"Highly Urban/ Urban"
60847,36,1,2,12,131090,"Yes",360638,"No","M","Bachelors","Blue Collar",29,"Commercial",32430,1,"Panel Truck","yes",6514,4,"No",9,9,1,"Highly Urban/ Urban"
6799,39,0,0,7,23551,"No",0,"No","M","High School","Clerical",39,"Commercial",9200,10,"Pickup","yes",6632,3,"No",4,1,1,"Highly Urban/ Urban"
3069,29,0,1,0,0,"Yes",0,"No","F","High School","Student",40,"Commercial",9370,10,"Sports Car","no",0,0,"No",0,1,1,"Highly Urban/ Urban"
4373,58,0,0,8,77297,"No",280067,"No","M","Bachelors","Blue Collar",5,"Commercial",7300,4,"Pickup","no",3075,4,"No",5,1,1,"Highly Urban/ Urban"
26244,50,0,1,15,61138,"No",198569,"Yes","M","Masters","Lawyer",16,"Private",36330,1,"Minivan","no",0,0,"No",1,1,1,"Highly Urban/ Urban"
6471,46,0,0,6,77946,"No",225853,"Yes","M","High School","Blue Collar",34,"Commercial",17840,3,"Van","yes",4002,1,"No",1,1,1,"Highly Urban/ Urban"
830,49,0,0,12,26217,"No",0,"No","M","Masters","Lawyer",15,"Private",12510,6,"Minivan","yes",6281,2,"No",1,16,1,"Highly Urban/ Urban"
4907,40,1,1,12,159889,"No",412774,"Yes","F","PhD","Doctor",10,"Private",24870,4,"Sports Car","no",7343,4,"No",3,13,1,"Highly Urban/ Urban"
5165,35,0,0,9,55578,"No",173187,"Yes","F","High School","Blue Collar",47,"Commercial",22230,5,"Minivan","no",0,0,"No",4,5,1,"Highly Urban/ Urban"
6872,37,0,0,10,55076,"No",245993,"Yes","M","High School","Clerical",23,"Private",16400,4,"Van","no",0,0,"No",1,1,1,"Highly Urban/ Urban"
4950,53,0,0,11,168419,"No",0,"No","M","PhD","Lawyer",17,"Private",15340,6,"Minivan","no",0,0,"No",0,15,1,"Highly Urban/ Urban"
3542,46,1,0,13,83790,"No",266852,"Yes","M","Bachelors","Manager",53,"Private",16450,6,"SUV","no",5105,3,"No",3,10,1,"Highly Urban/ Urban"
6425,58,2,2,16,46187,"No",201756,"Yes","F","<High School","Blue Collar",27,"Private",4090,4,"SUV","no",0,0,"No",0,1,1,"Highly Urban/ Urban"
1896,42,1,1,10,61365,"No",152143,"Yes","F","Bachelors","Professional",36,"Private",14830,10,"SUV","no",0,0,"No",0,13,1,"Highly Urban/ Urban"
3009,57,0,0,9,26222,"No",165896,"Yes","M","<High School","Clerical",73,"Commercial",23720,11,"Panel Truck","yes",4006,1,"No",0,1,1,"Highly Urban/ Urban"
676,56,0,0,14,22881,"No",174663,"Yes","M","High School","Blue Collar",19,"Commercial",7100,1,"Pickup","yes",995,3,"No",3,1,1,"Highly Urban/ Urban"
980,29,0,1,10,17984,"Yes",0,"No","M","High School","Clerical",35,"Private",13680,7,"Minivan","yes",4814,3,"No",5,1,1,"Highly Urban/ Urban"
3421,40,0,2,14,50401,"Yes",149910,"No","F","High School","Clerical",5,"Private",1500,6,"SUV","no",0,0,"No",3,7,1,"Highly Urban/ Urban"
1639,41,1,2,13,111014,"Yes",298205,"No","F","Masters","Lawyer",35,"Private",1500,6,"SUV","no",20972,2,"Yes",6,17,1,"Highly Urban/ Urban"
755,48,0,0,13,54028,"No",193941,"Yes","F","Bachelors","Home Maker",46,"Private",6450,1,"SUV","no",2755,2,"No",0,7,1,"Highly Urban/ Urban"
1550,47,0,0,0,0,"No",0,"No","F","<High School","Student",26,"Private",6200,6,"Sports Car","no",0,0,"No",4,1,1,"Highly Urban/ Urban"
6050,50,0,0,11,33575,"No",175923,"Yes","M","High School","Blue Collar",44,"Commercial",12470,1,"Minivan","no",3707,1,"Yes",0,7,1,"Highly Urban/ Urban"
1213,52,0,0,11,38806,"No",202431,"Yes","M","High School","Clerical",69,"Commercial",10580,1,"Pickup","yes",1552,2,"No",3,10,1,"Highly Urban/ Urban"
5428,30,0,5,0,0,"No",0,"Yes","M","High School","Student",6,"Commercial",16810,1,"Van","no",1975,3,"No",8,1,1,"Highly Urban/ Urban"
2851,21,0,1,0,0,"Yes",0,"No","F","High School","Student",14,"Commercial",9560,4,"Minivan","yes",7225,3,"No",3,1,1,"Highly Rural/ Rural"
2389,53,0,0,13,40383,"No",203659,"No","M","Masters","Lawyer",27,"Private",10490,1,"Pickup","no",8424,1,"No",5,11,1,"Highly Urban/ Urban"
2772,31,0,1,14,86794,"Yes",0,"No","F","Bachelors","Blue Collar",55,"Commercial",19910,4,"SUV","no",4156,1,"Yes",2,8,1,"Highly Urban/ Urban"
3930,45,0,2,12,28453,"No",126662,"Yes","M","High School","Clerical",30,"Private",13730,11,"Minivan","yes",1150,2,"No",5,1,1,"Highly Urban/ Urban"
5013,42,0,0,7,155570,"No",0,"No","F","PhD","Doctor",39,"Private",16390,6,"SUV","no",4601,3,"No",0,13,1,"Highly Urban/ Urban"
6519,31,0,1,13,106614,"No",316309,"Yes","F","High School","Blue Collar",21,"Commercial",15260,7,"Minivan","no",5318,3,"Yes",2,1,1,"Highly Urban/ Urban"
6835,55,0,0,10,40683,"No",163194,"Yes","F","High School","Blue Collar",32,"Commercial",5570,13,"Sports Car","no",0,0,"No",3,9,1,"Highly Urban/ Urban"
5863,51,0,1,14,23766,"No",173701,"Yes","M","<High School","Clerical",43,"Commercial",8980,7,"Pickup","yes",0,0,"No",0,6,1,"Highly Urban/ Urban"
4904,57,0,0,15,44108,"No",0,"No","F","High School","Student",14,"Private",18530,10,"SUV","no",2056,2,"No",0,1,1,"Highly Urban/ Urban"
2901,46,0,0,13,147091,"No",0,"No","F","PhD","",57,"Commercial",30690,4,"Pickup","no",35095,3,"Yes",0,19,1,"Highly Urban/ Urban"
3225,41,0,0,11,23250,"No",158854,"Yes","F","<High School","Blue Collar",23,"Private",14020,6,"Sports Car","no",0,0,"No",0,1,1,"Highly Rural/ Rural"
1305,47,0,0,0,0,"No",0,"No","M","<High School","Student",25,"Private",6200,9,"Pickup","no",25973,1,"Yes",0,5,1,"Highly Urban/ Urban"
4435,61,0,0,14,76875,"No",0,"No","F","Masters","Lawyer",39,"Private",17740,10,"Sports Car","no",6587,3,"No",8,1,1,"Highly Urban/ Urban"
5812,45,1,2,10,108151,"Yes",0,"No","F","Bachelors","Manager",50,"Private",12320,11,"Minivan","no",4746,2,"No",0,1,1,"Highly Urban/ Urban"
3561,51,0,1,18,30531,"No",122736,"Yes","F","High School","Blue Collar",48,"Commercial",15470,1,"SUV","no",4874,3,"No",5,1,1,"Highly Urban/ Urban"
2344,47,0,0,7,21517,"No",130812,"Yes","M","High School","Clerical",12,"Commercial",8350,10,"Pickup","no",7143,2,"No",7,1,1,"Highly Urban/ Urban"
4430,47,0,0,13,45431,"No",192184,"Yes","M","<High School","Blue Collar",45,"Commercial",16780,4,"Van","no",3809,2,"No",5,1,1,"Highly Urban/ Urban"
7028,47,0,0,5,48058,"No",148046,"Yes","M","Masters","Lawyer",56,"Private",19030,6,"Van","no",0,0,"No",0,18,1,"Highly Urban/ Urban"
4155,47,0,0,10,116767,"No",275218,"Yes","F","Bachelors","Manager",67,"Private",34610,1,"Minivan","no",0,0,"No",1,8,1,"Highly Urban/ Urban"
744,35,0,2,11,55637,"Yes",0,"No","F","High School","Blue Collar",38,"Commercial",22780,1,"Sports Car","no",0,0,"No",0,1,1,"Highly Urban/ Urban"
5548,51,0,0,12,67452,"No",0,"No","F","High School","Blue Collar",58,"Commercial",21600,3,"Sports Car","no",4075,3,"No",4,5,1,"Highly Urban/ Urban"
1618,51,0,0,0,0,"No",0,"No","F","High School","Home Maker",5,"Private",16760,6,"SUV","no",0,0,"No",1,4,1,"Highly Urban/ Urban"
1781,58,2,3,10,125791,"No",371188,"Yes","F","Masters","Lawyer",45,"Private",14680,9,"SUV","no",8386,2,"No",1,18,1,"Highly Urban/ Urban"
709,38,0,0,0,0,"No",0,"Yes","F","Bachelors","Student",29,"Commercial",5300,1,"Sports Car","no",8080,1,"Yes",5,11,1,"Highly Urban/ Urban"
3556,45,0,2,13,14604,"Yes",114676,"No","F","<High School","Clerical",52,"Private",7460,16,"SUV","no",9543,3,"No",9,1,1,"Highly Urban/ Urban"
5349,44,1,3,13,216412,"No",495325,"Yes","M","PhD","",40,"Commercial",28770,1,"Panel Truck","no",1312,3,"No",0,18,1,"Highly Urban/ Urban"
4376,32,0,1,9,89286,"Yes",0,"No","F","High School","Blue Collar",37,"Commercial",4700,6,"Sports Car","no",0,0,"Yes",1,9,1,"Highly Urban/ Urban"
1710,48,0,0,0,0,"No",0,"Yes","M","High School","Student",30,"Commercial",10940,1,"Pickup","yes",0,0,"No",0,12,1,"Highly Rural/ Rural"
4566,60,0,3,17,6104,"No",0,"Yes","F","Bachelors","Student",31,"Commercial",8540,1,"SUV","no",0,0,"No",0,7,1,"Highly Rural/ Rural"
865,44,1,1,11,27052,"Yes",0,"No","F","High School","Clerical",15,"Private",8610,6,"Sports Car","no",4321,3,"No",8,3,1,"Highly Urban/ Urban"
1942,43,0,0,11,40791,"No",197873,"Yes","M","High School","Clerical",7,"Commercial",9480,4,"Pickup","yes",3507,2,"No",1,1,1,"Highly Urban/ Urban"
8000,46,0,0,7,82149,"No",0,"No","M","Bachelors","Blue Collar",19,"Commercial",19980,7,"Van","yes",8054,2,"No",0,10,1,"Highly Urban/ Urban"
4538,33,0,2,10,93258,"No",291200,"Yes","M","Bachelors","Professional",66,"Commercial",20120,9,"Van","no",5480,4,"No",1,7,1,"Highly Urban/ Urban"
3896,43,0,0,6,86530,"No",0,"No","F","Bachelors","Blue Collar",54,"Commercial",15490,6,"Sports Car","no",2441,2,"No",0,13,1,"Highly Urban/ Urban"
4046,54,0,0,0,0,"No",0,"No","F","High School","Student",38,"Commercial",7180,6,"Sports Car","no",19036,2,"Yes",4,5,1,"Highly Rural/ Rural"
5913,35,0,1,12,8701,"No",80364,"Yes","M","Masters","Professional",28,"Private",6050,10,"Pickup","yes",23176,1,"No",6,17,1,"Highly Urban/ Urban"
5089,56,0,0,13,33193,"No",149500,"Yes","M","High School","Blue Collar",40,"Commercial",11480,4,"Pickup","no",4196,2,"No",1,1,1,"Highly Urban/ Urban"
5871,49,0,0,8,39490,"No",175057,"No","F","High School","Professional",61,"Private",5450,1,"SUV","no",0,0,"No",0,1,1,"Highly Rural/ Rural"
1361,50,0,0,11,68517,"No",0,"No","M","Masters","",52,"Commercial",26290,6,"Panel Truck","yes",0,0,"No",0,12,1,"Highly Urban/ Urban"
16652,35,0,0,9,26048,"No",0,"No","M","High School","Clerical",42,"Commercial",28370,4,"Panel Truck","yes",0,0,"No",3,1,1,"Highly Urban/ Urban"
1050,35,0,1,6,17972,"No",109056,"Yes","M","<High School","Clerical",35,"Private",14050,7,"Minivan","yes",6890,3,"No",4,1,1,"Highly Urban/ Urban"
27521,50,0,0,7,50899,"No",0,"No","F","High School","Blue Collar",55,"Commercial",11590,10,"SUV","no",0,0,"No",3,1,1,"Highly Urban/ Urban"
8446,53,0,0,12,46979,"No",212163,"No","M","High School","Blue Collar",24,"Commercial",4580,10,"Minivan","yes",5011,2,"No",1,9,1,"Highly Urban/ Urban"
1804,38,0,2,8,47366,"Yes",0,"No","F","High School","Blue Collar",66,"Commercial",6240,1,"SUV","no",0,0,"No",1,6,1,"Highly Urban/ Urban"
2986,53,0,0,0,0,"No",74945,"Yes","F","High School","Home Maker",56,"Private",1500,4,"SUV","no",0,0,"No",0,1,1,"Highly Urban/ Urban"
5791,45,0,1,10,102765,"Yes",0,"No","F","Masters","Lawyer",43,"Private",18150,1,"Minivan","no",5796,2,"No",0,17,1,"Highly Urban/ Urban"
6022,45,0,0,9,61710,"No",255337,"Yes","M","Bachelors","Professional",34,"Commercial",9040,6,"Pickup","yes",0,0,"No",0,11,1,"Highly Urban/ Urban"
9059,28,0,1,7,21970,"Yes",0,"No","M","<High School","Blue Collar",60,"Private",7950,10,"Pickup","no",2004,3,"No",3,6,1,"Highly Urban/ Urban"
3591,54,0,0,12,64423,"No",216645,"No","M","PhD","Doctor",20,"Private",17350,1,"Van","yes",0,0,"No",0,16,1,"Highly Urban/ Urban"
13720,47,0,0,0,0,"No",84486,"No","F","Bachelors","Home Maker",32,"Private",8140,10,"Sports Car","no",41175,2,"Yes",3,1,1,"Highly Urban/ Urban"
2667,47,0,0,10,119454,"No",0,"No","F","Masters","",23,"Commercial",27530,1,"Pickup","no",0,0,"Yes",0,14,1,"Highly Urban/ Urban"
2219,41,0,2,16,35636,"No",150462,"Yes","F","High School","Clerical",42,"Private",15120,6,"Sports Car","no",5358,1,"No",7,1,1,"Highly Urban/ Urban"
20264,27,0,0,10,25564,"No",0,"No","F","<High School","Blue Collar",26,"Private",9070,6,"SUV","no",0,0,"No",2,1,1,"Highly Urban/ Urban"
1745,52,0,0,13,18426,"No",137473,"No","M","<High School","Clerical",14,"Private",8540,6,"Pickup","no",3653,1,"No",2,1,1,"Highly Urban/ Urban"
6639,46,0,0,12,28996,"No",137891,"No","F","High School","Clerical",60,"Private",9200,4,"Minivan","no",0,0,"No",1,9,1,"Highly Urban/ Urban"
5984,36,0,3,19,34658,"No",191264,"Yes","F","High School","Blue Collar",25,"Commercial",8290,6,"SUV","no",30192,1,"Yes",7,1,1,"Highly Urban/ Urban"
1907,57,0,2,0,0,"Yes",0,"No","F","Bachelors","Home Maker",38,"Private",7200,1,"SUV","no",0,0,"No",1,8,1,"Highly Urban/ Urban"
4259,31,0,1,12,33782,"Yes",0,"No","F","High School","Clerical",17,"Private",4600,6,"Sports Car","no",0,0,"No",0,5,1,"Highly Urban/ Urban"
2288,38,0,0,10,44809,"No",0,"No","F","<High School","Blue Collar",26,"Private",9780,6,"SUV","no",0,0,"No",0,8,1,"Highly Urban/ Urban"
4018,23,0,3,12,14307,"No",119409,"Yes","M","Bachelors","Clerical",49,"Private",2930,3,"Minivan","no",0,0,"No",4,1,1,"Highly Urban/ Urban"
17367,20,0,0,10,38681,"No",0,"No","F","Bachelors","Professional",64,"Private",17010,9,"SUV","yes",30646,1,"Yes",10,10,1,"Highly Urban/ Urban"
4746,32,0,1,9,42018,"No",124856,"Yes","F","Bachelors","Professional",12,"Private",18600,8,"SUV","no",0,0,"No",4,8,1,"Highly Urban/ Urban"
4326,35,0,2,11,47643,"No",150050,"Yes","F","High School","Clerical",34,"Private",5000,6,"SUV","no",7165,2,"No",0,1,1,"Highly Urban/ Urban"
6346,41,0,0,11,96813,"No",279879,"Yes","M","Bachelors","Professional",14,"Commercial",24300,1,"Panel Truck","yes",10764,2,"No",3,7,1,"Highly Urban/ Urban"
2908,41,1,2,14,290846,"No",682634,"Yes","F","Masters","Manager",41,"Commercial",43280,6,"Panel Truck","no",4422,2,"No",0,18,1,"Highly Urban/ Urban"
6389,44,0,0,12,40711,"No",128970,"Yes","M","Bachelors","Clerical",33,"Private",12250,6,"Minivan","yes",0,0,"No",0,8,1,"Highly Urban/ Urban"
3615,31,0,1,12,31476,"Yes",121092,"No","F","<High School","Clerical",45,"Private",7750,10,"SUV","no",0,0,"No",0,1,1,"Highly Urban/ Urban"
5301,34,0,4,13,54488,"No",216444,"Yes","F","High School","Blue Collar",34,"Commercial",13360,1,"SUV","no",4470,4,"No",0,1,1,"Highly Urban/ Urban"
3595,53,0,0,14,49636,"No",158951,"Yes","M","High School","Blue Collar",23,"Commercial",8670,10,"Minivan","yes",0,0,"No",0,1,1,"Highly Urban/ Urban"
3116,36,1,2,11,43680,"No",164455,"Yes","F","High School","Blue Collar",17,"Commercial",10220,1,"SUV","no",6121,2,"No",0,6,1,"Highly Urban/ Urban"
3611,48,0,0,0,0,"No",127576,"Yes","F","High School","Home Maker",30,"Private",6300,4,"SUV","no",0,0,"No",0,9,1,"Highly Urban/ Urban"
5558,40,0,2,15,74402,"No",247416,"Yes","M","High School","Blue Collar",43,"Commercial",8940,1,"Pickup","no",2712,2,"No",2,7,1,"Highly Urban/ Urban"
5238,22,0,2,13,11047,"Yes",0,"No","F","<High School","Clerical",47,"Private",18770,1,"SUV","no",6996,1,"No",0,8,1,"Highly Urban/ Urban"
1929,37,0,1,11,73941,"Yes",265035,"No","F","Bachelors","Manager",6,"Private",5200,10,"Sports Car","no",7372,3,"No",4,10,1,"Highly Urban/ Urban"
3312,39,0,0,0,0,"No",0,"No","F","Bachelors","Home Maker",41,"Commercial",10070,4,"SUV","no",3855,2,"No",6,14,1,"Highly Urban/ Urban"
4348,39,1,1,12,39643,"No",218195,"Yes","M","Bachelors","Clerical",38,"Private",22810,6,"Minivan","no",6656,2,"No",0,11,1,"Highly Urban/ Urban"
3931,39,1,2,11,43971,"No",186086,"Yes","F","High School","Blue Collar",52,"Private",16540,1,"Minivan","no",0,0,"No",1,1,1,"Highly Urban/ Urban"
3397,25,0,2,14,18159,"No",87400,"Yes","M","High School","Clerical",55,"Private",15360,15,"Minivan","yes",5117,2,"No",7,1,1,"Highly Urban/ Urban"
7481,47,0,0,11,28163,"No",126125,"No","F","<High School","Clerical",22,"Private",4320,6,"Sports Car","no",17368,2,"Yes",0,5,1,"Highly Urban/ Urban"
3667,55,0,0,13,56227,"No",211232,"Yes","F","High School","Blue Collar",40,"Commercial",7000,8,"SUV","no",6552,1,"No",7,1,1,"Highly Urban/ Urban"
8615,41,1,2,10,119354,"No",309520,"Yes","M","Masters","",34,"Commercial",5600,7,"Pickup","yes",38312,2,"Yes",4,18,1,"Highly Urban/ Urban"
8195,40,0,0,8,20753,"No",165464,"No","F","High School","Clerical",65,"Private",8570,1,"Sports Car","no",3068,3,"No",4,9,1,"Highly Urban/ Urban"
3808,19,0,0,6,5336,"No",0,"No","F","High School","Clerical",26,"Private",11650,6,"Sports Car","yes",1845,2,"No",7,1,1,"Highly Urban/ Urban"
4090,39,0,0,8,52589,"No",0,"No","F","PhD","",55,"Commercial",25580,16,"Pickup","no",4823,4,"No",6,18,1,"Highly Urban/ Urban"
1381,54,0,0,10,122773,"No",0,"No","M","Bachelors","Professional",44,"Commercial",7590,1,"Pickup","yes",5517,4,"No",3,7,1,"Highly Urban/ Urban"
10958,41,1,2,13,65885,"Yes",0,"No","F","High School","Blue Collar",51,"Commercial",12190,1,"SUV","no",0,0,"Yes",4,8,1,"Highly Urban/ Urban"
2007,57,0,0,8,38253,"No",208139,"No","F","High School","Manager",37,"Private",9690,1,"SUV","no",4588,1,"No",6,1,1,"Highly Urban/ Urban"
2487,37,2,2,10,107937,"Yes",297539,"No","F","Masters","Lawyer",35,"Private",19130,3,"SUV","no",5730,3,"No",1,12,1,"Highly Urban/ Urban"
4802,49,0,0,11,39220,"No",201872,"No","F","<High School","Blue Collar",34,"Commercial",16430,10,"SUV","no",5161,1,"No",11,7,1,"Highly Urban/ Urban"
12024,47,0,0,14,66524,"No",0,"No","M","Bachelors","Professional",56,"Private",12850,3,"Minivan","yes",0,0,"No",0,12,1,"Highly Urban/ Urban"
6539,50,0,0,12,45215,"No",0,"No","F","High School","Blue Collar",33,"Commercial",26460,6,"Minivan","no",0,0,"No",4,13,1,"Highly Urban/ Urban"
5212,53,0,0,11,30319,"No",175890,"No","F","High School","Professional",8,"Private",6800,6,"SUV","no",0,0,"No",2,1,1,"Highly Urban/ Urban"
1869,49,0,0,0,0,"No",87080,"Yes","M","High School","Student",69,"Commercial",6400,1,"Pickup","yes",5032,3,"No",7,1,1,"Highly Urban/ Urban"
731,51,0,0,11,38668,"No",0,"No","M","Bachelors","Clerical",49,"Private",1500,6,"Minivan","yes",31344,3,"Yes",2,7,1,"Highly Rural/ Rural"
7058,57,2,3,14,106140,"Yes",347576,"No","F","Masters","Lawyer",39,"Private",7200,4,"SUV","no",0,0,"Yes",4,15,1,"Highly Urban/ Urban"
4042,44,0,0,13,69236,"No",266489,"Yes","F","High School","Blue Collar",38,"Private",5800,1,"Sports Car","no",0,0,"No",0,1,1,"Highly Urban/ Urban"
5441,39,0,3,15,12854,"Yes",0,"No","F","<High School","Student",25,"Commercial",12800,11,"SUV","no",2452,1,"No",3,8,1,"Highly Rural/ Rural"
6415,40,0,0,0,0,"No",0,"No","F","Bachelors","Home Maker",31,"Private",7470,15,"SUV","no",9603,2,"No",3,13,1,"Highly Urban/ Urban"
8351,35,0,0,7,64379,"No",0,"No","M","Bachelors","Blue Collar",88,"Commercial",15030,1,"Minivan","yes",0,0,"No",0,12,1,"Highly Rural/ Rural"
4090,32,0,3,11,62615,"No",184803,"Yes","M","Masters","",18,"Commercial",24660,1,"Panel Truck","no",2130,2,"No",4,14,1,"Highly Urban/ Urban"
1221,45,0,0,0,0,"No",70067,"No","F","Bachelors","Home Maker",40,"Private",6000,1,"SUV","no",3373,3,"No",1,11,1,"Highly Urban/ Urban"
3419,33,0,2,14,82407,"Yes",0,"No","M","High School","Blue Collar",51,"Commercial",4600,1,"Pickup","no",1794,2,"No",0,6,1,"Highly Urban/ Urban"
3548,54,1,1,7,64155,"No",221443,"Yes","F","Bachelors","Professional",34,"Private",13320,10,"SUV","no",7884,5,"No",1,17,1,"Highly Urban/ Urban"
3350,42,0,0,8,52292,"No",172461,"Yes","M","High School","Blue Collar",38,"Commercial",22960,6,"Panel Truck","yes",6597,2,"No",3,1,1,"Highly Urban/ Urban"
31532,31,0,4,14,48317,"No",133939,"Yes","F","High School","Clerical",41,"Private",26130,7,"SUV","no",0,0,"No",0,1,1,"Highly Urban/ Urban"
3393,45,2,2,16,101470,"No",321990,"Yes","F","Bachelors","Blue Collar",25,"Commercial",11840,3,"SUV","no",0,0,"Yes",3,11,1,"Highly Urban/ Urban"
1791,32,0,4,0,0,"No",60950,"Yes","M","<High School","Student",36,"Commercial",9150,10,"Pickup","yes",0,0,"No",4,1,1,"Highly Urban/ Urban"
2827,53,0,0,12,180034,"No",0,"No","F","PhD","",27,"Commercial",32950,6,"Pickup","no",3488,2,"No",3,15,1,"Highly Urban/ Urban"
2763,37,0,0,13,78341,"No",0,"No","M","Bachelors","Professional",47,"Commercial",10890,4,"Pickup","yes",3857,4,"No",2,11,1,"Highly Urban/ Urban"
6162,64,0,0,14,65398,"No",231176,"Yes","F","Masters","Lawyer",53,"Private",13810,11,"Sports Car","no",9658,1,"No",0,15,1,"Highly Urban/ Urban"
7531,41,0,0,3,85545,"No",0,"No","F","Masters","Lawyer",36,"Private",6000,1,"Sports Car","no",26003,2,"Yes",4,21,1,"Highly Urban/ Urban"
4892,51,0,0,15,57782,"No",187295,"Yes","F","High School","Blue Collar",26,"Commercial",12380,6,"Pickup","no",0,0,"No",1,6,1,"Highly Urban/ Urban"
7563,25,0,5,14,59896,"No",224977,"Yes","F","Bachelors","Clerical",30,"Private",11780,1,"SUV","no",30213,2,"Yes",4,7,1,"Highly Urban/ Urban"
2188,37,0,0,0,0,"No",80900,"Yes","F","High School","Student",40,"Commercial",5200,1,"Sports Car","no",6064,1,"No",0,8,1,"Highly Urban/ Urban"
4435,56,0,0,13,231004,"No",553221,"Yes","M","PhD","Professional",22,"Commercial",30200,1,"Panel Truck","no",7092,2,"No",0,17,1,"Highly Urban/ Urban"
7008,48,0,0,0,0,"No",0,"Yes","F","High School","Student",47,"Commercial",7380,17,"SUV","no",4969,1,"No",5,10,1,"Highly Urban/ Urban"
4804,45,2,4,16,65801,"Yes",0,"No","F","High School","Blue Collar",14,"Commercial",16070,1,"SUV","no",7056,1,"No",3,1,1,"Highly Urban/ Urban"
4876,46,0,0,7,37192,"No",139612,"Yes","M","High School","Professional",24,"Commercial",6100,6,"Pickup","no",0,0,"No",4,1,1,"Highly Urban/ Urban"
3134,55,0,0,13,70839,"No",0,"No","M","Bachelors","Professional",8,"Commercial",24120,1,"Panel Truck","yes",0,0,"No",1,11,1,"Highly Urban/ Urban"
3172,58,0,1,0,0,"Yes",0,"No","M","High School","Student",51,"Private",13140,1,"Minivan","yes",5696,4,"No",9,1,1,"Highly Urban/ Urban"
15019,52,0,0,11,41367,"No",198177,"Yes","M","High School","Blue Collar",7,"Commercial",10840,1,"Pickup","yes",0,0,"No",2,8,1,"Highly Urban/ Urban"
6059,47,0,0,14,19527,"No",134741,"No","F","High School","Blue Collar",50,"Commercial",8150,1,"SUV","no",23275,1,"Yes",2,1,1,"Highly Urban/ Urban"
1519,38,0,1,9,19122,"Yes",0,"No","M","High School","Professional",40,"Commercial",5300,10,"Pickup","yes",0,0,"Yes",0,1,1,"Highly Urban/ Urban"
1911,49,0,0,0,0,"No",0,"No","F","Bachelors","Student",16,"Commercial",8820,1,"Pickup","no",29572,3,"Yes",2,9,1,"Highly Urban/ Urban"
7692,46,0,0,8,30111,"No",164877,"No","M","<High School","Blue Collar",28,"Private",3910,4,"Minivan","yes",0,0,"No",1,1,1,"Highly Urban/ Urban"
4638,48,1,0,13,14522,"No",109990,"Yes","M","<High School","Clerical",29,"Private",14940,6,"Minivan","no",7310,3,"No",8,9,1,"Highly Rural/ Rural"
1756,33,0,1,9,26177,"Yes",113050,"No","M","High School","Blue Collar",33,"Commercial",6780,10,"Pickup","no",3469,3,"No",5,7,1,"Highly Urban/ Urban"
3128,42,0,1,11,44955,"No",161808,"Yes","M","Bachelors","Professional",30,"Private",18790,13,"Minivan","yes",0,0,"No",2,7,1,"Highly Urban/ Urban"
5761,47,0,0,14,85183,"No",273069,"Yes","F","Bachelors","Professional",40,"Commercial",34380,7,"Van","no",6308,2,"No",2,14,1,"Highly Urban/ Urban"
5386,61,2,2,14,36611,"No",172982,"Yes","M","High School","Clerical",28,"Private",8380,7,"SUV","yes",1139,3,"No",1,1,1,"Highly Urban/ Urban"
2051,30,0,1,10,69357,"No",227852,"Yes","F","High School","Blue Collar",33,"Commercial",11440,4,"Sports Car","no",0,0,"No",0,8,1,"Highly Urban/ Urban"
6612,61,0,0,12,179536,"No",481375,"No","M","PhD","Doctor",45,"Private",7600,1,"SUV","no",0,0,"No",0,19,1,"Highly Urban/ Urban"
5724,43,1,3,17,32505,"No",162586,"Yes","F","<High School","Blue Collar",29,"Commercial",3750,6,"Sports Car","no",6714,1,"No",11,1,1,"Highly Urban/ Urban"
3347,45,0,1,9,24178,"No",115381,"Yes","F","<High School","Clerical",67,"Private",19100,6,"SUV","no",7727,3,"Yes",2,1,1,"Highly Urban/ Urban"
9945,61,0,0,14,62706,"No",196195,"No","F","Masters","Lawyer",45,"Private",13870,4,"Sports Car","no",8081,1,"Yes",4,12,1,"Highly Urban/ Urban"
6914,28,0,3,0,0,"Yes",0,"No","M","Bachelors","Student",33,"Commercial",3830,1,"Minivan","yes",4311,1,"No",0,12,1,"Highly Urban/ Urban"
2559,45,1,1,12,67633,"No",211342,"Yes","F","High School","Blue Collar",29,"Private",6000,4,"Sports Car","no",4339,3,"No",3,10,1,"Highly Urban/ Urban"
4037,61,0,0,14,59690,"No",232227,"Yes","F","PhD","Lawyer",44,"Private",13570,10,"Sports Car","no",0,0,"No",0,14,1,"Highly Urban/ Urban"
1620,42,1,3,12,106194,"Yes",0,"No","F","Masters","",33,"Commercial",18760,6,"Pickup","no",0,0,"No",0,8,1,"Highly Urban/ Urban"
5216,39,0,0,9,54960,"No",215876,"Yes","M","High School","Blue Collar",5,"Commercial",10450,4,"Pickup","no",0,0,"No",2,5,1,"Highly Urban/ Urban"
4174,35,0,2,7,50872,"No",190621,"Yes","F","High School","Blue Collar",46,"Commercial",14980,6,"SUV","no",35500,1,"Yes",0,4,1,"Highly Urban/ Urban"
3737,51,0,0,0,0,"No",0,"Yes","M","High School","Student",34,"Commercial",26580,7,"Panel Truck","yes",5921,5,"No",0,1,1,"Highly Urban/ Urban"
3351,54,0,0,6,52409,"No",212452,"No","M","Bachelors","Clerical",40,"Private",12140,3,"Pickup","yes",1986,4,"No",2,7,1,"Highly Urban/ Urban"
4420,64,0,0,12,12291,"No",119621,"Yes","M","<High School","Clerical",33,"Private",15280,1,"SUV","no",6247,2,"No",2,3,1,"Highly Urban/ Urban"
2829,36,0,0,11,907,"No",0,"Yes","M","<High School","Student",43,"Private",8160,1,"Pickup","no",5386,1,"No",4,5,1,"Highly Urban/ Urban"
3693,42,1,4,15,9950,"No",0,"Yes","F","High School","Student",37,"Private",18800,8,"Sports Car","no",7942,3,"No",7,1,1,"Highly Urban/ Urban"
2778,44,0,2,0,0,"No",0,"Yes","M","High School","Student",25,"Private",15070,9,"Minivan","yes",0,0,"No",2,9,1,"Highly Rural/ Rural"
3442,35,0,0,5,18004,"No",0,"No","M","High School","Clerical",36,"Private",15290,4,"Minivan","yes",0,0,"Yes",0,1,1,"Highly Urban/ Urban"
4487,38,0,4,14,40248,"No",166402,"Yes","M","High School","Blue Collar",27,"Commercial",11520,1,"Minivan","yes",0,0,"No",1,9,1,"Highly Urban/ Urban"
4575,33,0,4,0,0,"No",0,"Yes","M","<High School","Student",5,"Commercial",8700,4,"Pickup","no",0,0,"No",0,1,1,"Highly Urban/ Urban"
8199,25,0,1,11,3355,"Yes",0,"No","M","Bachelors","Student",27,"Commercial",10060,4,"Pickup","yes",0,0,"No",0,5,1,"Highly Urban/ Urban"
7108,45,0,2,15,35441,"No",143569,"Yes","F","Masters","Lawyer",39,"Private",6000,1,"SUV","no",9611,2,"No",6,15,1,"Highly Urban/ Urban"
2379,54,0,0,6,55977,"No",0,"No","M","Bachelors","Professional",45,"Commercial",9790,1,"Pickup","yes",6193,1,"No",4,8,1,"Highly Urban/ Urban"
4274,40,2,2,15,40015,"Yes",145021,"No","M","High School","Blue Collar",15,"Commercial",25120,1,"Panel Truck","no",0,0,"No",2,1,1,"Highly Urban/ Urban"
2953,44,0,0,0,0,"No",115329,"Yes","F","High School","Home Maker",65,"Private",5900,1,"SUV","no",3218,1,"No",7,7,1,"Highly Urban/ Urban"
5499,39,0,0,11,23919,"No",0,"No","F","<High School","Clerical",29,"Private",5400,6,"Sports Car","no",4031,1,"No",4,6,1,"Highly Urban/ Urban"
5626,44,2,2,13,111701,"No",303430,"Yes","F","Bachelors","Manager",32,"Private",16370,1,"Sports Car","no",4873,2,"No",1,7,1,"Highly Urban/ Urban"
2217,50,0,0,9,71544,"No",0,"No","M","High School","Blue Collar",36,"Commercial",29900,4,"Panel Truck","yes",10768,3,"No",0,9,1,"Highly Urban/ Urban"
2000,61,0,0,11,80153,"No",272445,"No","F","Masters","Manager",32,"Private",16370,9,"Sports Car","no",0,0,"No",0,15,1,"Highly Urban/ Urban"
3585,44,0,0,12,29914,"No",0,"No","F","High School","Blue Collar",41,"Commercial",5900,3,"Sports Car","no",0,0,"No",1,1,1,"Highly Rural/ Rural"
2703,38,0,0,9,12216,"No",0,"No","F","High School","Student",53,"Commercial",5200,7,"Sports Car","no",0,0,"No",2,1,1,"Highly Urban/ Urban"
5800,40,1,2,7,82565,"Yes",0,"No","M","Bachelors","Professional",14,"Commercial",26440,6,"Panel Truck","yes",3699,3,"No",0,18,1,"Highly Urban/ Urban"
3854,19,0,0,5,3871,"No",76851,"Yes","F","High School","Manager",49,"Private",3790,3,"SUV","no",5194,3,"No",8,5,1,"Highly Urban/ Urban"
4790,29,0,1,14,51724,"No",148689,"Yes","M","High School","Professional",45,"Commercial",10330,7,"Pickup","no",0,0,"Yes",2,1,1,"Highly Urban/ Urban"
1315,49,0,0,9,82536,"No",238959,"No","F","Masters","Lawyer",30,"Private",7350,3,"Sports Car","no",46105,1,"Yes",2,7,1,"Highly Urban/ Urban"
2365,57,0,0,9,97059,"No",311131,"Yes","F","High School","Professional",30,"Private",15050,6,"SUV","no",6713,3,"No",0,1,1,"Highly Rural/ Rural"
2149,40,0,1,0,0,"Yes",0,"No","F","Masters","Home Maker",32,"Private",2750,3,"SUV","no",39401,3,"Yes",1,10,1,"Highly Urban/ Urban"
3527,33,0,1,13,49121,"Yes",222342,"No","M","High School","Professional",31,"Commercial",12170,4,"Pickup","no",3055,2,"No",7,8,1,"Highly Rural/ Rural"
3620,48,0,0,0,0,"No",0,"No","F","Bachelors","Home Maker",24,"Private",1500,9,"Sports Car","no",8567,2,"No",9,8,1,"Highly Urban/ Urban"
5563,39,0,0,10,116247,"No",0,"No","M","Bachelors","Blue Collar",25,"Commercial",21380,1,"Van","no",0,0,"No",0,8,1,"Highly Urban/ Urban"
4212,41,0,0,13,39055,"No",173444,"Yes","M","<High School","Blue Collar",81,"Commercial",26020,4,"Panel Truck","no",1044,2,"No",5,5,1,"Highly Urban/ Urban"
6405,53,0,0,12,41359,"No",182242,"Yes","M","Masters","",31,"Commercial",16850,9,"Van","yes",9581,1,"No",4,1,1,"Highly Urban/ Urban"
3736,54,0,0,14,164420,"No",402031,"Yes","F","PhD","Lawyer",48,"Private",1500,4,"SUV","no",10878,1,"No",2,21,1,"Highly Urban/ Urban"
13770,36,0,3,12,45590,"No",172745,"Yes","F","High School","Professional",9,"Private",16650,3,"SUV","no",0,0,"No",0,5,1,"Highly Urban/ Urban"
2663,50,0,0,0,0,"No",122287,"Yes","M","<High School","Student",66,"Private",1500,1,"Minivan","yes",0,0,"No",0,1,1,"Highly Rural/ Rural"
5645,45,0,1,0,0,"Yes",0,"No","F","High School","Student",44,"Private",1500,4,"Sports Car","no",0,0,"No",1,7,1,"Highly Urban/ Urban"
2546,22,0,0,7,12301,"No",0,"No","F","Bachelors","Blue Collar",49,"Commercial",8770,6,"Sports Car","yes",9232,3,"No",11,14,1,"Highly Urban/ Urban"
1125,55,0,0,10,54877,"No",0,"No","M","Bachelors","Clerical",37,"Commercial",42170,6,"Panel Truck","yes",0,0,"Yes",0,8,1,"Highly Urban/ Urban"
6868,45,2,2,12,8467,"No",105059,"Yes","F","<High School","Clerical",28,"Private",6900,9,"SUV","no",0,0,"No",0,6,1,"Highly Urban/ Urban"
5423,35,0,3,9,63364,"Yes",0,"No","M","Masters","Professional",69,"Commercial",23330,1,"Panel Truck","yes",0,0,"No",0,16,1,"Highly Urban/ Urban"
2394,31,0,3,10,26606,"Yes",0,"No","F","High School","Student",27,"Commercial",10890,1,"SUV","no",4044,2,"No",0,9,1,"Highly Urban/ Urban"
4009,43,0,0,9,53431,"No",0,"No","F","Bachelors","Professional",5,"Private",8050,3,"SUV","no",4408,1,"No",5,12,1,"Highly Urban/ Urban"
3731,50,0,0,13,46952,"No",223769,"Yes","F","Bachelors","Blue Collar",26,"Commercial",6200,1,"SUV","no",0,0,"No",0,1,1,"Highly Urban/ Urban"
7369,60,0,0,13,60432,"No",235070,"Yes","M","Bachelors","Professional",35,"Private",18560,1,"Minivan","yes",0,0,"No",0,10,1,"Highly Rural/ Rural"
7204,48,0,0,6,14410,"No",0,"No","F","<High School","Clerical",27,"Private",7740,7,"SUV","no",1001,1,"No",3,1,1,"Highly Urban/ Urban"
11213,26,0,0,9,24722,"No",0,"No","F","<High School","Clerical",28,"Private",9420,6,"SUV","no",0,0,"No",1,4,1,"Highly Urban/ Urban"
6880,38,1,2,12,14320,"Yes",77725,"No","F","High School","Home Maker",26,"Private",23950,1,"Minivan","no",3718,1,"No",0,4,1,"Highly Urban/ Urban"
4287,62,0,0,14,67112,"No",238759,"Yes","F","Bachelors","Professional",32,"Private",18300,1,"Sports Car","no",8363,1,"No",7,1,1,"Highly Urban/ Urban"
56400,44,0,2,15,16352,"No",134164,"Yes","F","High School","Home Maker",37,"Private",9760,1,"SUV","no",2316,1,"No",0,1,1,"Highly Urban/ Urban"
10690,45,0,2,15,20653,"No",140294,"Yes","F","<High School","Clerical",24,"Commercial",20720,1,"Pickup","no",0,0,"No",0,6,1,"Highly Urban/ Urban"
934,52,0,0,11,70198,"No",239210,"Yes","M","Bachelors","Blue Collar",41,"Commercial",37810,6,"Panel Truck","no",0,0,"Yes",0,9,1,"Highly Urban/ Urban"
1841,39,2,2,11,30290,"No",134576,"Yes","F","<High School","Blue Collar",20,"Commercial",18270,3,"Pickup","no",2787,3,"No",3,1,1,"Highly Urban/ Urban"
5324,47,0,0,15,57446,"No",205310,"Yes","M","High School","Professional",30,"Commercial",25090,4,"Panel Truck","no",0,0,"No",1,7,1,"Highly Urban/ Urban"
4913,38,0,2,0,0,"Yes",93228,"No","F","<High School","Home Maker",51,"Private",9750,8,"SUV","no",11093,3,"No",7,1,1,"Highly Urban/ Urban"
4495,36,0,0,8,131766,"No",0,"No","M","PhD","Manager",45,"Private",13950,4,"Minivan","yes",0,0,"No",0,11,1,"Highly Urban/ Urban"
8550,64,0,1,15,34199,"No",174149,"Yes","M","Bachelors","Blue Collar",5,"Private",11210,7,"Sports Car","yes",10572,4,"No",4,8,1,"Highly Urban/ Urban"
3423,39,0,0,10,70750,"No",228858,"No","M","Bachelors","Blue Collar",68,"Private",3350,1,"Minivan","no",6006,2,"No",3,14,1,"Highly Rural/ Rural"
3459,44,1,2,16,165769,"No",414539,"Yes","M","PhD","",27,"Commercial",44250,9,"Panel Truck","yes",26121,4,"Yes",8,11,1,"Highly Urban/ Urban"
3091,39,0,2,17,23094,"No",140813,"Yes","F","High School","Blue Collar",27,"Commercial",9310,4,"Sports Car","no",4732,2,"No",0,1,1,"Highly Urban/ Urban"
5769,38,2,2,9,43476,"Yes",156267,"No","F","High School","Blue Collar",37,"Commercial",5850,16,"SUV","no",7145,2,"No",0,1,1,"Highly Urban/ Urban"
4392,40,0,1,9,90326,"Yes",0,"No","M","Bachelors","Blue Collar",33,"Commercial",19380,3,"Van","yes",0,0,"No",0,7,1,"Highly Urban/ Urban"
5834,57,0,0,5,32033,"No",167795,"Yes","F","Masters","Home Maker",44,"Private",18110,10,"Sports Car","no",1575,2,"No",7,16,1,"Highly Urban/ Urban"
4771,35,0,2,12,105992,"Yes",0,"No","F","Bachelors","Professional",43,"Private",17540,1,"Minivan","no",25379,1,"Yes",0,9,1,"Highly Urban/ Urban"
5374,51,0,0,11,51303,"No",209767,"Yes","M","High School","Blue Collar",5,"Commercial",18900,1,"Van","no",3328,1,"No",8,11,1,"Highly Urban/ Urban"
1151,60,0,0,13,62049,"No",217434,"Yes","F","Masters","Lawyer",70,"Private",19620,11,"SUV","no",0,0,"Yes",0,15,1,"Highly Urban/ Urban"
10215,41,1,2,13,39677,"No",166364,"Yes","F","High School","Clerical",14,"Private",20210,4,"Pickup","no",0,0,"No",2,6,1,"Highly Urban/ Urban"
471,60,0,4,16,28634,"No",151602,"Yes","M","<High School","Clerical",17,"Private",5730,1,"Minivan","no",30480,2,"Yes",5,5,1,"Highly Rural/ Rural"
2059,44,1,2,13,18564,"Yes",117386,"No","F","<High School","Clerical",12,"Commercial",13850,16,"Pickup","no",3828,3,"No",3,6,1,"Highly Urban/ Urban"
2422,57,0,0,11,13235,"No",135560,"No","F","Bachelors","Home Maker",6,"Private",10170,4,"SUV","no",8135,3,"No",3,13,1,"Highly Urban/ Urban"
6691,50,0,0,13,56566,"No",222820,"Yes","M","Masters","Manager",27,"Commercial",24850,1,"Panel Truck","no",1203,3,"No",3,11,1,"Highly Urban/ Urban"
1436,40,1,2,16,75188,"No",241182,"Yes","F","High School","Blue Collar",25,"Commercial",13020,10,"SUV","no",44010,3,"Yes",4,6,1,"Highly Urban/ Urban"
937,45,0,0,12,56828,"No",201430,"No","F","High School","Blue Collar",54,"Commercial",14060,11,"Sports Car","no",0,0,"No",3,9,1,"Highly Urban/ Urban"
5631,55,0,0,12,37794,"No",0,"No","M","High School","Home Maker",38,"Private",17050,1,"Minivan","no",39617,3,"Yes",4,1,1,"Highly Urban/ Urban"
5192,38,1,3,15,20145,"No",128953,"Yes","F","High School","Home Maker",56,"Private",5200,3,"Sports Car","no",38063,1,"Yes",0,1,1,"Highly Urban/ Urban"
5692,63,1,1,10,44866,"No",203341,"Yes","F","Masters","Manager",56,"Private",11160,4,"Sports Car","no",6499,1,"Yes",9,14,1,"Highly Urban/ Urban"
4246,40,1,2,11,85273,"Yes",257283,"No","F","Masters","Lawyer",55,"Private",19070,13,"SUV","no",2907,2,"No",5,15,1,"Highly Urban/ Urban"
4172,39,0,2,9,133920,"Yes",0,"No","F","Masters","Lawyer",41,"Private",18790,6,"Minivan","no",26926,2,"Yes",0,15,1,"Highly Urban/ Urban"
2643,63,1,1,11,54297,"No",231033,"Yes","M","Bachelors","Professional",36,"Private",12150,4,"Sports Car","yes",0,0,"No",0,12,1,"Highly Urban/ Urban"
2439,33,0,2,10,53041,"No",147510,"Yes","F","High School","Blue Collar",45,"Commercial",19240,1,"Pickup","no",4445,2,"No",9,10,1,"Highly Urban/ Urban"
3726,38,2,2,12,102020,"Yes",0,"No","F","Masters","Lawyer",28,"Private",15500,6,"SUV","no",5306,2,"No",5,1,1,"Highly Urban/ Urban"
40941,44,0,0,12,51279,"No",200803,"Yes","M","<High School","Blue Collar",52,"Commercial",12200,3,"Pickup","yes",0,0,"No",0,1,1,"Highly Urban/ Urban"
4262,44,0,0,6,234825,"No",0,"No","F","PhD","Doctor",14,"Private",16790,4,"SUV","no",32113,1,"Yes",7,19,1,"Highly Urban/ Urban"
5399,52,0,0,13,63301,"No",213026,"Yes","M","Bachelors","Professional",46,"Commercial",26630,4,"Panel Truck","yes",11364,1,"No",1,15,1,"Highly Urban/ Urban"
5908,52,0,0,13,147351,"No",408720,"Yes","M","Masters","Manager",24,"Commercial",21670,13,"Van","yes",0,0,"No",0,10,1,"Highly Urban/ Urban"
1748,48,0,0,12,63260,"No",0,"No","F","High School","Blue Collar",7,"Commercial",24160,4,"Minivan","no",7858,2,"No",9,1,1,"Highly Urban/ Urban"
5982,50,0,0,6,15905,"No",0,"Yes","M","High School","Student",20,"Commercial",8090,1,"Minivan","yes",5672,2,"No",3,8,1,"Highly Urban/ Urban"
7539,44,0,2,0,0,"No",0,"Yes","F","High School","Student",22,"Commercial",1500,6,"SUV","no",11086,2,"No",7,9,1,"Highly Urban/ Urban"
2027,49,0,0,11,776,"No",108249,"Yes","F","Bachelors","Home Maker",56,"Private",12960,13,"SUV","no",3116,2,"Yes",0,10,1,"Highly Urban/ Urban"
5143,38,1,3,14,89065,"No",229172,"Yes","M","Bachelors","Blue Collar",12,"Commercial",14210,1,"Minivan","yes",1155,1,"Yes",0,6,1,"Highly Urban/ Urban"
3509,51,0,0,12,59961,"No",200761,"Yes","M","High School","Blue Collar",28,"Commercial",44130,3,"Panel Truck","yes",0,0,"No",4,1,1,"Highly Urban/ Urban"
3488,36,2,2,9,148595,"Yes",391168,"No","M","Masters","",62,"Commercial",23380,1,"Panel Truck","yes",0,0,"No",4,19,1,"Highly Urban/ Urban"
1973,35,0,2,14,127504,"Yes",0,"No","F","PhD","Manager",36,"Private",15380,13,"SUV","no",0,0,"Yes",3,14,1,"Highly Urban/ Urban"
2318,58,0,0,11,70745,"No",237422,"No","M","Bachelors","Blue Collar",15,"Commercial",16730,10,"Van","yes",6864,3,"No",4,15,1,"Highly Urban/ Urban"
727,36,0,0,0,0,"No",0,"No","F","Bachelors","Student",38,"Commercial",16280,4,"Minivan","no",3365,3,"No",2,11,1,"Highly Urban/ Urban"
4322,38,1,2,12,40197,"Yes",160874,"No","M","High School","Blue Collar",26,"Commercial",9720,1,"Pickup","yes",0,0,"Yes",0,1,1,"Highly Urban/ Urban"
2323,43,1,3,14,77437,"No",218079,"Yes","F","Bachelors","Blue Collar",27,"Commercial",13540,3,"SUV","no",1879,1,"No",5,10,1,"Highly Urban/ Urban"
1097,39,1,2,15,5538,"No",78372,"Yes","F","Bachelors","Home Maker",49,"Private",5950,1,"Sports Car","no",6127,1,"No",0,7,1,"Highly Urban/ Urban"
3327,37,0,1,12,5678,"Yes",0,"No","F","<High School","Student",42,"Private",2070,1,"SUV","no",6535,2,"No",1,1,1,"Highly Urban/ Urban"
4578,61,0,0,15,47534,"No",199888,"Yes","M","<High School","Clerical",22,"Private",12350,4,"SUV","no",2414,1,"No",0,1,1,"Highly Urban/ Urban"
3682,48,0,0,6,33434,"No",176292,"Yes","F","Bachelors","Clerical",38,"Private",6300,1,"SUV","no",3614,3,"No",2,12,1,"Highly Urban/ Urban"
1324,34,0,1,13,37806,"No",173130,"Yes","F","Bachelors","Clerical",46,"Private",3680,4,"SUV","no",0,0,"No",0,8,1,"Highly Rural/ Rural"
3806,48,0,0,9,44808,"No",199470,"Yes","M","High School","Blue Collar",25,"Commercial",10780,6,"Pickup","yes",5001,2,"No",4,1,1,"Highly Urban/ Urban"
2489,41,0,0,10,136585,"No",0,"No","M","Masters","Lawyer",47,"Private",22060,13,"Van","no",1685,3,"No",0,10,1,"Highly Urban/ Urban"
5901,41,0,0,12,56447,"No",205861,"No","M","Bachelors","Blue Collar",29,"Commercial",24660,7,"Minivan","yes",0,0,"No",0,8,1,"Highly Urban/ Urban"
2437,38,0,1,0,0,"Yes",0,"No","F","High School","Student",34,"Commercial",16880,6,"SUV","no",0,0,"No",0,12,1,"Highly Rural/ Rural"
6006,51,0,0,11,134582,"No",371127,"Yes","M","Bachelors","Professional",41,"Commercial",30950,4,"Panel Truck","yes",0,0,"No",1,14,1,"Highly Urban/ Urban"
1475,35,0,0,5,54922,"No",181427,"Yes","F","Bachelors","Clerical",45,"Private",18710,7,"Sports Car","no",33276,1,"Yes",0,15,1,"Highly Urban/ Urban"
5117,40,0,0,11,67700,"No",0,"No","F","High School","Blue Collar",16,"Commercial",12230,7,"SUV","no",1429,3,"No",7,1,1,"Highly Urban/ Urban"
838,47,0,0,0,0,"No",0,"No","M","Masters","Home Maker",51,"Private",6200,6,"Pickup","no",32418,1,"Yes",0,10,1,"Highly Urban/ Urban"
2745,37,0,2,4,18127,"No",129798,"Yes","M","<High School","Blue Collar",40,"Private",23270,6,"Minivan","yes",2015,2,"No",7,4,1,"Highly Urban/ Urban"
1379,45,1,2,13,111560,"Yes",0,"No","M","Masters","Manager",28,"Commercial",6000,4,"Pickup","yes",29150,2,"Yes",4,8,1,"Highly Urban/ Urban"
2590,48,0,0,11,49370,"No",0,"No","M","High School","Professional",48,"Commercial",6440,3,"Minivan","no",10000,1,"No",0,1,1,"Highly Urban/ Urban"
6579,57,0,0,11,14500,"No",112458,"Yes","F","Bachelors","Home Maker",32,"Private",8650,12,"SUV","no",1662,1,"No",3,9,1,"Highly Urban/ Urban"
6481,39,0,3,8,24062,"No",149083,"Yes","F","<High School","Clerical",36,"Private",12510,1,"Sports Car","no",0,0,"No",2,3,1,"Highly Urban/ Urban"
5431,39,0,0,10,23756,"No",0,"No","F","Masters","Lawyer",52,"Private",7780,3,"Sports Car","no",0,0,"Yes",0,20,1,"Highly Urban/ Urban"
7476,33,0,1,9,73988,"No",238468,"Yes","M","Masters","Lawyer",5,"Private",11670,6,"Pickup","yes",9302,1,"No",3,18,1,"Highly Urban/ Urban"
3467,43,0,0,13,180733,"No",477862,"No","M","Masters","Manager",30,"Commercial",26480,1,"Panel Truck","no",0,0,"No",0,17,1,"Highly Urban/ Urban"
3008,36,0,0,10,38317,"No",0,"No","M","<High School","Blue Collar",24,"Commercial",5330,4,"Pickup","yes",0,0,"No",4,1,1,"Highly Urban/ Urban"
2988,28,0,1,0,0,"Yes",0,"No","F","High School","Home Maker",27,"Private",15370,3,"Sports Car","no",2747,1,"No",4,6,1,"Highly Urban/ Urban"
2300,46,0,0,14,38871,"No",178677,"Yes","F","PhD","",20,"Commercial",38870,7,"Van","no",0,0,"No",1,1,1,"Highly Urban/ Urban"
3662,48,0,1,10,33332,"No",104797,"Yes","F","<High School","Clerical",24,"Commercial",26710,3,"Pickup","no",0,0,"No",0,7,1,"Highly Urban/ Urban"
2299,50,0,0,13,36504,"No",209726,"No","F","<High School","Blue Collar",35,"Private",10150,10,"SUV","no",10658,1,"No",4,3,1,"Highly Urban/ Urban"
2518,32,0,2,9,19063,"Yes",0,"No","F","<High School","Clerical",32,"Private",8190,6,"Sports Car","no",2892,3,"No",6,3,1,"Highly Urban/ Urban"
85524,39,0,0,10,92264,"No",0,"No","F","Bachelors","Professional",53,"Private",22830,10,"Sports Car","no",10011,1,"No",1,1,1,"Highly Urban/ Urban"
1808,67,0,0,12,56946,"No",246083,"Yes","M","Masters","Lawyer",47,"Private",26020,1,"Minivan","yes",0,0,"No",0,20,1,"Highly Urban/ Urban"
4758,49,0,0,11,34390,"No",0,"No","F","Bachelors","Blue Collar",31,"Commercial",6300,1,"Sports Car","no",6041,4,"No",4,9,1,"Highly Rural/ Rural"
867,48,1,1,11,48198,"Yes",0,"No","F","<High School","Blue Collar",40,"Private",11280,7,"Sports Car","no",2667,2,"No",7,1,1,"Highly Urban/ Urban"
5979,35,0,2,10,71827,"No",193298,"Yes","M","High School","Blue Collar",46,"Commercial",5000,1,"Minivan","no",5406,2,"No",3,10,1,"Highly Urban/ Urban"
16853,56,0,0,12,78291,"No",0,"No","M","High School","Blue Collar",38,"Commercial",24010,11,"Panel Truck","yes",11445,3,"No",5,1,1,"Highly Urban/ Urban"
5428,56,1,2,0,0,"No",0,"Yes","F","High School","Student",45,"Commercial",7100,10,"SUV","no",0,0,"No",0,7,1,"Highly Urban/ Urban"
26312,25,0,1,12,83329,"Yes",235165,"No","F","Bachelors","Blue Collar",17,"Commercial",5120,1,"SUV","no",4336,2,"No",0,8,1,"Highly Urban/ Urban"
2391,41,0,1,13,69777,"No",231278,"Yes","F","Bachelors","Manager",25,"Private",12980,1,"Minivan","no",0,0,"No",4,10,1,"Highly Urban/ Urban"
4538,57,0,0,14,37694,"No",175270,"Yes","M","<High School","Blue Collar",45,"Private",10970,1,"Pickup","no",5653,3,"No",2,6,1,"Highly Urban/ Urban"
5725,53,0,0,0,0,"No",0,"Yes","F","High School","Student",22,"Commercial",40100,7,"Panel Truck","no",27795,2,"Yes",2,4,1,"Highly Urban/ Urban"
4696,40,0,1,7,34512,"Yes",0,"No","M","High School","Blue Collar",51,"Commercial",8950,6,"Pickup","no",4955,1,"No",7,1,1,"Highly Urban/ Urban"
2483,35,0,0,9,32494,"No",124012,"No","F","High School","Clerical",14,"Private",20140,1,"SUV","no",5105,2,"No",7,8,1,"Highly Urban/ Urban"
807,47,0,0,10,55183,"No",0,"No","M","Bachelors","Blue Collar",26,"Commercial",7020,1,"Minivan","no",0,0,"No",2,15,1,"Highly Urban/ Urban"
5400,65,0,0,12,60349,"No",247580,"Yes","M","Masters","Lawyer",40,"Private",14030,6,"Sports Car","yes",0,0,"Yes",1,10,1,"Highly Urban/ Urban"
3589,41,0,0,12,70478,"No",0,"No","F","High School","Manager",32,"Private",12650,4,"SUV","no",0,0,"Yes",2,1,1,"Highly Urban/ Urban"
3125,39,0,0,13,3241,"No",100093,"Yes","F","<High School","Home Maker",16,"Private",5720,1,"SUV","no",0,0,"No",0,6,1,"Highly Urban/ Urban"
5689,35,0,2,14,114506,"Yes",293583,"No","F","PhD","Lawyer",54,"Private",16450,3,"Minivan","no",11156,2,"No",2,16,1,"Highly Urban/ Urban"
2927,18,0,2,14,479,"No",0,"Yes","F","High School","Student",20,"Private",7940,6,"Sports Car","yes",4922,3,"No",4,9,1,"Highly Urban/ Urban"
742,41,0,3,8,38813,"No",127229,"Yes","F","Bachelors","Clerical",31,"Private",5600,3,"SUV","no",0,0,"No",0,9,1,"Highly Urban/ Urban"
4506,45,0,3,17,35457,"No",203037,"Yes","M","Masters","",51,"Commercial",19680,3,"Van","no",6279,1,"No",2,16,1,"Highly Urban/ Urban"
4820,58,0,0,11,20575,"No",187632,"Yes","F","<High School","Clerical",50,"Private",6590,6,"SUV","no",0,0,"No",4,7,1,"Highly Urban/ Urban"
1150,47,0,0,11,31392,"No",142235,"Yes","M","<High School","Clerical",38,"Private",1500,1,"Minivan","yes",0,0,"Yes",1,7,1,"Highly Urban/ Urban"
3317,36,2,3,0,0,"No",0,"Yes","M","High School","Student",13,"Commercial",5100,7,"Pickup","yes",0,0,"No",2,1,1,"Highly Urban/ Urban"
5322,50,0,0,12,134888,"No",319144,"No","M","Masters","",45,"Commercial",22160,1,"Van","yes",41742,1,"Yes",4,18,1,"Highly Urban/ Urban"
2773,56,0,0,16,35133,"No",216843,"Yes","M","Bachelors","Manager",65,"Private",15780,1,"Minivan","yes",5369,3,"No",0,8,1,"Highly Urban/ Urban"
3321,40,0,3,16,92951,"No",280562,"Yes","M","High School","Blue Collar",25,"Commercial",5500,13,"Pickup","yes",0,0,"No",0,10,1,"Highly Urban/ Urban"
595,43,0,0,11,40754,"No",160597,"Yes","M","Bachelors","Professional",21,"Commercial",9880,4,"Pickup","no",0,0,"No",2,9,1,"Highly Urban/ Urban"
4367,36,0,0,10,15927,"No",130924,"Yes","M","High School","Student",24,"Commercial",6900,1,"Pickup","yes",0,0,"No",3,1,1,"Highly Rural/ Rural"
4347,39,0,2,12,35362,"Yes",0,"No","M","<High School","Clerical",38,"Commercial",8940,7,"Pickup","no",2610,3,"No",0,7,1,"Highly Urban/ Urban"
979,56,3,3,18,67745,"No",288257,"Yes","F","Bachelors","Manager",35,"Private",13870,1,"SUV","no",5691,2,"No",9,11,1,"Highly Urban/ Urban"
2964,35,0,2,10,71827,"No",193298,"Yes","M","High School","Blue Collar",46,"Commercial",22460,3,"Van","no",6029,1,"No",7,10,1,"Highly Urban/ Urban"
3396,45,0,0,13,65442,"No",209679,"No","M","High School","Blue Collar",33,"Commercial",22420,1,"Van","yes",27497,1,"Yes",1,8,1,"Highly Urban/ Urban"
3745,49,0,0,11,51371,"No",208185,"Yes","M","High School","Blue Collar",64,"Commercial",23360,6,"Panel Truck","yes",4963,3,"No",3,7,1,"Highly Urban/ Urban"
4910,33,0,2,0,0,"Yes",0,"No","M","High School","Student",10,"Commercial",13930,10,"Minivan","yes",2711,2,"No",5,10,1,"Highly Urban/ Urban"
2444,22,0,3,10,3461,"Yes",0,"No","M","High School","Student",13,"Commercial",9360,1,"Pickup","no",0,0,"No",7,7,1,"Highly Urban/ Urban"
38378,49,0,0,9,107150,"No",0,"No","M","Bachelors","Blue Collar",46,"Commercial",17280,1,"Van","yes",3780,2,"No",5,7,1,"Highly Urban/ Urban"
4740,45,0,0,13,8027,"No",0,"Yes","M","High School","Student",55,"Commercial",35500,4,"Panel Truck","no",4600,2,"No",2,1,1,"Highly Urban/ Urban"
1153,41,2,2,0,0,"Yes",0,"No","F","Masters","Lawyer",19,"Private",11100,1,"Sports Car","no",0,0,"Yes",3,17,1,"Highly Urban/ Urban"
2639,48,1,1,11,84042,"No",263403,"Yes","F","Masters","Lawyer",55,"Private",6300,4,"Sports Car","no",4596,1,"No",2,20,1,"Highly Urban/ Urban"
4485,49,0,0,13,43560,"No",174690,"Yes","M","Bachelors","Clerical",35,"Private",10760,6,"Pickup","yes",6675,1,"No",3,7,1,"Highly Urban/ Urban"
3231,53,0,0,15,55659,"No",235880,"Yes","M","High School","Blue Collar",70,"Commercial",12370,11,"Minivan","yes",0,0,"No",1,1,1,"Highly Urban/ Urban"
5434,45,2,2,12,61705,"Yes",217907,"No","M","High School","Blue Collar",68,"Commercial",16710,3,"Minivan","yes",3618,3,"No",0,1,1,"Highly Urban/ Urban"
2662,39,0,2,10,30618,"No",157285,"Yes","M","High School","Blue Collar",44,"Commercial",8460,4,"Pickup","yes",6403,2,"No",4,1,1,"Highly Urban/ Urban"
2462,48,1,1,14,12981,"Yes",142714,"No","F","Masters","Lawyer",40,"Private",7600,4,"Sports Car","no",11681,2,"No",5,14,1,"Highly Urban/ Urban"
594,35,0,2,17,50879,"No",217901,"Yes","F","Bachelors","Blue Collar",60,"Commercial",17890,3,"Minivan","no",0,0,"No",0,13,1,"Highly Urban/ Urban"
714,24,0,4,12,803,"Yes",114965,"No","F","<High School","Home Maker",69,"Private",3980,7,"Sports Car","no",1391,2,"No",0,6,1,"Highly Urban/ Urban"
1107,51,0,0,11,51041,"No",0,"No","F","Masters","Lawyer",41,"Private",20580,1,"SUV","no",0,0,"Yes",3,17,1,"Highly Urban/ Urban"
5700,43,1,2,11,37520,"Yes",157574,"No","M","<High School","Blue Collar",19,"Commercial",9550,6,"Pickup","no",1459,2,"No",0,7,1,"Highly Urban/ Urban"
3698,41,0,0,13,57615,"No",181310,"Yes","M","Bachelors","Blue Collar",37,"Commercial",18510,4,"Van","yes",9986,1,"No",2,9,1,"Highly Urban/ Urban"
8671,42,0,0,9,44059,"No",206758,"Yes","F","<High School","Blue Collar",62,"Private",5800,4,"SUV","no",0,0,"No",2,1,1,"Highly Urban/ Urban"
3824,47,0,0,6,22358,"No",0,"No","F","High School","Clerical",19,"Private",19840,1,"SUV","no",5341,2,"No",8,1,1,"Highly Urban/ Urban"
8623,34,0,2,9,33538,"Yes",0,"No","M","<High School","Blue Collar",29,"Commercial",16380,3,"Van","yes",7564,3,"No",6,1,1,"Highly Urban/ Urban"
4168,39,0,0,10,116247,"No",0,"No","M","Bachelors","Blue Collar",25,"Commercial",1500,13,"Minivan","no",0,0,"No",2,8,1,"Highly Urban/ Urban"
5097,57,0,0,12,70400,"No",0,"No","M","Bachelors","Manager",16,"Commercial",30390,17,"Panel Truck","no",0,0,"No",0,10,1,"Highly Urban/ Urban"
7111,49,0,0,6,61068,"No",0,"No","M","High School","Professional",21,"Commercial",22780,1,"Panel Truck","yes",1105,1,"No",5,1,1,"Highly Urban/ Urban"
4290,40,0,0,9,103903,"No",0,"No","M","Masters","Lawyer",57,"Private",15020,6,"Minivan","yes",8921,1,"No",6,14,1,"Highly Rural/ Rural"
4666,59,0,0,11,39099,"No",154311,"Yes","M","High School","Blue Collar",23,"Commercial",21070,6,"Van","no",0,0,"No",0,8,1,"Highly Urban/ Urban"
2996,52,0,0,9,39157,"No",130089,"Yes","M","High School","Blue Collar",50,"Commercial",22480,6,"Van","no",1105,3,"No",5,1,1,"Highly Urban/ Urban"
8521,57,0,0,13,119975,"No",339052,"Yes","F","PhD","Doctor",40,"Private",13500,10,"SUV","no",0,0,"Yes",0,13,1,"Highly Urban/ Urban"
7442,39,2,3,13,26694,"No",133159,"Yes","F","High School","Home Maker",13,"Private",9210,6,"SUV","no",6848,1,"No",0,1,1,"Highly Urban/ Urban"
1741,51,0,0,4,67954,"No",0,"No","F","Masters","Home Maker",53,"Private",22440,7,"SUV","no",8419,3,"No",3,17,1,"Highly Urban/ Urban"
13773,40,2,3,12,91497,"No",284313,"Yes","M","Bachelors","Professional",37,"Commercial",23450,17,"Panel Truck","no",0,0,"No",2,1,1,"Highly Urban/ Urban"
1972,52,0,0,14,15512,"No",117398,"No","F","<High School","Blue Collar",52,"Private",26920,10,"SUV","no",0,0,"No",2,7,1,"Highly Urban/ Urban"
4390,41,1,2,13,65885,"Yes",0,"No","F","High School","Blue Collar",51,"Commercial",8090,10,"SUV","no",0,0,"Yes",2,8,1,"Highly Urban/ Urban"
3643,49,0,0,13,51677,"No",0,"No","M","High School","Blue Collar",32,"Commercial",19390,6,"Van","yes",0,0,"No",2,1,1,"Highly Urban/ Urban"
1264,51,0,0,7,78329,"No",255810,"Yes","F","Bachelors","Blue Collar",15,"Commercial",37070,4,"Van","no",996,3,"No",1,11,1,"Highly Urban/ Urban"
3141,59,0,0,14,45594,"No",0,"No","F","High School","Blue Collar",31,"Commercial",12570,4,"SUV","no",9015,1,"No",0,9,1,"Highly Urban/ Urban"
1511,60,0,0,15,8585,"No",114615,"Yes","F","Bachelors","Professional",52,"Commercial",24900,6,"Pickup","no",2033,4,"No",1,11,1,"Highly Urban/ Urban"
2641,50,1,1,11,116927,"Yes",0,"No","F","PhD","Lawyer",58,"Private",6300,1,"SUV","no",0,0,"No",7,12,1,"Highly Rural/ Rural"
4448,31,0,4,12,41855,"No",197553,"Yes","F","High School","Clerical",24,"Private",14330,11,"SUV","no",0,0,"No",0,1,1,"Highly Urban/ Urban"
4906,58,0,0,8,4334,"No",0,"No","M","Bachelors","Student",38,"Commercial",7730,11,"Pickup","yes",3229,2,"No",5,13,1,"Highly Urban/ Urban"
5072,37,0,0,6,16069,"No",137554,"Yes","M","<High School","Blue Collar",50,"Commercial",10530,12,"Pickup","no",1089,2,"No",1,5,1,"Highly Urban/ Urban"
6978,46,0,0,12,96729,"No",270745,"No","F","PhD","Home Maker",60,"Commercial",16400,9,"Pickup","no",4052,4,"No",3,15,1,"Highly Urban/ Urban"
6663,46,0,0,14,48284,"No",180887,"Yes","M","<High School","Blue Collar",49,"Commercial",10880,3,"Pickup","yes",28621,2,"Yes",2,1,1,"Highly Urban/ Urban"
3270,42,0,0,10,78883,"No",239377,"Yes","M","Bachelors","Professional",34,"Private",13590,1,"Minivan","no",0,0,"No",3,1,1,"Highly Urban/ Urban"
1710,39,0,0,10,77591,"No",0,"No","F","Bachelors","Blue Collar",22,"Commercial",13160,6,"SUV","no",24983,2,"Yes",4,11,1,"Highly Urban/ Urban"
23154,39,0,3,7,36154,"Yes",0,"No","F","Bachelors","Clerical",35,"Private",10140,6,"SUV","no",0,0,"No",0,10,1,"Highly Urban/ Urban"
5662,42,2,3,14,36463,"No",184091,"Yes","F","<High School","Blue Collar",10,"Commercial",5700,6,"SUV","no",0,0,"No",5,9,1,"Highly Urban/ Urban"
19470,40,1,2,11,52715,"No",177273,"Yes","F","High School","Blue Collar",19,"Commercial",8370,1,"Sports Car","no",4707,3,"No",6,1,1,"Highly Urban/ Urban"
8861,44,0,0,0,0,"No",0,"No","M","High School","Student",40,"Commercial",5900,13,"Minivan","no",8054,1,"No",0,7,1,"Highly Urban/ Urban"
5300,37,0,2,8,82971,"No",240550,"Yes","F","Masters","",40,"Private",5200,10,"SUV","no",5760,4,"No",6,13,1,"Highly Urban/ Urban"
602,50,0,0,6,40681,"No",192334,"Yes","F","High School","Professional",32,"Private",1500,1,"Sports Car","no",9111,3,"No",1,10,1,"Highly Urban/ Urban"
5063,44,0,3,16,5409,"No",97653,"Yes","F","<High School","Student",30,"Commercial",9390,4,"Pickup","yes",8339,2,"No",4,3,1,"Highly Rural/ Rural"
4748,41,0,2,12,9785,"No",92435,"Yes","F","<High School","Clerical",41,"Private",16130,4,"SUV","no",7663,2,"No",4,1,1,"Highly Urban/ Urban"
1643,39,0,0,11,215158,"No",0,"No","M","PhD","",34,"Commercial",20520,1,"Van","yes",0,0,"No",2,17,1,"Highly Urban/ Urban"
5642,25,0,1,11,23245,"Yes",0,"No","M","High School","Clerical",47,"Private",7410,7,"Pickup","yes",965,2,"No",4,7,1,"Highly Urban/ Urban"
1619,40,1,2,9,67295,"No",220104,"Yes","F","Bachelors","Blue Collar",44,"Commercial",19620,14,"Minivan","no",0,0,"No",1,12,1,"Highly Urban/ Urban"
6961,34,0,2,12,55353,"Yes",203703,"No","F","High School","Blue Collar",41,"Commercial",4800,10,"Minivan","no",1536,2,"No",0,6,1,"Highly Urban/ Urban"
2746,51,0,0,11,49451,"No",0,"No","M","High School","Blue Collar",43,"Commercial",11550,4,"Minivan","no",6079,1,"No",2,7,1,"Highly Urban/ Urban"
2351,28,0,0,0,0,"No",0,"No","F","Bachelors","Home Maker",49,"Private",4300,6,"SUV","no",52102,2,"Yes",6,10,1,"Highly Urban/ Urban"
5065,52,0,0,9,100099,"No",262480,"No","F","Masters","",35,"Commercial",17860,4,"Pickup","no",33326,3,"Yes",1,19,1,"Highly Urban/ Urban"
3350,42,0,0,13,43301,"No",163397,"Yes","F","High School","Blue Collar",27,"Commercial",23340,6,"Sports Car","no",10718,3,"No",8,1,1,"Highly Urban/ Urban"
18856,38,0,2,9,122439,"Yes",0,"No","M","Bachelors","Blue Collar",32,"Commercial",24900,9,"Panel Truck","no",0,0,"No",0,11,1,"Highly Urban/ Urban"
3089,42,2,3,0,0,"Yes",83913,"No","F","High School","Home Maker",8,"Commercial",19620,1,"Pickup","no",28816,4,"Yes",2,8,1,"Highly Rural/ Rural"
4691,48,0,0,12,73342,"No",0,"No","M","High School","Manager",34,"Commercial",31440,1,"Panel Truck","yes",0,0,"No",0,1,1,"Highly Urban/ Urban"
11802,53,0,0,12,58319,"No",206406,"No","M","Masters","",13,"Commercial",23710,10,"Panel Truck","yes",1429,2,"No",2,15,1,"Highly Urban/ Urban"
18774,36,0,1,9,72167,"Yes",0,"No","M","Bachelors","Professional",24,"Commercial",8720,4,"Pickup","yes",2481,3,"No",0,14,1,"Highly Urban/ Urban"
3238,54,0,0,13,65825,"No",237062,"Yes","M","High School","Manager",48,"Private",8080,4,"Pickup","yes",2658,2,"No",0,9,1,"Highly Urban/ Urban"
2106,57,0,0,15,162818,"No",427325,"No","F","Masters","Lawyer",33,"Private",36350,9,"Van","no",8456,2,"No",3,16,1,"Highly Urban/ Urban"
2668,49,0,0,12,44497,"No",0,"No","F","High School","Blue Collar",39,"Commercial",14990,9,"Minivan","no",0,0,"No",0,1,1,"Highly Urban/ Urban"
5453,44,1,1,13,80824,"No",259932,"Yes","M","Masters","Professional",41,"Private",9580,1,"Minivan","no",40929,1,"Yes",0,16,1,"Highly Urban/ Urban"
5951,45,1,2,13,81255,"Yes",231143,"No","F","High School","Blue Collar",40,"Private",15810,6,"SUV","no",0,0,"Yes",0,1,1,"Highly Urban/ Urban"
677,33,0,3,14,6607,"No",0,"Yes","M","<High School","Clerical",9,"Private",15770,1,"Minivan","yes",0,0,"No",0,1,1,"Highly Urban/ Urban"
1897,38,1,2,0,0,"No",0,"Yes","M","High School","Student",17,"Commercial",5300,1,"Minivan","yes",2185,2,"No",4,5,1,"Highly Urban/ Urban"
1737,40,0,0,12,31162,"No",0,"No","F","<High School","Blue Collar",9,"Private",6100,6,"Sports Car","no",10224,1,"No",3,1,1,"Highly Urban/ Urban"
5400,42,1,4,0,0,"Yes",93311,"No","F","High School","Student",51,"Commercial",9090,16,"SUV","no",6195,2,"No",0,1,1,"Highly Urban/ Urban"
2144,37,1,2,13,35718,"No",145487,"Yes","M","High School","Blue Collar",36,"Commercial",8770,4,"Pickup","no",0,0,"No",4,1,1,"Highly Urban/ Urban"
7291,45,3,3,6,29955,"No",86034,"Yes","F","High School","Clerical",33,"Private",11510,1,"SUV","no",4436,2,"No",1,1,1,"Highly Urban/ Urban"
6491,54,0,0,15,4716,"No",120571,"Yes","M","High School","Student",25,"Private",7770,13,"Pickup","no",0,0,"No",1,1,1,"Highly Urban/ Urban"
49180,25,0,1,10,35714,"Yes",0,"No","M","<High School","Clerical",25,"Private",12710,3,"Minivan","yes",2083,3,"No",6,1,1,"Highly Urban/ Urban"
4208,51,0,0,8,74343,"No",222957,"No","M","Masters","",52,"Commercial",44130,7,"Panel Truck","no",5689,2,"No",0,18,1,"Highly Urban/ Urban"
6607,48,0,0,9,77344,"No",242830,"No","M","High School","Blue Collar",12,"Commercial",24680,7,"Panel Truck","no",3319,3,"No",2,1,1,"Highly Urban/ Urban"
4363,35,0,0,10,33087,"No",92673,"No","M","High School","Blue Collar",18,"Commercial",22950,1,"Panel Truck","yes",0,0,"No",6,11,1,"Highly Urban/ Urban"
3281,46,0,0,9,63990,"No",228402,"No","M","High School","Blue Collar",38,"Commercial",8410,1,"Pickup","yes",13251,2,"Yes",3,10,1,"Highly Urban/ Urban"
7911,50,0,0,8,93870,"No",286090,"Yes","M","High School","Blue Collar",60,"Commercial",27140,7,"Panel Truck","yes",5841,2,"No",3,1,1,"Highly Urban/ Urban"
2746,38,0,0,9,21001,"No",110313,"No","F","High School","Clerical",50,"Private",14990,1,"SUV","no",6055,1,"No",5,9,1,"Highly Urban/ Urban"
960,34,0,1,0,0,"No",0,"Yes","F","High School","Student",17,"Commercial",4900,1,"SUV","no",0,0,"No",3,9,1,"Highly Urban/ Urban"
2468,38,0,0,9,71179,"No",226918,"Yes","M","Bachelors","Blue Collar",19,"Commercial",17560,3,"Van","yes",0,0,"No",5,7,1,"Highly Urban/ Urban"
1856,45,0,2,13,21335,"Yes",0,"No","F","<High School","Clerical",21,"Private",8130,3,"SUV","no",7852,1,"No",10,1,1,"Highly Urban/ Urban"
7145,46,0,1,9,49680,"Yes",228046,"No","M","Bachelors","Blue Collar",50,"Commercial",6100,3,"Pickup","no",2986,3,"No",0,5,1,"Highly Urban/ Urban"
5126,54,0,0,6,52206,"No",188403,"Yes","M","High School","Blue Collar",36,"Commercial",12120,4,"Minivan","yes",1520,3,"No",8,5,1,"Highly Urban/ Urban"
1696,38,1,1,11,105307,"Yes",281950,"No","M","Bachelors","Professional",39,"Commercial",30260,1,"Panel Truck","yes",5255,2,"No",3,8,1,"Highly Urban/ Urban"
5102,46,0,0,10,68485,"No",228016,"No","M","Bachelors","Professional",13,"Commercial",18820,16,"Van","no",7848,1,"No",0,13,1,"Highly Urban/ Urban"
58851,56,1,2,13,67783,"No",245496,"Yes","M","Bachelors","Professional",29,"Commercial",23520,5,"Panel Truck","no",0,0,"No",4,11,1,"Highly Urban/ Urban"
6261,37,2,2,9,116092,"Yes",0,"No","F","Bachelors","Manager",51,"Private",33760,1,"Minivan","no",2491,2,"No",7,9,1,"Highly Urban/ Urban"
3022,40,0,0,14,61105,"No",158995,"Yes","M","Masters","Lawyer",23,"Private",13780,10,"Minivan","yes",5014,4,"No",0,22,1,"Highly Urban/ Urban"
2819,43,0,0,11,69071,"No",214053,"No","M","High School","Blue Collar",29,"Commercial",13400,6,"Minivan","no",0,0,"No",1,12,1,"Highly Urban/ Urban"
3976,33,0,2,12,60707,"No",208744,"Yes","F","Bachelors","Professional",43,"Private",10870,1,"Sports Car","no",2714,2,"No",3,12,1,"Highly Urban/ Urban"
721,52,0,0,12,11545,"No",0,"No","F","High School","Home Maker",22,"Private",26900,3,"SUV","no",0,0,"No",3,1,1,"Highly Urban/ Urban"
7491,41,3,3,14,73581,"No",237829,"Yes","F","Bachelors","Professional",12,"Private",8860,4,"Sports Car","no",2680,1,"No",9,11,1,"Highly Urban/ Urban"
5847,37,1,3,13,88137,"No",256436,"Yes","M","Masters","",52,"Commercial",17680,4,"Van","yes",25208,2,"Yes",0,14,1,"Highly Urban/ Urban"
5458,44,0,3,14,53303,"No",207701,"Yes","F","High School","Blue Collar",43,"Commercial",11230,1,"Sports Car","no",4444,2,"No",3,8,1,"Highly Urban/ Urban"
7199,43,3,3,10,36436,"Yes",0,"No","F","<High School","Blue Collar",46,"Private",31000,1,"Pickup","no",0,0,"Yes",5,1,1,"Highly Urban/ Urban"
6093,54,0,0,12,52722,"No",0,"No","M","High School","Professional",55,"Commercial",21390,6,"Van","yes",0,0,"No",0,1,1,"Highly Urban/ Urban"
4477,50,0,0,13,42226,"No",211402,"Yes","F","High School","Blue Collar",61,"Commercial",6500,9,"Sports Car","no",43963,2,"Yes",0,1,1,"Highly Urban/ Urban"
1700,35,0,0,8,96291,"No",0,"No","F","Bachelors","Blue Collar",46,"Commercial",14320,15,"SUV","no",3597,2,"No",5,5,1,"Highly Urban/ Urban"
1443,34,0,2,0,0,"No",0,"Yes","F","High School","Student",26,"Private",4900,7,"SUV","no",0,0,"No",2,1,1,"Highly Urban/ Urban"
4386,19,0,0,5,3871,"No",76851,"Yes","F","High School","Manager",49,"Private",3790,10,"Sports Car","no",0,0,"No",4,5,1,"Highly Urban/ Urban"
3549,40,2,2,11,63913,"Yes",0,"No","M","High School","Blue Collar",5,"Commercial",5500,13,"Pickup","yes",1896,1,"No",1,1,1,"Highly Urban/ Urban"
1137,37,0,2,12,158489,"No",415676,"Yes","F","PhD","Lawyer",58,"Private",5200,1,"SUV","no",0,0,"No",1,16,1,"Highly Urban/ Urban"
3211,43,0,4,0,0,"Yes",0,"No","F","Bachelors","Student",44,"Commercial",14080,6,"SUV","no",3073,1,"No",1,7,1,"Highly Urban/ Urban"
4623,40,2,3,14,58914,"Yes",0,"No","M","Bachelors","Professional",14,"Private",16220,1,"Van","no",9216,2,"No",2,10,1,"Highly Urban/ Urban"
5761,46,0,0,12,38388,"No",0,"No","F","High School","Blue Collar",33,"Commercial",14480,17,"Sports Car","no",12192,3,"No",7,1,1,"Highly Urban/ Urban"
5181,45,1,3,12,80127,"No",223205,"Yes","F","Bachelors","Professional",48,"Private",29850,8,"Sports Car","no",10931,1,"Yes",3,9,1,"Highly Urban/ Urban"
5082,34,0,4,0,0,"Yes",0,"No","F","High School","Student",58,"Commercial",11730,7,"SUV","no",38888,2,"Yes",9,1,1,"Highly Urban/ Urban"
5105,40,0,0,11,32265,"No",0,"No","F","High School","Clerical",46,"Private",15850,1,"Minivan","no",0,0,"No",0,1,1,"Highly Urban/ Urban"
3982,55,0,0,12,164848,"No",0,"No","M","Masters","",24,"Commercial",38200,1,"Panel Truck","no",1657,2,"No",4,12,1,"Highly Urban/ Urban"
4878,34,0,4,13,16436,"No",127447,"Yes","M","<High School","Blue Collar",44,"Commercial",23320,1,"Panel Truck","no",3939,3,"No",0,3,1,"Highly Urban/ Urban"
2121,32,0,0,11,84255,"No",260802,"No","M","Masters","Professional",50,"Private",16050,1,"Minivan","no",2253,1,"No",4,20,1,"Highly Urban/ Urban"
3857,39,0,3,14,51524,"Yes",0,"No","F","<High School","Blue Collar",41,"Private",10550,4,"SUV","no",8454,3,"No",7,1,1,"Highly Urban/ Urban"
6850,23,0,1,10,13991,"No",117778,"Yes","M","<High School","Clerical",23,"Commercial",10960,10,"Pickup","yes",0,0,"No",1,7,1,"Highly Urban/ Urban"
5176,51,0,0,13,18273,"No",0,"No","F","<High School","Clerical",56,"Private",6600,10,"SUV","no",959,1,"No",5,1,1,"Highly Urban/ Urban"
2285,49,0,0,14,115320,"No",311697,"Yes","F","Masters","Lawyer",44,"Private",20540,6,"Minivan","no",0,0,"No",3,15,1,"Highly Urban/ Urban"
779,36,3,3,10,60589,"Yes",0,"No","F","Bachelors","Professional",16,"Private",11160,10,"SUV","no",0,0,"No",2,7,1,"Highly Urban/ Urban"
9605,43,0,0,11,45416,"No",146899,"Yes","F","High School","Blue Collar",15,"Commercial",10340,1,"Sports Car","no",0,0,"No",3,6,1,"Highly Urban/ Urban"
3667,38,0,0,9,62290,"No",223013,"No","F","Bachelors","Blue Collar",22,"Commercial",14640,11,"Minivan","no",0,0,"Yes",0,9,1,"Highly Urban/ Urban"
8138,34,0,3,0,0,"Yes",0,"No","M","High School","Student",44,"Commercial",31810,6,"Panel Truck","yes",1157,3,"No",0,1,1,"Highly Urban/ Urban"
7106,36,0,0,0,0,"No",50322,"No","F","<High School","Student",5,"Private",12270,10,"SUV","no",7635,3,"No",4,1,1,"Highly Urban/ Urban"
5759,38,0,0,13,23711,"No",0,"No","M","High School","Clerical",24,"Private",7670,10,"Pickup","yes",3158,3,"No",5,9,1,"Highly Urban/ Urban"
5866,45,0,0,15,65166,"No",254586,"Yes","F","PhD","Doctor",41,"Private",11500,3,"Sports Car","no",38411,1,"Yes",0,15,1,"Highly Urban/ Urban"
5831,36,0,1,10,75263,"Yes",207877,"No","F","Bachelors","Clerical",45,"Private",16560,1,"SUV","no",0,0,"Yes",3,12,1,"Highly Urban/ Urban"
4059,46,0,0,5,136371,"No",0,"No","M","PhD","",25,"Commercial",27540,1,"Panel Truck","no",21880,2,"Yes",3,8,1,"Highly Urban/ Urban"
4136,43,1,2,10,41796,"Yes",0,"No","F","High School","Clerical",20,"Private",17750,10,"SUV","no",0,0,"No",0,1,1,"Highly Urban/ Urban"
12633,43,1,2,15,59346,"Yes",0,"No","F","Bachelors","Professional",29,"Private",8090,1,"Sports Car","no",5037,3,"No",6,16,1,"Highly Urban/ Urban"
1220,27,0,3,0,0,"No",0,"Yes","F","Bachelors","Student",17,"Commercial",22500,1,"Pickup","no",0,0,"No",5,14,1,"Highly Urban/ Urban"
4629,58,1,2,14,36626,"Yes",0,"No","M","High School","Blue Collar",34,"Commercial",19790,3,"Van","yes",0,0,"No",4,10,1,"Highly Urban/ Urban"
4797,53,0,0,12,25972,"No",97541,"Yes","F","High School","Clerical",21,"Private",10860,1,"SUV","no",2457,2,"No",4,6,1,"Highly Urban/ Urban"
1751,44,2,2,11,104682,"Yes",0,"No","F","Bachelors","Manager",38,"Private",25950,7,"Minivan","no",8543,2,"No",8,7,1,"Highly Urban/ Urban"
840,60,0,0,12,77658,"No",272962,"Yes","F","Masters","Lawyer",64,"Private",15270,7,"SUV","no",7705,1,"No",7,18,1,"Highly Urban/ Urban"
3659,40,0,0,11,62849,"No",225934,"Yes","F","Bachelors","Professional",41,"Private",11780,1,"Sports Car","no",0,0,"No",3,8,1,"Highly Urban/ Urban"
3425,37,0,0,8,30848,"No",160731,"Yes","M","<High School","Blue Collar",25,"Commercial",31500,1,"Minivan","no",7957,1,"No",3,10,1,"Highly Rural/ Rural"
19807,50,0,0,12,67399,"No",266563,"No","M","High School","Blue Collar",49,"Commercial",19240,3,"Van","yes",44641,2,"Yes",4,1,1,"Highly Urban/ Urban"
3076,40,1,1,6,24498,"Yes",0,"No","F","High School","Clerical",36,"Private",9920,11,"SUV","no",0,0,"No",0,1,1,"Highly Urban/ Urban"
4093,34,0,1,11,98273,"Yes",295335,"No","M","Masters","",22,"Commercial",28190,4,"Panel Truck","yes",0,0,"No",1,11,1,"Highly Urban/ Urban"
9769,34,0,3,15,26777,"Yes",0,"No","F","High School","Clerical",5,"Private",4900,3,"Sports Car","no",1620,1,"No",7,6,1,"Highly Urban/ Urban"
31858,39,1,2,8,15790,"Yes",0,"No","F","PhD","Lawyer",24,"Private",23970,1,"SUV","no",1849,2,"Yes",5,8,1,"Highly Urban/ Urban"
1875,30,0,1,13,20631,"No",110165,"Yes","M","High School","Clerical",45,"Private",4630,3,"Minivan","no",0,0,"Yes",0,4,1,"Highly Rural/ Rural"
3226,49,0,0,13,48983,"No",190088,"Yes","M","PhD","",38,"Commercial",11010,1,"Pickup","no",3767,2,"No",0,12,1,"Highly Urban/ Urban"
1139,40,0,0,10,59566,"No",207187,"No","F","High School","Blue Collar",15,"Commercial",8260,13,"SUV","no",0,0,"No",1,5,1,"Highly Urban/ Urban"
5479,47,0,0,15,34132,"No",147155,"Yes","F","High School","Blue Collar",53,"Commercial",9610,4,"Minivan","no",5047,1,"No",3,8,1,"Highly Urban/ Urban"
7338,44,0,2,17,24469,"No",128238,"Yes","M","<High School","Blue Collar",5,"Commercial",27450,4,"Panel Truck","yes",0,0,"No",4,6,1,"Highly Urban/ Urban"
5338,52,0,0,13,23714,"No",121354,"Yes","M","<High School","Blue Collar",59,"Commercial",9070,1,"Pickup","yes",0,0,"No",3,8,1,"Highly Urban/ Urban"
2576,25,0,4,11,49576,"Yes",160042,"No","F","Masters","Manager",5,"Private",6460,6,"SUV","no",3862,2,"No",1,16,1,"Highly Urban/ Urban"
2150,53,0,0,12,27652,"No",145983,"No","M","High School","Clerical",19,"Private",21460,4,"Van","no",6348,1,"No",0,6,1,"Highly Urban/ Urban"
1985,36,0,0,9,64947,"No",0,"No","F","High School","Blue Collar",26,"Commercial",34920,1,"Minivan","no",0,0,"Yes",0,1,1,"Highly Urban/ Urban"
4130,26,0,1,11,42687,"Yes",0,"No","F","High School","Blue Collar",35,"Commercial",17200,1,"Minivan","no",0,0,"No",6,1,1,"Highly Urban/ Urban"
4665,41,0,0,9,74706,"No",0,"No","M","Bachelors","Professional",31,"Commercial",26530,1,"Panel Truck","yes",2884,1,"No",8,8,1,"Highly Urban/ Urban"
3381,42,0,2,14,55328,"Yes",0,"No","M","High School","Blue Collar",32,"Commercial",11230,7,"Minivan","no",7607,4,"No",2,10,1,"Highly Urban/ Urban"
3544,26,0,2,12,41746,"Yes",0,"No","M","High School","Manager",41,"Commercial",8270,10,"Pickup","no",6081,4,"No",0,1,1,"Highly Urban/ Urban"
2573,62,0,0,12,23264,"No",205740,"Yes","M","High School","Professional",24,"Private",19120,3,"Sports Car","yes",2136,3,"No",3,1,1,"Highly Urban/ Urban"
2124,36,1,2,12,95942,"Yes",0,"No","F","Masters","Manager",46,"Private",14690,4,"SUV","no",17070,2,"Yes",6,19,1,"Highly Urban/ Urban"
1651,58,0,0,14,2724,"No",0,"No","F","<High School","Student",53,"Private",15220,6,"SUV","no",20511,1,"Yes",0,1,1,"Highly Urban/ Urban"
2849,41,0,0,9,27521,"No",141133,"Yes","F","<High School","Blue Collar",29,"Private",8350,1,"Sports Car","no",536,1,"No",0,1,1,"Highly Urban/ Urban"
3335,41,2,3,11,63610,"Yes",0,"No","M","High School","Clerical",10,"Private",11960,15,"Minivan","no",45931,1,"Yes",3,1,1,"Highly Urban/ Urban"
5323,46,0,0,10,70840,"No",0,"No","M","Bachelors","Professional",26,"Private",17140,1,"Minivan","yes",4655,2,"No",5,1,1,"Highly Urban/ Urban"
4857,57,0,0,12,35436,"No",187051,"Yes","F","High School","Blue Collar",39,"Commercial",10100,1,"SUV","no",0,0,"No",4,3,1,"Highly Urban/ Urban"
7843,62,0,0,12,34033,"No",0,"No","M","High School","Blue Collar",43,"Commercial",19010,10,"Van","no",0,0,"Yes",5,1,1,"Highly Urban/ Urban"
3883,34,0,3,0,0,"No",74744,"Yes","F","Bachelors","Home Maker",36,"Private",4900,1,"Sports Car","no",0,0,"No",0,6,1,"Highly Urban/ Urban"
942,26,0,3,13,7832,"No",58632,"Yes","F","<High School","Clerical",33,"Private",7620,11,"SUV","no",5304,2,"No",11,1,1,"Highly Urban/ Urban"
4373,44,0,1,12,51120,"Yes",0,"No","M","High School","Professional",36,"Commercial",26840,1,"Panel Truck","yes",0,0,"Yes",2,8,1,"Highly Urban/ Urban"
2535,46,0,0,13,33953,"No",164542,"Yes","M","<High School","Blue Collar",32,"Private",12040,4,"Minivan","yes",0,0,"No",0,6,1,"Highly Urban/ Urban"
3505,39,1,1,13,13765,"No",82223,"Yes","F","<High School","Clerical",28,"Private",22960,1,"Minivan","no",0,0,"No",0,1,1,"Highly Urban/ Urban"
18955,45,0,2,12,51113,"Yes",204071,"No","M","Bachelors","Clerical",68,"Commercial",11110,1,"Pickup","yes",16558,1,"Yes",0,13,1,"Highly Urban/ Urban"
2939,56,0,0,10,18237,"No",128367,"Yes","F","Masters","Lawyer",12,"Private",8920,1,"SUV","no",0,0,"Yes",0,17,1,"Highly Urban/ Urban"
5586,34,0,2,0,0,"No",0,"Yes","F","High School","Student",39,"Private",15890,1,"SUV","no",4631,1,"No",0,1,1,"Highly Urban/ Urban"
1158,49,0,0,13,55447,"No",0,"No","F","<High School","Blue Collar",5,"Private",13650,17,"SUV","no",7062,3,"No",0,1,1,"Highly Urban/ Urban"
20219,53,0,0,6,67816,"No",247605,"Yes","M","High School","Blue Collar",30,"Commercial",22800,1,"Panel Truck","yes",0,0,"No",2,1,1,"Highly Urban/ Urban"
4614,44,2,3,14,15385,"Yes",0,"No","F","<High School","Clerical",38,"Private",9670,3,"SUV","no",0,0,"No",0,5,1,"Highly Urban/ Urban"
3392,27,0,3,9,10852,"Yes",0,"No","F","<High School","Home Maker",59,"Private",10830,6,"SUV","no",0,0,"No",1,1,1,"Highly Urban/ Urban"
7345,40,0,0,11,30069,"No",168683,"Yes","F","High School","Clerical",41,"Private",9460,1,"Sports Car","no",0,0,"Yes",1,1,1,"Highly Urban/ Urban"
14811,42,0,0,14,40480,"No",164701,"Yes","M","Bachelors","Clerical",71,"Commercial",10830,6,"Pickup","yes",0,0,"No",0,13,1,"Highly Urban/ Urban"
5005,39,0,0,12,70862,"No",225345,"Yes","M","Bachelors","Blue Collar",48,"Private",4740,6,"Pickup","yes",0,0,"Yes",0,6,1,"Highly Urban/ Urban"
3833,38,0,0,0,0,"No",87708,"Yes","M","<High School","Student",24,"Commercial",20260,1,"Van","yes",934,2,"No",4,1,1,"Highly Urban/ Urban"
4081,44,0,0,8,79899,"No",0,"No","F","Masters","Manager",25,"Private",9490,1,"Sports Car","no",0,0,"No",0,17,1,"Highly Urban/ Urban"
7539,66,0,0,13,70618,"No",263650,"Yes","F","PhD","Home Maker",89,"Private",19810,6,"Sports Car","no",0,0,"No",0,13,1,"Highly Urban/ Urban"
4783,43,0,0,11,58251,"No",210945,"No","M","Bachelors","Manager",57,"Commercial",19030,4,"Van","no",0,0,"Yes",0,7,1,"Highly Urban/ Urban"
5273,32,0,3,0,0,"No",64184,"Yes","F","Bachelors","Home Maker",51,"Private",13140,6,"Sports Car","no",0,0,"No",0,4,1,"Highly Rural/ Rural"
7085,19,0,3,11,5228,"Yes",0,"No","F","High School","Student",28,"Commercial",15080,14,"SUV","no",0,0,"No",4,10,1,"Highly Urban/ Urban"
5992,46,0,0,6,112465,"No",0,"No","M","Masters","Manager",36,"Commercial",24330,1,"Panel Truck","yes",1401,1,"No",0,14,1,"Highly Urban/ Urban"
1911,53,0,0,0,0,"No",66839,"Yes","F","High School","Home Maker",6,"Private",6800,1,"Sports Car","no",0,0,"No",1,1,1,"Highly Urban/ Urban"
2976,35,0,2,12,30111,"Yes",0,"No","M","High School","Clerical",48,"Private",4510,6,"Pickup","yes",7654,2,"No",9,1,1,"Highly Urban/ Urban"
3012,47,0,0,16,54807,"No",183953,"Yes","F","High School","Blue Collar",43,"Commercial",7280,1,"Pickup","no",4009,2,"No",2,6,1,"Highly Urban/ Urban"
2972,42,3,3,4,19759,"Yes",0,"No","M","<High School","Blue Collar",30,"Private",15100,1,"Minivan","yes",35863,2,"Yes",4,8,1,"Highly Urban/ Urban"
3169,47,0,0,12,28107,"No",0,"No","F","High School","Clerical",58,"Private",9010,1,"Sports Car","no",8598,1,"No",3,9,1,"Highly Urban/ Urban"
3998,53,0,0,10,41924,"No",0,"No","F","High School","Home Maker",81,"Private",6800,1,"SUV","no",0,0,"No",0,7,1,"Highly Rural/ Rural"
7802,32,0,4,12,4564,"Yes",0,"No","F","High School","Student",31,"Commercial",13810,4,"Sports Car","no",0,0,"No",0,1,1,"Highly Urban/ Urban"
4771,66,0,0,7,78458,"No",267837,"Yes","M","Bachelors","Blue Collar",40,"Commercial",14910,13,"SUV","yes",3894,4,"No",0,13,1,"Highly Urban/ Urban"
4848,40,1,2,14,67700,"Yes",200231,"No","M","Bachelors","Manager",47,"Private",17430,1,"Van","yes",6452,4,"No",4,7,1,"Highly Urban/ Urban"
53796,54,0,1,11,43673,"Yes",172395,"No","F","High School","Blue Collar",39,"Commercial",18690,7,"Minivan","no",0,0,"No",1,1,1,"Highly Urban/ Urban"
4927,42,0,0,13,40277,"No",156362,"No","M","Bachelors","Professional",46,"Commercial",5530,6,"Pickup","yes",8942,2,"No",6,9,1,"Highly Urban/ Urban"
3758,26,0,0,10,12240,"No",101334,"No","F","<High School","Student",21,"Private",5320,1,"Sports Car","no",6094,2,"No",0,6,1,"Highly Urban/ Urban"
3455,48,0,0,7,24601,"No",128982,"No","M","PhD","",21,"Commercial",8760,1,"Pickup","no",0,0,"No",1,10,1,"Highly Urban/ Urban"
4536,50,0,0,8,30956,"No",166846,"Yes","M","High School","Clerical",11,"Commercial",17400,4,"Van","no",3288,2,"No",3,7,1,"Highly Urban/ Urban"
5282,36,1,2,12,32474,"No",108745,"Yes","M","High School","Clerical",59,"Private",8350,4,"Pickup","no",0,0,"No",0,1,1,"Highly Rural/ Rural"
8420,61,2,3,14,108990,"Yes",0,"No","M","PhD","Doctor",34,"Private",37510,6,"SUV","yes",0,0,"No",0,12,1,"Highly Urban/ Urban"
6503,35,0,0,10,18047,"No",97247,"Yes","M","<High School","Blue Collar",5,"Commercial",6950,11,"Pickup","no",0,0,"No",1,4,1,"Highly Urban/ Urban"
3161,48,0,0,9,29928,"No",102900,"Yes","F","High School","Clerical",18,"Private",17630,1,"SUV","no",3826,4,"No",2,9,1,"Highly Urban/ Urban"
1592,46,0,0,13,72383,"No",224700,"Yes","M","Bachelors","Professional",31,"Private",13340,10,"Minivan","no",3990,2,"No",0,9,1,"Highly Urban/ Urban"
4340,43,1,1,12,71235,"Yes",0,"No","M","Bachelors","Professional",12,"Private",17160,1,"Van","no",3744,2,"No",0,6,1,"Highly Urban/ Urban"
5618,28,0,2,10,23427,"No",98357,"Yes","F","<High School","Clerical",50,"Private",7040,4,"Sports Car","no",5283,4,"No",1,1,1,"Highly Urban/ Urban"
1538,45,1,2,12,47907,"Yes",0,"No","F","Bachelors","Clerical",40,"Private",11930,7,"Minivan","no",4658,3,"No",6,9,1,"Highly Urban/ Urban"
6693,41,0,0,11,95903,"No",285983,"Yes","F","Bachelors","Professional",30,"Commercial",39540,1,"Van","no",6599,2,"No",6,8,1,"Highly Urban/ Urban"
3490,28,0,4,0,0,"Yes",81076,"No","F","<High School","Home Maker",27,"Private",4300,1,"SUV","no",0,0,"No",0,6,1,"Highly Urban/ Urban"
2716,35,0,0,13,62971,"No",0,"No","M","<High School","Manager",36,"Commercial",19760,1,"Van","yes",7908,1,"No",10,1,1,"Highly Urban/ Urban"
4363,35,0,0,10,78260,"No",259867,"Yes","F","Masters","Lawyer",57,"Private",23610,1,"SUV","no",6011,3,"No",9,16,1,"Highly Urban/ Urban"
2922,32,0,2,0,0,"No",0,"Yes","M","High School","Student",29,"Commercial",7410,6,"Pickup","no",1491,2,"No",8,1,1,"Highly Urban/ Urban"
781,38,1,3,13,28065,"Yes",112596,"No","M","Bachelors","Clerical",33,"Private",4310,10,"Minivan","no",30254,3,"Yes",0,8,1,"Highly Urban/ Urban"
3970,32,0,0,8,16720,"No",98989,"Yes","M","<High School","Clerical",52,"Commercial",16700,9,"Van","no",45357,1,"Yes",5,1,1,"Highly Urban/ Urban"
8060,36,2,4,11,36844,"Yes",0,"No","F","Bachelors","Clerical",38,"Private",21660,1,"SUV","no",20731,1,"Yes",7,9,1,"Highly Urban/ Urban"
4953,45,3,3,14,51165,"No",218258,"Yes","M","Masters","Lawyer",45,"Private",12310,1,"Minivan","yes",0,0,"Yes",0,10,1,"Highly Urban/ Urban"
4735,49,0,0,11,9444,"No",0,"No","M","High School","Student",33,"Commercial",6400,3,"Pickup","no",5551,2,"No",4,7,1,"Highly Urban/ Urban"
7640,37,0,2,12,32924,"No",170564,"Yes","F","Bachelors","Blue Collar",36,"Private",8000,6,"SUV","no",39722,1,"Yes",4,10,1,"Highly Urban/ Urban"
1453,27,0,2,0,0,"No",0,"Yes","F","<High School","Student",12,"Private",4200,6,"Sports Car","no",0,0,"Yes",2,6,1,"Highly Urban/ Urban"
2313,56,1,1,17,97670,"No",331977,"Yes","M","High School","Professional",34,"Commercial",29700,10,"Panel Truck","yes",7238,2,"No",0,8,1,"Highly Urban/ Urban"
3969,47,0,0,16,13637,"No",126549,"Yes","F","Masters","Home Maker",50,"Private",26520,1,"Sports Car","no",3431,1,"No",1,16,1,"Highly Urban/ Urban"
1114,50,0,0,13,5263,"No",0,"No","F","High School","Student",29,"Commercial",10620,11,"SUV","no",3553,3,"No",2,7,1,"Highly Urban/ Urban"
830,40,1,2,8,47841,"Yes",0,"No","F","Bachelors","Clerical",42,"Private",10280,1,"SUV","no",9035,4,"No",4,7,1,"Highly Urban/ Urban"
5109,45,1,2,14,12106,"Yes",0,"No","F","Bachelors","Student",44,"Commercial",7210,1,"Sports Car","no",36236,3,"Yes",2,12,1,"Highly Urban/ Urban"
6023,27,0,4,15,31168,"No",122298,"Yes","F","High School","Blue Collar",58,"Commercial",7320,1,"Minivan","no",7582,2,"No",1,7,1,"Highly Urban/ Urban"
4249,33,0,3,12,101222,"Yes",0,"No","F","Bachelors","Blue Collar",17,"Commercial",24710,9,"Pickup","no",898,1,"Yes",3,13,1,"Highly Urban/ Urban"
7800,37,0,3,14,26425,"No",127470,"Yes","M","<High School","Blue Collar",50,"Commercial",9030,4,"Pickup","yes",1602,2,"No",6,6,1,"Highly Urban/ Urban"
27711,49,0,0,14,39589,"No",197001,"Yes","M","High School","Blue Collar",41,"Commercial",14080,11,"Minivan","yes",3767,3,"No",2,8,1,"Highly Urban/ Urban"
4993,36,0,0,9,79801,"No",0,"No","F","High School","Blue Collar",21,"Commercial",23110,6,"SUV","no",0,0,"No",2,1,1,"Highly Urban/ Urban"
4004,43,1,3,15,122806,"Yes",0,"No","F","Bachelors","Blue Collar",19,"Commercial",18080,1,"SUV","no",1784,1,"No",4,14,1,"Highly Urban/ Urban"
6907,50,0,0,8,91589,"No",287485,"Yes","F","High School","Blue Collar",40,"Commercial",6730,17,"SUV","no",0,0,"Yes",0,10,1,"Highly Urban/ Urban"
5601,59,0,0,12,80217,"No",275635,"Yes","M","Bachelors","Blue Collar",26,"Commercial",26630,1,"Panel Truck","no",8938,2,"No",6,12,1,"Highly Rural/ Rural"
710,48,0,0,12,108601,"No",320455,"Yes","M","High School","Blue Collar",23,"Commercial",17160,17,"Van","yes",31227,2,"No",4,1,1,"Highly Urban/ Urban"
3966,33,0,3,0,0,"Yes",0,"No","F","High School","Student",52,"Commercial",16670,7,"Sports Car","no",1051,1,"No",0,9,1,"Highly Urban/ Urban"
2892,31,0,3,15,6393,"Yes",0,"No","F","High School","Student",50,"Private",1500,8,"Sports Car","no",5540,2,"No",5,8,1,"Highly Urban/ Urban"
7765,38,1,1,12,149453,"No",390144,"Yes","M","Bachelors","Professional",24,"Private",23120,6,"Minivan","no",0,0,"No",1,6,1,"Highly Urban/ Urban"
4308,41,0,2,17,21696,"No",84618,"Yes","F","<High School","Blue Collar",33,"Private",9530,6,"SUV","no",0,0,"No",4,3,1,"Highly Urban/ Urban"
31357,48,0,0,11,39285,"No",0,"No","F","<High School","Blue Collar",26,"Private",22930,1,"Pickup","no",6367,1,"No",7,1,1,"Highly Urban/ Urban"
7861,45,2,2,9,14640,"No",87100,"Yes","F","<High School","Blue Collar",37,"Private",23940,1,"SUV","no",0,0,"No",2,5,1,"Highly Urban/ Urban"
4681,26,0,1,11,56347,"No",201599,"Yes","M","High School","Blue Collar",30,"Commercial",16410,10,"Van","yes",0,0,"No",0,1,1,"Highly Urban/ Urban"
6001,51,0,0,13,106722,"No",289522,"No","M","High School","Blue Collar",34,"Commercial",17270,1,"Van","no",0,0,"No",2,1,1,"Highly Urban/ Urban"
4953,39,0,3,16,66525,"No",228868,"Yes","M","High School","Blue Collar",34,"Commercial",14000,4,"Minivan","no",0,0,"No",1,9,1,"Highly Urban/ Urban"
6190,39,0,0,11,67608,"No",0,"No","M","Bachelors","Professional",32,"Private",12160,1,"Minivan","yes",0,0,"No",3,9,1,"Highly Urban/ Urban"
7776,32,0,2,15,29206,"No",146212,"Yes","F","High School","Clerical",24,"Private",13390,1,"Pickup","no",4447,1,"No",0,8,1,"Highly Urban/ Urban"
1322,58,0,0,8,83521,"No",275791,"Yes","M","Bachelors","Professional",37,"Commercial",23260,6,"Panel Truck","yes",0,0,"No",2,1,1,"Highly Urban/ Urban"
692,31,0,3,15,47629,"No",144222,"Yes","F","High School","Blue Collar",38,"Commercial",9360,1,"SUV","no",6906,2,"No",0,6,1,"Highly Urban/ Urban"
4903,57,0,0,8,54028,"No",202278,"Yes","F","High School","Professional",28,"Private",12710,13,"Minivan","no",24458,1,"No",1,1,1,"Highly Urban/ Urban"
1956,43,1,1,9,111656,"Yes",0,"No","F","Bachelors","Professional",55,"Private",7700,1,"Sports Car","no",30378,1,"Yes",5,9,1,"Highly Urban/ Urban"
6250,34,0,0,7,161846,"No",0,"No","F","PhD","",48,"Commercial",32020,9,"Panel Truck","no",28495,2,"Yes",0,15,1,"Highly Urban/ Urban"
706,36,0,3,19,34658,"No",191264,"Yes","F","High School","Blue Collar",25,"Commercial",24600,4,"Pickup","no",0,0,"No",1,1,1,"Highly Urban/ Urban"
7841,36,0,3,13,66859,"Yes",0,"No","F","Bachelors","Blue Collar",51,"Private",5470,4,"SUV","no",0,0,"No",0,1,1,"Highly Urban/ Urban"
2009,24,0,1,10,9761,"No",92374,"Yes","F","Bachelors","Professional",66,"Private",11320,10,"Sports Car","yes",14584,2,"Yes",10,0,1,"Highly Urban/ Urban"
3432,40,1,1,8,35660,"Yes",0,"No","F","Masters","Professional",31,"Private",5500,6,"SUV","no",0,0,"No",1,11,1,"Highly Urban/ Urban"
1853,48,0,0,14,96659,"No",246612,"Yes","F","Bachelors","Blue Collar",61,"Commercial",18490,9,"SUV","no",4906,1,"No",0,7,1,"Highly Urban/ Urban"
4198,35,0,0,9,22543,"No",150019,"No","F","<High School","Clerical",32,"Private",7250,4,"SUV","no",3002,1,"No",0,6,1,"Highly Urban/ Urban"
1993,61,0,0,0,0,"No",96739,"No","F","<High School","Student",5,"Private",1500,1,"Sports Car","no",6414,2,"No",6,7,1,"Highly Urban/ Urban"
8284,44,0,0,12,60217,"No",0,"No","F","Bachelors","Blue Collar",5,"Commercial",7520,8,"SUV","no",0,0,"No",0,12,1,"Highly Urban/ Urban"
6222,42,1,3,13,156532,"Yes",0,"No","M","Bachelors","Professional",31,"Commercial",18060,6,"Van","no",785,2,"No",4,14,1,"Highly Urban/ Urban"
4753,50,0,0,12,131311,"No",0,"No","M","High School","Professional",43,"Commercial",26370,7,"Panel Truck","yes",5055,3,"No",7,9,1,"Highly Urban/ Urban"
2327,44,2,2,0,0,"No",0,"Yes","M","Bachelors","Student",17,"Commercial",1500,13,"Minivan","yes",0,0,"No",4,5,1,"Highly Urban/ Urban"
6001,58,0,0,13,69879,"No",259753,"Yes","F","Bachelors","Professional",33,"Private",20520,1,"SUV","no",3120,2,"No",6,12,1,"Highly Urban/ Urban"
7505,43,0,0,10,72894,"No",0,"No","M","<High School","Blue Collar",55,"Private",5800,4,"Pickup","yes",22464,2,"Yes",3,4,1,"Highly Urban/ Urban"
4301,44,0,2,7,24091,"Yes",0,"No","F","<High School","Blue Collar",27,"Private",8310,1,"SUV","no",6693,3,"No",0,6,1,"Highly Urban/ Urban"
6088,49,0,0,8,31873,"No",123025,"Yes","F","<High School","Clerical",41,"Private",9830,12,"SUV","no",4600,2,"No",0,1,1,"Highly Urban/ Urban"
3686,43,0,0,9,63511,"No",219943,"No","M","Bachelors","Blue Collar",19,"Commercial",12150,3,"Pickup","yes",0,0,"No",3,8,1,"Highly Urban/ Urban"
3822,53,0,0,13,61486,"No",0,"No","M","Bachelors","Blue Collar",32,"Commercial",24180,10,"Panel Truck","yes",19709,3,"Yes",0,10,1,"Highly Urban/ Urban"
8067,53,1,1,16,63269,"No",243277,"Yes","M","Masters","Lawyer",45,"Private",6710,7,"Pickup","yes",3850,4,"No",0,11,1,"Highly Urban/ Urban"
1232,38,0,2,11,42229,"No",167121,"Yes","F","<High School","Clerical",21,"Commercial",23020,9,"Pickup","no",0,0,"No",2,1,1,"Highly Urban/ Urban"
3331,62,2,4,19,174140,"No",487307,"Yes","F","PhD","Manager",20,"Private",26310,15,"SUV","no",0,0,"No",1,17,1,"Highly Urban/ Urban"
2524,48,1,1,11,84042,"No",263403,"Yes","F","Masters","Lawyer",55,"Private",10320,1,"SUV","no",7560,1,"No",2,20,1,"Highly Urban/ Urban"
5610,38,0,0,14,50104,"No",241191,"Yes","F","Masters","Lawyer",44,"Private",10310,21,"SUV","no",6384,2,"No",5,12,1,"Highly Urban/ Urban"
7862,25,0,3,0,0,"No",0,"Yes","F","High School","Student",27,"Commercial",5950,1,"SUV","no",0,0,"No",3,1,1,"Highly Urban/ Urban"
7833,44,1,1,11,75161,"Yes",241237,"No","F","PhD","Doctor",48,"Private",11220,1,"SUV","no",6367,4,"No",5,19,1,"Highly Urban/ Urban"
3682,37,0,0,11,5590,"No",90639,"Yes","M","<High School","Clerical",27,"Commercial",24770,4,"Panel Truck","yes",0,0,"No",0,1,1,"Highly Urban/ Urban"
867,36,0,0,9,12546,"No",0,"No","M","<High School","Clerical",22,"Private",1500,1,"Minivan","yes",4636,3,"No",0,1,1,"Highly Urban/ Urban"
7027,52,0,0,10,32028,"No",0,"No","F","High School","Clerical",41,"Private",14860,3,"SUV","no",0,0,"No",4,1,1,"Highly Urban/ Urban"
2175,45,0,0,11,49957,"No",191130,"No","M","Bachelors","Professional",22,"Commercial",18710,4,"Van","yes",0,0,"No",1,2,1,"Highly Urban/ Urban"
3350,28,0,2,11,12891,"No",86839,"Yes","F","<High School","Home Maker",10,"Commercial",26350,1,"Pickup","no",3683,2,"No",4,5,1,"Highly Urban/ Urban"
2012,42,0,0,10,60522,"No",0,"No","F","High School","Clerical",27,"Private",19710,1,"Sports Car","no",49380,1,"No",0,7,1,"Highly Rural/ Rural"
1683,38,0,2,14,21571,"No",109536,"Yes","M","<High School","Clerical",24,"Private",21990,1,"Van","yes",0,0,"No",3,1,1,"Highly Urban/ Urban"
6424,54,0,0,14,60115,"No",188846,"Yes","M","High School","Blue Collar",27,"Commercial",8130,2,"Pickup","yes",0,0,"No",0,7,1,"Highly Urban/ Urban"
5555,30,0,2,0,0,"No",91900,"Yes","F","High School","Student",60,"Commercial",4500,1,"SUV","no",0,0,"Yes",3,8,1,"Highly Urban/ Urban"
35577,32,0,1,13,22243,"Yes",0,"No","F","Bachelors","Home Maker",5,"Commercial",19470,13,"Pickup","no",0,0,"No",0,10,1,"Highly Urban/ Urban"
3549,48,0,0,8,36954,"No",0,"No","M","High School","Blue Collar",37,"Commercial",10000,1,"Pickup","yes",3654,2,"No",3,1,1,"Highly Urban/ Urban"
8584,49,0,0,0,0,"No",0,"No","M","High School","Student",24,"Commercial",6200,4,"Pickup","yes",7304,3,"No",2,1,1,"Highly Rural/ Rural"
9249,38,0,0,9,62290,"No",223013,"No","F","Bachelors","Blue Collar",22,"Commercial",11530,11,"Sports Car","no",7003,1,"No",2,9,1,"Highly Urban/ Urban"
4395,46,0,0,8,177562,"No",0,"No","M","PhD","Manager",53,"Commercial",22110,6,"Pickup","no",6935,1,"No",3,19,1,"Highly Urban/ Urban"
4043,48,0,1,12,80016,"Yes",0,"No","F","Bachelors","Manager",36,"Commercial",33550,4,"Van","no",0,0,"No",0,7,1,"Highly Urban/ Urban"
4321,31,0,3,13,30089,"No",121900,"Yes","M","High School","Professional",36,"Commercial",31510,3,"Panel Truck","yes",4278,1,"No",4,1,1,"Highly Urban/ Urban"
8696,46,0,0,8,23655,"No",190550,"Yes","M","<High School","Blue Collar",40,"Commercial",9340,11,"Pickup","yes",43381,1,"Yes",4,7,1,"Highly Urban/ Urban"
3427,39,0,0,9,133060,"No",0,"No","F","PhD","Lawyer",44,"Private",5400,7,"Sports Car","no",2897,2,"No",1,18,1,"Highly Urban/ Urban"
5648,27,0,2,13,67168,"Yes",0,"No","F","Bachelors","Professional",36,"Private",15570,6,"Minivan","no",0,0,"Yes",0,9,1,"Highly Urban/ Urban"
3720,46,0,0,13,66522,"No",0,"No","F","High School","Blue Collar",36,"Commercial",19860,3,"SUV","no",28642,3,"Yes",0,11,1,"Highly Urban/ Urban"
1282,32,0,3,10,22901,"No",87839,"Yes","M","High School","Clerical",49,"Private",13200,6,"Minivan","no",0,0,"Yes",1,6,1,"Highly Urban/ Urban"
6611,46,0,0,0,0,"No",0,"No","F","Bachelors","Home Maker",53,"Private",6100,17,"SUV","no",5348,4,"No",5,12,1,"Highly Urban/ Urban"
3760,48,0,0,10,123223,"No",0,"No","M","Masters","",34,"Commercial",24380,7,"Panel Truck","yes",3233,3,"No",0,11,1,"Highly Urban/ Urban"
2075,37,1,2,16,122598,"No",307051,"Yes","F","PhD","Home Maker",48,"Private",28800,6,"Pickup","no",6407,1,"No",4,12,1,"Highly Urban/ Urban"
4220,33,0,2,0,0,"No",0,"Yes","M","Bachelors","Student",45,"Commercial",21380,11,"Van","yes",3676,1,"No",7,7,1,"Highly Urban/ Urban"
4370,51,0,1,18,30531,"No",122736,"Yes","F","High School","Blue Collar",35,"Commercial",6600,1,"SUV","no",32674,3,"Yes",6,1,1,"Highly Urban/ Urban"
5391,67,2,3,17,30182,"No",143293,"Yes","F","High School","Manager",25,"Private",20610,4,"Sports Car","no",0,0,"No",2,8,1,"Highly Urban/ Urban"
5186,37,0,1,11,22401,"Yes",0,"No","F","<High School","Blue Collar",33,"Private",7440,4,"Sports Car","no",30099,3,"Yes",6,4,1,"Highly Urban/ Urban"
9235,26,0,1,10,46604,"Yes",164657,"No","M","High School","Blue Collar",55,"Commercial",8760,4,"Minivan","yes",6188,1,"No",9,1,1,"Highly Urban/ Urban"
4036,39,0,2,0,0,"No",105472,"Yes","F","<High School","Home Maker",10,"Private",5400,1,"Sports Car","no",0,0,"No",0,1,1,"Highly Urban/ Urban"
4541,42,0,0,11,105796,"No",290251,"Yes","F","Masters","Lawyer",21,"Private",26880,4,"Sports Car","no",20061,3,"Yes",0,12,1,"Highly Urban/ Urban"
4743,39,1,2,0,0,"Yes",0,"No","F","High School","Home Maker",5,"Private",5400,5,"Sports Car","no",9037,3,"No",6,6,1,"Highly Urban/ Urban"
3050,46,0,0,10,21238,"No",0,"No","M","<High School","Clerical",39,"Private",14410,1,"Minivan","yes",9513,1,"No",3,7,1,"Highly Urban/ Urban"
30,38,0,0,8,62177,"No",178852,"Yes","M","High School","Blue Collar",34,"Commercial",7300,4,"Pickup","no",4717,3,"No",0,8,1,"Highly Urban/ Urban"
3278,48,0,0,10,34606,"No",163682,"Yes","M","<High School","Blue Collar",59,"Private",3920,1,"Minivan","yes",0,0,"No",1,1,1,"Highly Urban/ Urban"
6049,24,0,0,9,21455,"No",0,"No","M","Bachelors","Professional",8,"Private",6050,18,"Pickup","yes",2661,3,"No",6,5,1,"Highly Urban/ Urban"
2200,55,0,0,11,39975,"No",190228,"Yes","F","<High School","Clerical",57,"Private",11860,6,"Sports Car","no",0,0,"No",0,1,1,"Highly Urban/ Urban"
8139,25,0,4,0,0,"No",0,"Yes","F","<High School","Student",52,"Private",17650,11,"Sports Car","no",0,0,"No",3,1,1,"Highly Urban/ Urban"
1467,63,0,0,15,42209,"No",0,"No","M","High School","Blue Collar",22,"Commercial",16850,1,"Minivan","no",7199,3,"No",1,9,1,"Highly Urban/ Urban"
2517,45,3,3,14,3532,"No",71734,"Yes","F","High School","Home Maker",35,"Private",6350,1,"SUV","no",11564,2,"No",2,6,1,"Highly Urban/ Urban"
6499,49,0,0,12,50295,"No",234324,"No","M","Bachelors","Blue Collar",38,"Commercial",10390,13,"Pickup","yes",2319,2,"No",1,13,1,"Highly Urban/ Urban"
8220,36,0,2,12,53169,"Yes",0,"No","F","<High School","Clerical",44,"Private",9610,6,"SUV","no",3698,2,"No",5,1,1,"Highly Rural/ Rural"
2528,32,0,1,10,6930,"No",0,"Yes","M","High School","Student",42,"Commercial",23660,4,"Panel Truck","yes",4415,1,"No",1,8,1,"Highly Urban/ Urban"
1483,37,0,0,10,86754,"No",0,"No","F","PhD","Lawyer",21,"Private",13880,1,"Sports Car","no",31966,3,"Yes",2,13,1,"Highly Urban/ Urban"
686,37,1,1,14,66175,"Yes",214792,"No","F","<High School","Blue Collar",51,"Private",13240,15,"SUV","no",0,0,"No",4,1,1,"Highly Urban/ Urban"
1874,45,0,0,0,0,"No",77453,"No","F","Masters","Home Maker",24,"Private",30130,4,"Minivan","no",0,0,"No",0,15,1,"Highly Urban/ Urban"
5429,48,0,0,11,11515,"No",0,"Yes","M","High School","Student",20,"Private",10230,4,"Minivan","no",0,0,"No",2,1,1,"Highly Urban/ Urban"
5424,45,1,1,14,26156,"No",179165,"Yes","F","Bachelors","Professional",48,"Private",14460,1,"SUV","no",28959,1,"Yes",0,10,1,"Highly Urban/ Urban"
35009,41,1,2,14,86860,"Yes",0,"No","M","Bachelors","Blue Collar",33,"Commercial",16020,3,"Minivan","no",0,0,"No",4,1,1,"Highly Urban/ Urban"
38223,56,1,1,15,88858,"No",249331,"Yes","F","PhD","Lawyer",20,"Private",5670,4,"SUV","no",4906,2,"No",2,19,1,"Highly Urban/ Urban"
3498,39,3,3,13,110251,"No",349101,"Yes","M","Bachelors","Blue Collar",36,"Commercial",38900,1,"Panel Truck","yes",21033,2,"Yes",3,1,1,"Highly Urban/ Urban"
5358,50,0,1,15,39861,"No",216739,"Yes","F","Bachelors","Clerical",22,"Private",10490,6,"SUV","no",0,0,"No",0,8,1,"Highly Urban/ Urban"
762,45,2,2,13,109361,"No",306852,"Yes","F","Bachelors","Manager",9,"Private",1500,1,"SUV","no",0,0,"No",0,16,1,"Highly Urban/ Urban"
3351,33,0,0,7,66604,"No",0,"No","F","Masters","Lawyer",29,"Private",11460,1,"SUV","no",1552,2,"No",3,10,1,"Highly Urban/ Urban"
5354,27,0,2,11,64412,"Yes",0,"No","F","High School","Blue Collar",29,"Commercial",4200,6,"Sports Car","no",10679,2,"No",6,6,1,"Highly Urban/ Urban"
3336,34,0,2,10,19742,"No",0,"Yes","F","High School","Student",13,"Commercial",5200,4,"SUV","no",44231,2,"Yes",2,8,1,"Highly Urban/ Urban"
5179,37,0,0,12,62010,"No",0,"No","M","Bachelors","Professional",33,"Commercial",7700,1,"Pickup","yes",0,0,"No",2,10,1,"Highly Urban/ Urban"
2985,52,0,0,15,99963,"No",291133,"Yes","F","High School","Clerical",33,"Commercial",29850,7,"Pickup","no",6600,3,"No",3,1,1,"Highly Urban/ Urban"
18139,48,0,0,11,65240,"No",189120,"No","F","High School","Blue Collar",5,"Commercial",12040,7,"Sports Car","no",5396,1,"No",3,1,1,"Highly Urban/ Urban"
4284,55,0,0,16,174355,"No",457551,"Yes","M","Masters","",38,"Commercial",16230,1,"Van","yes",0,0,"Yes",0,1,1,"Highly Urban/ Urban"
4066,31,0,0,7,6249,"No",0,"No","M","High School","Student",9,"Commercial",10110,1,"Pickup","yes",2511,2,"No",2,1,1,"Highly Urban/ Urban"
2611,36,2,3,8,34503,"No",189551,"Yes","M","High School","Blue Collar",16,"Commercial",23790,11,"Minivan","yes",39271,2,"Yes",0,1,1,"Highly Urban/ Urban"
2277,42,0,0,8,24076,"No",0,"No","M","<High School","Clerical",43,"Private",8110,1,"Pickup","yes",32580,2,"Yes",5,6,1,"Highly Urban/ Urban"
2380,47,0,0,0,0,"No",0,"Yes","M","Bachelors","Student",30,"Commercial",6200,1,"Pickup","no",0,0,"No",2,9,1,"Highly Urban/ Urban"
7571,43,0,0,12,46671,"No",183055,"No","M","<High School","Blue Collar",63,"Private",9400,13,"Pickup","yes",0,0,"No",3,5,1,"Highly Urban/ Urban"
3280,27,0,1,10,44208,"Yes",0,"No","F","High School","Clerical",33,"Private",8620,1,"SUV","no",3700,2,"No",5,9,1,"Highly Urban/ Urban"
5273,43,1,3,15,39564,"No",205645,"Yes","M","High School","Blue Collar",30,"Commercial",33110,1,"Panel Truck","yes",610,4,"No",0,4,1,"Highly Urban/ Urban"
1207,40,0,1,11,40252,"Yes",201112,"No","M","High School","Blue Collar",41,"Private",7240,13,"Pickup","yes",0,0,"Yes",0,1,1,"Highly Urban/ Urban"
7893,42,0,0,12,44614,"No",210753,"Yes","F","High School","Professional",64,"Private",11780,1,"SUV","no",0,0,"Yes",6,11,1,"Highly Urban/ Urban"
3829,39,0,0,11,52586,"No",260933,"No","M","<High School","Blue Collar",38,"Private",8330,1,"Pickup","yes",0,0,"No",0,7,1,"Highly Urban/ Urban"
34640,57,0,0,11,113403,"No",320542,"No","M","PhD","Manager",52,"Commercial",24370,6,"Panel Truck","no",10457,2,"No",0,11,1,"Highly Urban/ Urban"
1807,29,0,1,12,24464,"No",123024,"Yes","M","High School","Clerical",17,"Commercial",6850,7,"Pickup","yes",40703,2,"Yes",4,7,1,"Highly Urban/ Urban"
8363,48,0,0,11,151979,"No",395160,"No","F","PhD","",25,"Commercial",38290,3,"Panel Truck","no",14968,1,"Yes",1,18,1,"Highly Urban/ Urban"
3033,24,0,1,10,55492,"Yes",0,"No","F","High School","Blue Collar",16,"Commercial",22330,1,"Pickup","yes",0,0,"No",3,1,1,"Highly Urban/ Urban"
8633,63,1,1,2,38111,"No",152804,"Yes","F","Masters","Lawyer",28,"Private",15700,13,"SUV","no",0,0,"Yes",2,19,1,"Highly Urban/ Urban"
9543,55,0,0,12,62924,"No",237604,"No","M","Bachelors","Professional",39,"Commercial",9310,1,"Pickup","yes",0,0,"No",0,14,1,"Highly Urban/ Urban"
1538,53,0,0,13,64993,"No",241636,"Yes","M","<High School","Clerical",45,"Private",13540,4,"Minivan","no",10345,2,"No",4,1,1,"Highly Urban/ Urban"
3518,30,0,1,8,13186,"Yes",0,"No","F","High School","Home Maker",40,"Private",5820,7,"SUV","no",0,0,"Yes",2,8,1,"Highly Urban/ Urban"
5153,44,0,3,16,48525,"No",188588,"Yes","F","<High School","Blue Collar",42,"Private",10750,1,"SUV","no",6733,1,"No",4,8,1,"Highly Urban/ Urban"
4622,40,0,0,0,0,"No",0,"No","F","High School","Student",40,"Commercial",5500,17,"SUV","no",0,0,"Yes",5,13,1,"Highly Urban/ Urban"
5247,39,0,0,9,42141,"No",181281,"No","F","High School","Blue Collar",5,"Commercial",20080,4,"Pickup","no",0,0,"No",2,4,1,"Highly Urban/ Urban"
4934,25,0,1,10,35714,"Yes",0,"No","M","<High School","Clerical",28,"Private",18850,7,"Van","no",0,0,"No",1,1,1,"Highly Urban/ Urban"
4102,38,3,3,17,3151,"No",107534,"Yes","M","High School","Student",39,"Commercial",5620,1,"Pickup","no",0,0,"Yes",0,1,1,"Highly Urban/ Urban"
2730,28,0,2,8,66783,"No",227215,"Yes","F","Bachelors","Blue Collar",5,"Commercial",10980,10,"SUV","no",8079,2,"No",3,10,1,"Highly Urban/ Urban"
15871,38,0,3,14,40542,"Yes",0,"No","F","High School","Clerical",26,"Private",6210,4,"Sports Car","no",24066,1,"Yes",0,8,1,"Highly Urban/ Urban"
2251,48,0,0,11,73806,"No",216274,"No","F","High School","Blue Collar",16,"Commercial",8850,3,"SUV","no",0,0,"No",0,1,1,"Highly Urban/ Urban"
5161,54,0,0,10,41345,"No",140075,"Yes","M","High School","Blue Collar",35,"Commercial",15870,1,"Minivan","no",8877,1,"No",6,1,1,"Highly Urban/ Urban"
3374,48,0,0,11,34449,"No",164590,"Yes","M","<High School","Blue Collar",47,"Private",1500,1,"Minivan","yes",0,0,"No",3,1,1,"Highly Urban/ Urban"
2581,42,0,0,11,50613,"No",0,"No","F","High School","Clerical",45,"Private",18170,4,"Minivan","no",6784,2,"No",4,1,1,"Highly Urban/ Urban"
3404,36,0,0,10,22362,"No",126267,"No","F","High School","Clerical",34,"Private",9200,1,"SUV","no",4633,1,"No",5,1,1,"Highly Urban/ Urban"
4940,36,0,0,8,51358,"No",178375,"Yes","F","Bachelors","Professional",25,"Private",1500,7,"SUV","no",0,0,"No",0,6,1,"Highly Urban/ Urban"
1840,52,0,0,0,0,"No",0,"Yes","F","High School","Student",62,"Commercial",19240,17,"Minivan","no",6902,2,"Yes",3,9,1,"Highly Urban/ Urban"
2349,46,3,0,12,54216,"No",0,"No","M","Masters","Professional",15,"Commercial",10410,6,"Pickup","yes",0,0,"No",3,19,1,"Highly Urban/ Urban"
5632,31,0,2,7,41196,"No",180045,"Yes","F","High School","Blue Collar",39,"Commercial",26220,4,"Minivan","no",9960,2,"No",4,1,1,"Highly Urban/ Urban"
1978,48,0,0,14,58132,"No",0,"No","F","High School","Manager",32,"Private",6860,6,"SUV","no",7926,3,"No",3,1,1,"Highly Urban/ Urban"
4460,60,0,0,16,3103,"No",114402,"Yes","F","High School","Home Maker",34,"Private",14560,1,"SUV","no",25947,1,"Yes",3,9,1,"Highly Urban/ Urban"
3851,26,0,1,15,157649,"No",362484,"Yes","M","Masters","",35,"Private",4100,7,"Minivan","yes",4364,5,"No",3,17,1,"Highly Urban/ Urban"
2344,52,0,0,0,0,"No",131093,"Yes","F","<High School","Home Maker",22,"Private",1500,1,"SUV","no",6997,3,"No",0,5,1,"Highly Urban/ Urban"
6203,50,0,0,0,0,"No",0,"Yes","F","<High School","Student",27,"Private",1500,1,"Sports Car","no",10709,3,"No",6,7,1,"Highly Urban/ Urban"
3311,25,0,4,0,0,"No",86545,"Yes","F","<High School","Home Maker",17,"Private",17350,6,"SUV","no",1430,2,"No",7,5,1,"Highly Urban/ Urban"
2724,47,0,0,9,54841,"No",209723,"Yes","F","High School","Blue Collar",40,"Commercial",17650,3,"SUV","no",0,0,"No",3,1,1,"Highly Urban/ Urban"
1107,46,0,0,7,39393,"No",176823,"No","M","Bachelors","Blue Collar",8,"Commercial",10040,11,"Pickup","yes",0,0,"Yes",0,7,1,"Highly Urban/ Urban"
4165,37,0,0,9,45464,"No",0,"No","F","Masters","Lawyer",35,"Private",11920,14,"SUV","no",3964,1,"No",4,15,1,"Highly Urban/ Urban"
1373,50,0,0,0,0,"No",55078,"Yes","F","PhD","Home Maker",27,"Private",2590,1,"Sports Car","no",5559,1,"No",1,9,1,"Highly Urban/ Urban"
4117,57,1,2,16,193618,"No",474628,"Yes","F","PhD","Doctor",53,"Private",41440,1,"Pickup","no",1277,3,"No",3,13,1,"Highly Urban/ Urban"
2582,46,1,0,11,34208,"No",160959,"Yes","M","High School","Clerical",35,"Commercial",9090,3,"SUV","no",6583,2,"No",2,1,1,"Highly Rural/ Rural"
3853,30,0,1,10,39710,"No",173759,"Yes","M","High School","Blue Collar",32,"Commercial",21920,4,"Van","no",0,0,"No",0,10,1,"Highly Urban/ Urban"
3539,48,0,0,10,44770,"No",162374,"No","M","Masters","Lawyer",66,"Private",5980,1,"Pickup","yes",0,0,"No",4,14,1,"Highly Urban/ Urban"
5329,45,1,2,17,111268,"No",288071,"Yes","F","Masters","Lawyer",46,"Private",21680,4,"Minivan","no",10366,3,"Yes",3,10,1,"Highly Urban/ Urban"
3979,28,0,3,13,43910,"No",179794,"Yes","M","<High School","Clerical",35,"Commercial",27240,1,"Panel Truck","no",3460,2,"No",0,7,1,"Highly Urban/ Urban"
5521,49,0,0,7,67258,"No",222040,"No","M","Masters","Lawyer",28,"Private",21760,6,"Van","no",0,0,"No",1,10,1,"Highly Urban/ Urban"
5159,37,0,2,12,16829,"No",150388,"Yes","M","<High School","Clerical",30,"Commercial",23830,3,"Panel Truck","no",0,0,"Yes",0,1,1,"Highly Urban/ Urban"
726,37,1,2,12,77,"No",77025,"Yes","F","<High School","Student",24,"Private",8620,1,"SUV","no",5289,2,"No",5,1,1,"Highly Urban/ Urban"
64182,58,0,0,14,56858,"No",201989,"No","M","Bachelors","Blue Collar",17,"Commercial",17480,4,"Van","no",0,0,"No",1,1,1,"Highly Rural/ Rural"
6293,44,2,3,13,18154,"No",108984,"Yes","M","<High School","Blue Collar",77,"Private",8330,6,"Pickup","yes",3401,2,"No",2,1,1,"Highly Urban/ Urban"
2103,27,0,2,10,17686,"No",136423,"Yes","F","<High School","Clerical",60,"Private",10050,10,"Minivan","no",5433,3,"No",0,1,1,"Highly Urban/ Urban"
4232,47,0,0,13,61214,"No",219101,"Yes","M","Bachelors","Blue Collar",53,"Commercial",18180,7,"Van","yes",4723,2,"No",0,7,1,"Highly Urban/ Urban"
1168,44,0,0,9,79664,"No",0,"No","F","Bachelors","Professional",25,"Private",6220,4,"Sports Car","no",0,0,"No",1,1,1,"Highly Urban/ Urban"
1261,58,0,0,11,101448,"No",329765,"Yes","M","Bachelors","Professional",32,"Private",17440,1,"Van","no",0,0,"No",0,12,1,"Highly Urban/ Urban"
2977,50,0,0,14,31436,"No",0,"No","F","High School","Clerical",33,"Private",4680,4,"SUV","no",6909,4,"No",3,1,1,"Highly Rural/ Rural"
4185,40,0,0,11,43386,"No",132248,"No","F","Bachelors","Manager",20,"Private",21880,10,"SUV","no",702,3,"No",1,7,1,"Highly Urban/ Urban"
7345,36,0,2,10,34057,"No",204508,"Yes","M","<High School","Blue Collar",38,"Commercial",6210,4,"Pickup","yes",7098,3,"No",6,7,1,"Highly Rural/ Rural"
4405,35,0,2,14,4290,"No",0,"Yes","M","<High School","Student",35,"Commercial",5430,1,"Pickup","yes",6570,2,"No",6,1,1,"Highly Urban/ Urban"
4337,44,2,3,12,2511,"Yes",0,"No","F","High School","Student",60,"Private",17370,4,"Sports Car","no",0,0,"Yes",1,7,1,"Highly Rural/ Rural"
3887,44,0,2,13,44200,"No",160351,"Yes","F","High School","Clerical",35,"Private",10910,4,"SUV","no",0,0,"No",2,1,1,"Highly Urban/ Urban"
5899,47,0,0,0,0,"No",0,"No","F","Masters","Home Maker",17,"Private",6200,1,"SUV","no",0,0,"No",0,17,1,"Highly Urban/ Urban"
6639,59,0,0,13,66942,"No",303427,"Yes","F","High School","Blue Collar",24,"Commercial",8390,1,"SUV","no",9019,3,"No",3,9,1,"Highly Urban/ Urban"
4290,45,2,3,14,36912,"Yes",0,"No","F","Bachelors","Clerical",60,"Private",9690,9,"SUV","no",34514,1,"Yes",0,12,1,"Highly Urban/ Urban"
7552,37,0,3,0,0,"No",55922,"Yes","M","High School","Student",5,"Commercial",5580,4,"Pickup","yes",12048,3,"Yes",11,1,1,"Highly Urban/ Urban"
4322,43,1,2,11,29081,"Yes",0,"No","F","High School","Clerical",33,"Private",10320,6,"SUV","no",0,0,"No",1,7,1,"Highly Urban/ Urban"
7052,38,0,1,11,1729,"Yes",0,"No","M","High School","Student",35,"Commercial",8860,4,"Pickup","no",0,0,"Yes",0,1,1,"Highly Rural/ Rural"
18689,39,0,0,9,40716,"No",170076,"Yes","F","High School","Professional",64,"Private",10740,1,"Sports Car","no",8784,3,"No",2,8,1,"Highly Urban/ Urban"
42523,46,0,0,14,31276,"No",129120,"Yes","F","Bachelors","Blue Collar",47,"Commercial",30070,7,"Sports Car","no",5008,1,"No",5,9,1,"Highly Urban/ Urban"
6752,52,0,0,0,0,"No",0,"No","F","High School","Student",26,"Commercial",6700,1,"SUV","no",4549,2,"Yes",2,1,1,"Highly Urban/ Urban"
3964,34,0,3,8,47689,"No",143574,"Yes","F","High School","Blue Collar",50,"Commercial",25040,1,"Sports Car","no",0,0,"No",1,1,1,"Highly Urban/ Urban"
5438,40,0,1,13,114032,"Yes",0,"No","F","Masters","Manager",65,"Private",26780,1,"Pickup","no",0,0,"No",3,2,1,"Highly Urban/ Urban"
2928,49,0,0,16,25371,"No",143256,"Yes","M","High School","Blue Collar",20,"Private",4690,4,"Pickup","yes",0,0,"No",3,11,1,"Highly Urban/ Urban"
1691,30,0,0,7,54275,"No",121341,"Yes","F","High School","Professional",17,"Private",7220,1,"Sports Car","no",0,0,"No",5,1,1,"Highly Urban/ Urban"
77907,32,0,2,0,0,"No",0,"Yes","M","<High School","Student",5,"Commercial",17700,13,"Minivan","no",4211,2,"No",0,6,1,"Highly Urban/ Urban"
615,36,2,3,8,41424,"Yes",0,"No","M","Bachelors","Manager",22,"Private",15770,1,"Minivan","yes",8174,3,"No",2,15,1,"Highly Urban/ Urban"
2492,62,2,3,12,47590,"Yes",179494,"No","M","<High School","Blue Collar",19,"Private",22050,7,"SUV","no",0,0,"No",1,4,1,"Highly Urban/ Urban"
2907,33,0,2,12,70408,"No",190139,"Yes","F","Bachelors","Blue Collar",31,"Commercial",18850,1,"SUV","no",2665,3,"No",3,9,1,"Highly Urban/ Urban"
7635,50,0,0,11,98347,"No",282017,"Yes","M","Masters","",64,"Commercial",19610,4,"Van","yes",8924,1,"No",0,1,1,"Highly Urban/ Urban"
5188,53,0,0,10,123954,"No",0,"No","M","Masters","",18,"Commercial",17850,10,"Van","yes",1644,3,"No",3,10,1,"Highly Urban/ Urban"
4442,34,0,3,14,28902,"Yes",0,"No","F","High School","Clerical",6,"Private",16020,10,"SUV","no",5300,1,"No",5,1,1,"Highly Urban/ Urban"
3492,35,0,0,10,39741,"No",0,"No","M","Bachelors","Clerical",10,"Commercial",5130,7,"Pickup","no",4158,1,"No",9,11,1,"Highly Urban/ Urban"
1779,39,0,0,9,36330,"No",0,"No","F","High School","Clerical",47,"Private",14520,7,"Sports Car","no",7191,1,"No",3,1,1,"Highly Urban/ Urban"
4055,47,0,0,10,82503,"No",0,"No","F","Bachelors","Professional",38,"Private",21800,13,"Sports Car","no",6633,4,"No",0,15,1,"Highly Urban/ Urban"
3654,57,0,0,14,11977,"No",130295,"Yes","F","High School","Student",39,"Commercial",16360,9,"Pickup","no",0,0,"No",2,9,1,"Highly Urban/ Urban"
3953,50,0,0,10,80108,"No",0,"No","F","Bachelors","Professional",42,"Private",16140,6,"Sports Car","no",0,0,"Yes",0,13,1,"Highly Urban/ Urban"
2413,38,1,3,14,82527,"Yes",0,"No","M","Bachelors","Blue Collar",36,"Commercial",22560,4,"Panel Truck","no",0,0,"Yes",2,10,1,"Highly Urban/ Urban"
6730,43,0,0,7,50491,"No",240774,"Yes","M","Masters","",57,"Private",3930,1,"Minivan","no",1156,1,"No",4,10,1,"Highly Urban/ Urban"
4515,24,0,3,11,24666,"Yes",0,"No","M","Bachelors","Professional",54,"Commercial",9010,10,"Pickup","yes",0,0,"Yes",1,10,1,"Highly Urban/ Urban"
5100,24,0,2,8,11664,"Yes",91216,"No","M","Bachelors","Manager",15,"Private",2670,1,"Minivan","yes",0,0,"No",0,13,1,"Highly Urban/ Urban"
2758,46,0,0,13,119904,"No",0,"No","F","Masters","Lawyer",22,"Private",23530,10,"Sports Car","no",0,0,"No",2,21,1,"Highly Urban/ Urban"
554,54,0,0,0,0,"No",0,"Yes","F","<High School","Student",36,"Private",6900,6,"SUV","no",0,0,"Yes",0,7,1,"Highly Urban/ Urban"
8131,53,0,0,0,0,"No",118678,"No","F","<High School","Home Maker",29,"Private",6800,6,"SUV","no",1930,2,"No",1,6,1,"Highly Urban/ Urban"
5440,47,0,0,8,5846,"No",99468,"Yes","F","High School","Home Maker",10,"Private",9030,1,"SUV","no",0,0,"No",0,9,1,"Highly Urban/ Urban"
2782,37,0,0,11,36217,"No",186385,"No","F","High School","Blue Collar",57,"Commercial",28090,1,"Minivan","no",0,0,"Yes",0,1,1,"Highly Urban/ Urban"
1487,47,0,0,8,90940,"No",0,"No","M","Bachelors","Professional",50,"Commercial",16710,10,"Van","yes",8490,3,"No",0,10,1,"Highly Urban/ Urban"
2992,26,0,3,15,69789,"No",206181,"Yes","F","High School","Manager",37,"Private",11770,1,"SUV","no",2960,3,"No",5,7,1,"Highly Urban/ Urban"
5603,61,0,0,13,57095,"No",0,"No","M","<High School","Blue Collar",52,"Private",7600,4,"SUV","yes",1904,3,"No",7,6,1,"Highly Urban/ Urban"
3952,45,0,2,15,135768,"No",347575,"Yes","M","Masters","",22,"Commercial",19580,1,"Van","yes",8176,2,"No",6,15,1,"Highly Urban/ Urban"
1257,44,2,4,14,25536,"No",178708,"Yes","F","<High School","Blue Collar",50,"Private",12160,7,"SUV","no",0,0,"Yes",1,6,1,"Highly Urban/ Urban"
3793,46,0,0,8,36110,"No",175359,"No","F","High School","Blue Collar",18,"Commercial",13260,6,"SUV","no",26321,4,"Yes",4,10,1,"Highly Urban/ Urban"
3905,43,1,2,15,58025,"No",211109,"Yes","M","Bachelors","Clerical",16,"Commercial",28840,6,"Panel Truck","yes",0,0,"No",0,8,1,"Highly Urban/ Urban"
4356,60,1,2,17,52002,"Yes",242854,"No","M","Masters","",5,"Commercial",28140,4,"Panel Truck","no",0,0,"No",0,12,1,"Highly Urban/ Urban"
2705,33,0,4,0,0,"Yes",0,"No","M","High School","Student",14,"Commercial",12470,1,"Minivan","yes",10794,2,"Yes",4,5,1,"Highly Urban/ Urban"
3955,50,0,0,15,36015,"No",137355,"Yes","F","Masters","Lawyer",23,"Private",15100,1,"SUV","no",0,0,"No",1,10,1,"Highly Rural/ Rural"
6132,34,0,1,9,28719,"Yes",0,"No","F","High School","Blue Collar",15,"Commercial",14340,4,"SUV","no",0,0,"No",0,7,1,"Highly Urban/ Urban"
5477,40,0,0,11,82505,"No",0,"No","M","Masters","",35,"Commercial",33910,1,"Panel Truck","no",5464,3,"No",2,13,1,"Highly Urban/ Urban"
2943,32,0,2,12,40851,"Yes",112094,"No","F","High School","Clerical",52,"Private",15550,1,"SUV","no",0,0,"No",2,1,1,"Highly Urban/ Urban"
5314,52,0,0,6,115075,"No",0,"No","M","Bachelors","Blue Collar",23,"Commercial",18210,1,"Van","yes",7619,1,"No",3,1,1,"Highly Urban/ Urban"
3917,19,0,1,8,37536,"Yes",0,"No","F","Bachelors","Professional",53,"Private",22810,10,"Pickup","no",4686,1,"No",10,1,1,"Highly Urban/ Urban"
4546,28,0,0,9,36113,"No",187871,"No","M","Bachelors","Blue Collar",75,"Commercial",9240,4,"Pickup","yes",5065,2,"No",5,8,1,"Highly Urban/ Urban"
5571,36,1,4,13,31259,"No",145148,"Yes","M","<High School","Blue Collar",32,"Commercial",21510,14,"Van","no",3719,1,"No",0,8,1,"Highly Urban/ Urban"
4703,39,0,0,8,48490,"No",195777,"No","F","Bachelors","Blue Collar",39,"Commercial",15180,4,"SUV","no",3893,1,"No",0,9,1,"Highly Urban/ Urban"
1467,48,0,0,14,82885,"No",0,"No","M","Bachelors","Manager",60,"Private",21340,1,"Minivan","no",0,0,"No",1,13,1,"Highly Urban/ Urban"
3968,47,0,0,0,0,"No",0,"No","M","<High School","Student",25,"Private",17890,6,"Van","no",0,0,"No",0,5,1,"Highly Urban/ Urban"
2627,26,0,0,9,24722,"No",0,"No","F","<High School","Clerical",31,"Private",7900,4,"SUV","no",1320,2,"No",10,4,1,"Highly Urban/ Urban"
1100,55,0,0,13,32880,"No",197778,"Yes","M","<High School","Blue Collar",27,"Commercial",4790,11,"Pickup","yes",0,0,"No",3,1,1,"Highly Urban/ Urban"
22352,22,0,2,0,0,"No",0,"Yes","F","PhD","Home Maker",47,"Private",13000,6,"SUV","yes",7191,1,"No",0,11,1,"Highly Urban/ Urban"
18392,42,0,2,17,54427,"Yes",0,"No","F","Bachelors","Manager",29,"Private",5700,1,"Sports Car","no",0,0,"No",2,7,1,"Highly Urban/ Urban"
3096,30,0,3,0,0,"Yes",0,"No","F","<High School","Home Maker",49,"Private",6130,9,"SUV","no",0,0,"No",0,1,1,"Highly Rural/ Rural"
8362,57,0,0,13,26634,"No",167976,"Yes","M","High School","Clerical",38,"Commercial",4980,4,"Pickup","no",7795,2,"No",7,9,1,"Highly Urban/ Urban"
12588,44,0,3,17,35066,"Yes",0,"No","F","High School","Clerical",47,"Private",18880,4,"SUV","no",37642,3,"Yes",6,1,1,"Highly Urban/ Urban"
629,44,0,2,17,66200,"Yes",223960,"No","F","Bachelors","Manager",53,"Private",17260,13,"SUV","no",0,0,"No",1,9,1,"Highly Urban/ Urban"
5255,28,0,3,0,0,"Yes",0,"No","F","High School","Student",39,"Private",4300,7,"Sports Car","no",0,0,"No",0,6,1,"Highly Urban/ Urban"
839,57,0,3,12,118155,"Yes",0,"No","F","<High School","Blue Collar",43,"Private",40520,4,"SUV","no",0,0,"No",4,6,1,"Highly Urban/ Urban"
2933,53,0,0,13,117470,"No",357727,"Yes","F","Masters","Manager",50,"Private",14580,1,"Sports Car","no",47097,3,"Yes",0,18,1,"Highly Urban/ Urban"
1497,57,0,0,11,128441,"No",374931,"Yes","M","PhD","",29,"Commercial",20040,1,"Van","yes",6713,3,"No",7,14,1,"Highly Urban/ Urban"
4530,56,2,3,16,55380,"Yes",0,"No","M","High School","Blue Collar",18,"Commercial",11100,1,"Minivan","no",6164,1,"No",7,1,1,"Highly Urban/ Urban"
1909,46,0,0,12,49917,"No",182126,"Yes","F","<High School","Blue Collar",36,"Private",18640,10,"SUV","no",0,0,"No",2,8,1,"Highly Urban/ Urban"
2887,55,0,0,12,27688,"No",0,"No","M","High School","Blue Collar",20,"Commercial",16760,3,"Van","yes",7369,1,"No",3,8,1,"Highly Urban/ Urban"
7099,38,0,3,17,77830,"No",157793,"Yes","F","High School","Blue Collar",58,"Commercial",11630,7,"SUV","no",0,0,"No",2,11,1,"Highly Urban/ Urban"
6062,57,0,0,13,51343,"No",175607,"Yes","F","Bachelors","Professional",22,"Private",15440,10,"SUV","no",1125,1,"No",4,11,1,"Highly Urban/ Urban"
3138,34,0,1,11,45843,"No",158708,"Yes","F","<High School","Blue Collar",12,"Private",19980,21,"SUV","no",0,0,"Yes",0,5,1,"Highly Urban/ Urban"
5094,28,0,3,0,0,"No",0,"Yes","F","High School","Student",45,"Private",4950,1,"SUV","no",8438,1,"No",4,6,1,"Highly Urban/ Urban"
1525,47,0,0,7,76901,"No",229973,"No","F","Masters","Lawyer",34,"Private",18680,6,"SUV","no",0,0,"No",0,17,1,"Highly Urban/ Urban"
4743,58,0,0,13,72840,"No",277784,"Yes","F","Bachelors","Professional",20,"Commercial",27830,6,"Van","no",3589,1,"No",7,10,1,"Highly Urban/ Urban"
2363,43,1,1,10,90610,"No",260271,"Yes","M","Bachelors","Professional",38,"Private",21090,6,"Van","no",1942,1,"No",6,6,1,"Highly Urban/ Urban"
4398,41,1,2,6,52942,"Yes",0,"No","F","Bachelors","Blue Collar",25,"Commercial",24980,1,"Pickup","no",10023,2,"No",2,9,1,"Highly Urban/ Urban"
6882,38,0,2,11,23636,"Yes",98166,"No","M","High School","Clerical",6,"Commercial",4800,14,"Pickup","yes",0,0,"No",0,1,1,"Highly Urban/ Urban"
3350,51,0,0,6,72037,"No",0,"No","M","High School","Manager",13,"Commercial",19980,4,"Van","yes",0,0,"No",0,8,1,"Highly Urban/ Urban"
3398,59,0,0,9,51425,"No",189235,"Yes","F","High School","Blue Collar",19,"Commercial",12540,1,"SUV","no",0,0,"No",3,1,1,"Highly Urban/ Urban"
2637,47,0,0,13,50323,"No",183327,"Yes","M","<High School","Blue Collar",5,"Private",7620,1,"Minivan","no",5513,2,"No",1,1,1,"Highly Urban/ Urban"
6764,42,0,0,14,41901,"No",0,"No","F","Masters","Home Maker",35,"Private",17520,6,"SUV","no",0,0,"No",0,8,1,"Highly Urban/ Urban"
13607,36,0,0,8,28591,"No",0,"No","F","High School","Clerical",29,"Private",5000,13,"Sports Car","no",0,0,"Yes",0,1,1,"Highly Urban/ Urban"
1634,39,0,0,10,39512,"No",0,"No","F","High School","Blue Collar",29,"Commercial",7660,10,"SUV","no",2054,2,"No",1,1,1,"Highly Urban/ Urban"
13787,43,1,2,9,23035,"Yes",0,"No","F","High School","Clerical",62,"Private",15250,12,"SUV","no",2213,3,"No",2,6,1,"Highly Urban/ Urban"
6005,63,0,0,0,0,"No",89932,"Yes","F","PhD","Home Maker",36,"Private",14590,10,"SUV","no",7540,3,"No",4,19,1,"Highly Urban/ Urban"
4803,42,0,1,15,135276,"No",332701,"Yes","M","PhD","Doctor",25,"Private",19230,1,"Van","yes",0,0,"No",0,13,1,"Highly Urban/ Urban"
5077,33,0,1,12,54480,"Yes",180381,"No","M","High School","Blue Collar",48,"Commercial",10250,6,"Pickup","yes",31332,5,"Yes",5,11,1,"Highly Urban/ Urban"
2582,48,0,0,13,70682,"No",263905,"Yes","F","High School","Blue Collar",25,"Commercial",27800,4,"Pickup","no",0,0,"Yes",0,1,1,"Highly Urban/ Urban"
2440,51,0,0,13,147923,"No",388763,"Yes","M","Bachelors","Manager",5,"Commercial",26470,1,"Panel Truck","yes",0,0,"Yes",0,1,1,"Highly Urban/ Urban"
3884,41,0,1,13,24660,"No",147588,"Yes","M","High School","Professional",25,"Commercial",16230,1,"Van","yes",5330,1,"No",0,1,1,"Highly Urban/ Urban"
1157,53,0,0,12,46396,"No",164037,"Yes","M","Bachelors","Blue Collar",29,"Commercial",22340,10,"Van","yes",0,0,"No",0,11,1,"Highly Urban/ Urban"
1824,48,0,0,12,17224,"No",106948,"Yes","M","<High School","Clerical",28,"Commercial",9680,6,"Pickup","yes",0,0,"No",1,9,1,"Highly Urban/ Urban"
4454,40,0,3,0,0,"Yes",0,"No","F","Bachelors","Student",38,"Private",6690,3,"SUV","no",0,0,"No",0,7,1,"Highly Urban/ Urban"
4226,39,0,0,0,0,"No",0,"Yes","F","High School","Student",55,"Commercial",5400,5,"Sports Car","no",27973,3,"Yes",6,8,1,"Highly Urban/ Urban"
5050,41,1,3,0,0,"No",65293,"Yes","F","High School","Home Maker",42,"Private",1500,7,"Sports Car","no",19425,1,"Yes",1,1,1,"Highly Urban/ Urban"
344,61,0,2,16,113754,"Yes",354907,"No","F","Masters","Lawyer",44,"Private",19560,1,"Sports Car","no",44029,4,"Yes",6,18,1,"Highly Urban/ Urban"
5548,50,0,0,9,76091,"No",246609,"Yes","M","High School","Blue Collar",53,"Commercial",38500,1,"Panel Truck","yes",0,0,"No",1,1,1,"Highly Urban/ Urban"
52490,58,1,2,16,108047,"No",261777,"Yes","F","Bachelors","Professional",29,"Private",18100,1,"SUV","no",4646,2,"No",3,10,1,"Highly Urban/ Urban"
4600,62,0,0,14,144823,"No",370308,"Yes","F","PhD","Doctor",17,"Private",22180,4,"Sports Car","no",0,0,"No",0,15,1,"Highly Urban/ Urban"
9082,47,0,0,13,47213,"No",0,"No","F","Masters","Lawyer",40,"Private",27260,5,"Van","no",1957,3,"No",1,16,1,"Highly Urban/ Urban"
3921,49,0,0,12,55015,"No",194953,"Yes","M","Bachelors","Blue Collar",23,"Commercial",6400,4,"Pickup","yes",3034,2,"No",5,7,1,"Highly Urban/ Urban"
1750,50,0,0,11,17671,"No",130075,"Yes","F","<High School","Clerical",81,"Private",8840,1,"SUV","no",5787,1,"No",1,1,1,"Highly Urban/ Urban"
2776,51,0,0,9,163219,"No",0,"No","M","Masters","",26,"Commercial",11940,3,"Pickup","no",0,0,"No",1,20,1,"Highly Urban/ Urban"
5317,60,0,0,5,17461,"No",175587,"No","F","High School","Clerical",30,"Private",11240,10,"Sports Car","no",0,0,"No",0,1,1,"Highly Rural/ Rural"
3332,41,1,2,14,77432,"Yes",191042,"No","F","Bachelors","Professional",43,"Private",18110,1,"Minivan","no",0,0,"No",0,11,1,"Highly Urban/ Urban"
6623,27,0,3,8,35263,"Yes",0,"No","F","High School","Clerical",10,"Private",20150,6,"Sports Car","no",0,0,"No",0,1,1,"Highly Urban/ Urban"
16803,51,1,1,17,48882,"No",179926,"Yes","M","High School","Manager",35,"Commercial",11510,6,"Pickup","yes",42970,1,"Yes",3,1,1,"Highly Urban/ Urban"
3850,46,0,0,0,0,"No",0,"No","F","High School","Home Maker",35,"Private",1500,17,"SUV","no",0,0,"No",0,1,1,"Highly Urban/ Urban"
5268,46,1,0,13,56237,"No",210027,"Yes","M","High School","Blue Collar",42,"Commercial",7440,1,"SUV","no",16165,2,"Yes",2,8,1,"Highly Urban/ Urban"
4637,46,0,0,12,113004,"No",323383,"Yes","M","Masters","",15,"Commercial",29370,3,"Panel Truck","yes",4174,2,"No",3,15,1,"Highly Urban/ Urban"
838,26,0,1,5,49485,"No",174530,"Yes","F","Bachelors","Clerical",23,"Private",17800,8,"Sports Car","no",5269,1,"No",6,5,1,"Highly Urban/ Urban"
1306,47,0,0,0,0,"No",0,"No","F","PhD","Home Maker",28,"Commercial",18040,6,"Sports Car","no",0,0,"No",6,10,1,"Highly Urban/ Urban"
3305,57,0,0,13,40264,"No",0,"No","M","High School","Blue Collar",57,"Commercial",19260,6,"Van","no",0,0,"Yes",3,6,1,"Highly Urban/ Urban"
3621,30,0,0,9,34581,"No",0,"No","F","<High School","Blue Collar",51,"Private",16110,1,"Minivan","no",3062,1,"No",1,1,1,"Highly Urban/ Urban"
2818,54,0,0,13,39480,"No",0,"No","F","Bachelors","Clerical",41,"Private",22610,1,"SUV","no",0,0,"No",4,9,1,"Highly Urban/ Urban"
2451,39,0,0,12,12179,"No",107069,"No","M","<High School","Clerical",51,"Private",2720,10,"Minivan","yes",0,0,"No",5,1,1,"Highly Urban/ Urban"
708,59,0,0,12,106523,"No",0,"No","F","Bachelors","Blue Collar",42,"Commercial",12150,8,"Pickup","no",0,0,"No",0,10,1,"Highly Urban/ Urban"
3646,60,0,0,13,55260,"No",187662,"Yes","F","High School","Professional",36,"Private",16450,1,"SUV","no",1064,2,"No",2,3,1,"Highly Urban/ Urban"
17628,47,0,1,10,82633,"Yes",0,"No","F","Bachelors","Blue Collar",45,"Commercial",14460,6,"SUV","no",15697,2,"Yes",0,10,1,"Highly Urban/ Urban"
5530,29,0,1,0,0,"Yes",0,"No","F","High School","Student",40,"Commercial",15610,4,"SUV","no",7857,2,"No",2,1,1,"Highly Urban/ Urban"
4112,55,0,0,0,0,"No",0,"No","F","<High School","Home Maker",48,"Commercial",17050,6,"Pickup","no",2962,1,"No",9,1,1,"Highly Urban/ Urban"
4218,55,0,0,10,20046,"No",154672,"Yes","F","Masters","Manager",57,"Private",5300,3,"SUV","no",0,0,"No",2,20,1,"Highly Urban/ Urban"
6124,24,0,4,13,27547,"Yes",0,"No","M","High School","Blue Collar",38,"Commercial",6650,6,"Pickup","yes",0,0,"Yes",4,6,1,"Highly Urban/ Urban"
4570,42,0,0,10,55340,"No",227741,"Yes","M","High School","Clerical",44,"Commercial",34210,7,"Panel Truck","no",2773,1,"No",5,1,1,"Highly Urban/ Urban"
4573,46,2,0,0,0,"No",0,"No","F","Bachelors","Home Maker",25,"Commercial",7270,4,"Pickup","no",2280,3,"No",0,12,1,"Highly Urban/ Urban"
4491,63,0,0,12,42862,"No",0,"No","F","High School","Professional",17,"Private",7800,11,"Sports Car","no",0,0,"Yes",0,1,1,"Highly Urban/ Urban"
6961,44,0,0,9,53122,"No",216534,"Yes","F","High School","Blue Collar",23,"Commercial",11210,4,"SUV","no",7312,1,"No",0,8,1,"Highly Urban/ Urban"
7882,28,0,2,12,38305,"No",135831,"Yes","F","Masters","Manager",42,"Private",21980,9,"Minivan","no",1310,1,"No",6,15,1,"Highly Urban/ Urban"
4545,35,0,0,11,46416,"No",183094,"Yes","F","<High School","Clerical",27,"Commercial",28290,4,"Van","no",0,0,"Yes",0,1,1,"Highly Urban/ Urban"
3870,38,0,0,12,51773,"No",185145,"Yes","F","High School","Blue Collar",45,"Commercial",14610,4,"Pickup","no",0,0,"No",1,10,1,"Highly Urban/ Urban"
5440,23,0,3,13,16193,"Yes",0,"No","M","High School","Clerical",36,"Private",7290,7,"Minivan","yes",0,0,"Yes",3,1,1,"Highly Urban/ Urban"
4652,34,0,0,11,27434,"No",120044,"Yes","M","<High School","Blue Collar",45,"Private",13610,1,"Minivan","yes",0,0,"No",0,5,1,"Highly Urban/ Urban"
5209,43,0,2,15,6324,"No",0,"Yes","M","<High School","Student",58,"Private",13180,1,"Minivan","yes",0,0,"No",0,1,1,"Highly Urban/ Urban"
6969,46,0,0,12,24139,"No",0,"No","M","<High School","Clerical",41,"Private",8510,3,"Pickup","no",5233,2,"No",2,1,1,"Highly Urban/ Urban"
5413,55,0,0,15,81427,"No",0,"No","F","Masters","Lawyer",7,"Private",20320,8,"Pickup","no",21548,2,"Yes",2,17,1,"Highly Urban/ Urban"
1546,47,0,0,13,113356,"No",380945,"Yes","F","Masters","",9,"Commercial",16580,6,"Pickup","no",0,0,"No",0,16,1,"Highly Rural/ Rural"
6457,39,0,2,14,40259,"No",178724,"Yes","M","High School","Blue Collar",35,"Commercial",18040,7,"Van","yes",0,0,"Yes",1,11,1,"Highly Urban/ Urban"
2301,55,0,0,11,70460,"No",220405,"Yes","F","Masters","Lawyer",35,"Private",21420,1,"SUV","no",6440,1,"No",0,8,1,"Highly Urban/ Urban"
1647,43,0,0,14,54067,"No",168626,"Yes","M","<High School","Blue Collar",5,"Commercial",6910,6,"Pickup","yes",7076,4,"No",0,1,1,"Highly Urban/ Urban"
2457,32,0,3,10,67399,"No",185061,"Yes","M","Masters","",33,"Private",11520,7,"Pickup","yes",0,0,"No",0,21,1,"Highly Urban/ Urban"
5928,35,0,3,15,109104,"Yes",0,"No","F","High School","Professional",68,"Private",5000,10,"SUV","no",3349,1,"No",6,13,1,"Highly Urban/ Urban"
3982,48,0,0,13,64049,"No",202657,"Yes","M","Masters","",42,"Commercial",22930,3,"Panel Truck","yes",0,0,"No",0,17,1,"Highly Urban/ Urban"
1119,43,0,1,12,43574,"Yes",0,"No","F","High School","Manager",21,"Private",20550,11,"Sports Car","no",5769,1,"No",1,1,1,"Highly Urban/ Urban"
4378,47,0,0,12,61352,"No",223768,"Yes","F","Masters","Lawyer",47,"Private",33510,6,"Van","no",1893,1,"No",4,12,1,"Highly Urban/ Urban"
4255,60,0,0,13,22796,"No",140908,"Yes","M","Masters","Lawyer",52,"Private",9780,13,"Minivan","yes",9818,3,"No",3,17,1,"Highly Urban/ Urban"
11088,50,0,0,14,62570,"No",0,"No","F","High School","Clerical",49,"Private",18760,6,"Minivan","no",0,0,"No",0,6,1,"Highly Urban/ Urban"
1031,38,0,0,6,88981,"No",252797,"No","M","Masters","",19,"Commercial",22450,7,"Van","yes",4986,2,"No",0,17,1,"Highly Urban/ Urban"
7756,45,1,2,8,75556,"No",269688,"Yes","F","Masters","Professional",26,"Private",31350,4,"Van","no",1435,3,"Yes",1,8,1,"Highly Urban/ Urban"
7581,54,0,0,7,29567,"No",195060,"Yes","M","<High School","Blue Collar",18,"Commercial",20200,6,"Van","no",2913,1,"Yes",7,1,1,"Highly Urban/ Urban"
4261,43,1,2,9,39720,"Yes",0,"No","M","<High School","Blue Collar",22,"Private",13390,9,"Minivan","no",892,4,"No",4,1,1,"Highly Urban/ Urban"
2489,47,0,0,11,19956,"No",0,"No","M","<High School","Clerical",25,"Private",8200,8,"Minivan","yes",25355,2,"Yes",4,1,1,"Highly Urban/ Urban"
3060,46,0,0,12,46254,"No",162914,"Yes","M","High School","Blue Collar",30,"Commercial",10730,12,"Minivan","no",0,0,"No",1,1,1,"Highly Urban/ Urban"
693,47,0,0,9,11802,"No",0,"No","F","Bachelors","Home Maker",29,"Private",1500,7,"Sports Car","no",6838,4,"No",5,9,1,"Highly Urban/ Urban"
4101,57,0,0,14,68818,"No",253974,"Yes","F","Bachelors","Professional",46,"Private",23050,1,"Minivan","no",0,0,"No",4,9,1,"Highly Urban/ Urban"
5846,56,0,2,11,38290,"Yes",0,"No","F","<High School","Blue Collar",5,"Private",13250,6,"SUV","no",7716,3,"No",0,8,1,"Highly Urban/ Urban"
4274,58,0,0,14,113195,"No",302154,"No","M","Masters","",21,"Commercial",18620,11,"Van","no",4020,2,"No",0,12,1,"Highly Urban/ Urban"
2017,39,1,2,14,89362,"No",243922,"Yes","F","Bachelors","Blue Collar",5,"Commercial",11620,1,"SUV","no",0,0,"No",5,10,1,"Highly Urban/ Urban"
3905,39,1,2,13,31924,"Yes",0,"No","M","High School","Clerical",50,"Private",11300,11,"Pickup","yes",3774,2,"No",0,7,1,"Highly Urban/ Urban"
6139,57,0,0,16,7280,"No",0,"Yes","M","Bachelors","Student",14,"Commercial",36360,1,"Minivan","yes",15724,2,"Yes",6,9,1,"Highly Urban/ Urban"
6040,32,0,4,15,51554,"Yes",0,"No","F","Bachelors","Blue Collar",60,"Commercial",13990,1,"SUV","no",2551,2,"No",3,8,1,"Highly Urban/ Urban"
5047,40,0,0,3,101059,"No",302340,"Yes","M","Bachelors","Professional",35,"Commercial",23780,1,"Panel Truck","yes",3808,2,"No",0,9,1,"Highly Urban/ Urban"
2497,49,0,0,11,36552,"No",171716,"No","F","High School","Professional",13,"Private",17030,4,"Sports Car","no",2938,1,"No",0,9,1,"Highly Rural/ Rural"
864,25,0,2,11,44516,"Yes",0,"No","F","Bachelors","Clerical",17,"Private",8450,1,"Sports Car","no",0,0,"No",0,1,1,"Highly Urban/ Urban"
8128,47,0,0,0,0,"No",0,"Yes","M","High School","Student",58,"Private",6100,1,"Pickup","no",0,0,"No",2,1,1,"Highly Urban/ Urban"
2686,44,3,4,0,0,"Yes",0,"No","F","High School","Student",17,"Private",1500,3,"Sports Car","no",2602,3,"No",8,9,1,"Highly Urban/ Urban"
3200,35,0,0,7,20717,"No",0,"No","M","High School","Blue Collar",24,"Commercial",7070,10,"Pickup","yes",5179,2,"No",0,7,1,"Highly Urban/ Urban"
38750,46,0,0,9,119816,"No",0,"No","M","Masters","Professional",48,"Commercial",28260,10,"Panel Truck","no",3320,2,"No",5,13,1,"Highly Urban/ Urban"
6022,41,0,0,0,0,"No",60944,"No","F","<High School","Home Maker",59,"Private",22070,1,"Minivan","no",0,0,"No",0,1,1,"Highly Urban/ Urban"
3589,76,0,0,15,46927,"No",0,"No","M","Bachelors","Professional",78,"Private",20750,4,"Minivan","yes",0,0,"No",5,15,1,"Highly Rural/ Rural"
5728,35,0,2,13,54309,"Yes",0,"No","F","High School","Blue Collar",37,"Commercial",19150,6,"Pickup","no",32871,1,"Yes",4,8,1,"Highly Urban/ Urban"
4994,34,0,1,6,29707,"No",133725,"Yes","M","Masters","Manager",24,"Commercial",8020,1,"Pickup","yes",6109,3,"No",4,18,1,"Highly Urban/ Urban"
2658,58,0,0,13,38259,"No",195213,"Yes","M","High School","Clerical",58,"Commercial",11130,1,"Pickup","no",5712,4,"No",3,1,1,"Highly Urban/ Urban"
4688,51,0,0,12,30969,"No",181779,"Yes","M","High School","Clerical",40,"Commercial",23650,10,"Panel Truck","yes",4674,4,"No",3,8,1,"Highly Urban/ Urban"
2888,38,2,3,7,27027,"No",133854,"Yes","F","<High School","Clerical",31,"Private",12330,4,"Minivan","no",0,0,"No",2,9,1,"Highly Urban/ Urban"
4857,55,0,0,12,154165,"No",405227,"Yes","M","Masters","Lawyer",47,"Private",21280,1,"Van","yes",615,1,"No",5,17,1,"Highly Urban/ Urban"
5383,39,0,0,12,63190,"No",212219,"Yes","F","Masters","Manager",31,"Private",13810,1,"SUV","no",19618,4,"Yes",1,16,1,"Highly Urban/ Urban"
2610,34,0,3,16,61220,"No",237329,"Yes","F","High School","Blue Collar",46,"Commercial",4900,7,"SUV","no",0,0,"No",3,1,1,"Highly Urban/ Urban"
4193,28,0,4,16,68394,"No",226146,"Yes","M","Bachelors","Blue Collar",30,"Commercial",2340,6,"Minivan","no",6013,2,"No",8,8,1,"Highly Urban/ Urban"
7483,58,0,0,11,70745,"No",237422,"No","M","Bachelors","Blue Collar",15,"Commercial",21170,7,"Van","yes",0,0,"No",3,15,1,"Highly Urban/ Urban"
8748,53,0,0,14,22395,"No",177678,"Yes","F","<High School","Clerical",47,"Private",9040,6,"Sports Car","no",0,0,"No",0,1,1,"Highly Urban/ Urban"
4493,46,0,0,12,216464,"No",544783,"Yes","M","PhD","Manager",44,"Commercial",39130,4,"Panel Truck","no",0,0,"No",0,13,1,"Highly Urban/ Urban"
1356,55,0,0,14,70112,"No",284285,"Yes","F","High School","Blue Collar",21,"Commercial",22740,6,"Sports Car","no",0,0,"No",4,1,1,"Highly Urban/ Urban"
1089,24,0,3,15,13003,"No",104742,"Yes","F","High School","Clerical",38,"Private",3900,1,"SUV","no",0,0,"No",7,1,1,"Highly Urban/ Urban"
4363,36,0,3,0,0,"No",0,"Yes","F","Bachelors","Student",58,"Commercial",5100,1,"SUV","no",0,0,"No",3,10,1,"Highly Urban/ Urban"
3790,27,0,0,12,42254,"No",138816,"No","F","<High School","Blue Collar",47,"Private",5730,1,"SUV","no",32025,3,"Yes",3,6,1,"Highly Urban/ Urban"
4144,39,0,2,13,12876,"Yes",0,"No","F","<High School","Clerical",23,"Private",5400,4,"Sports Car","no",7415,3,"No",7,4,1,"Highly Urban/ Urban"
4303,45,1,2,15,64916,"No",232064,"Yes","F","Bachelors","Blue Collar",57,"Commercial",30870,1,"Pickup","no",41476,1,"Yes",4,12,1,"Highly Urban/ Urban"
22638,53,0,0,10,81900,"No",268602,"Yes","F","Bachelors","Professional",18,"Private",16200,6,"SUV","no",8125,3,"No",2,12,1,"Highly Urban/ Urban"
2027,42,0,0,15,73551,"No",0,"No","F","Masters","Lawyer",33,"Private",13060,1,"Minivan","no",23213,2,"Yes",4,8,1,"Highly Urban/ Urban"
2213,50,0,0,13,124092,"No",0,"No","F","Bachelors","Clerical",46,"Private",14880,1,"Minivan","no",1597,2,"Yes",7,10,1,"Highly Urban/ Urban"
1479,57,0,0,13,43482,"No",0,"No","F","Bachelors","Professional",61,"Private",11550,9,"SUV","no",0,0,"No",5,14,1,"Highly Urban/ Urban"
2883,59,0,0,17,85596,"No",276908,"Yes","F","PhD","Doctor",53,"Private",24580,4,"Pickup","no",8209,1,"No",2,14,1,"Highly Urban/ Urban"
1005,38,0,0,0,0,"No",0,"Yes","F","Bachelors","Student",53,"Private",3430,6,"SUV","no",0,0,"Yes",1,11,1,"Highly Urban/ Urban"
6319,29,0,4,0,0,"No",0,"Yes","M","High School","Student",11,"Commercial",13900,1,"Minivan","yes",3682,3,"No",9,8,1,"Highly Urban/ Urban"
5996,39,2,3,0,0,"Yes",0,"No","F","PhD","Home Maker",30,"Commercial",22810,1,"Pickup","no",0,0,"Yes",0,19,1,"Highly Urban/ Urban"
2102,41,1,3,15,6232,"No",0,"Yes","F","High School","Student",40,"Private",14370,1,"Sports Car","no",6953,1,"No",1,1,1,"Highly Urban/ Urban"
12536,36,1,2,8,88236,"Yes",0,"No","F","Bachelors","Professional",20,"Private",19050,1,"Minivan","no",0,0,"Yes",5,13,1,"Highly Urban/ Urban"
4979,46,0,0,6,41077,"No",139416,"Yes","M","Bachelors","Professional",26,"Commercial",22610,9,"Panel Truck","yes",2161,2,"No",3,8,1,"Highly Urban/ Urban"
1102,46,0,0,14,50272,"No",162891,"Yes","F","Bachelors","Blue Collar",55,"Commercial",27620,1,"Pickup","no",0,0,"No",0,6,1,"Highly Urban/ Urban"
5007,30,0,1,12,43453,"No",150500,"Yes","M","High School","Clerical",49,"Private",8850,8,"Pickup","yes",31658,2,"Yes",5,10,1,"Highly Urban/ Urban"
4167,56,0,0,14,68485,"No",0,"No","F","Bachelors","Professional",62,"Private",8900,6,"SUV","no",6281,2,"No",7,8,1,"Highly Urban/ Urban"
2493,47,0,0,9,34362,"No",0,"No","M","High School","Blue Collar",28,"Commercial",9640,6,"Pickup","no",33018,2,"Yes",7,7,1,"Highly Urban/ Urban"
3780,52,0,0,12,72632,"No",240387,"No","M","Bachelors","Blue Collar",19,"Commercial",9800,1,"Minivan","yes",30167,3,"Yes",0,11,1,"Highly Urban/ Urban"
78874,57,1,2,16,119068,"Yes",342788,"No","M","PhD","",60,"Commercial",37130,6,"Panel Truck","no",7160,4,"No",2,12,1,"Highly Urban/ Urban"
3101,38,0,0,12,107333,"No",291184,"Yes","M","Bachelors","Blue Collar",5,"Commercial",16030,1,"Minivan","no",5344,3,"No",4,12,1,"Highly Urban/ Urban"
5313,58,0,0,12,73283,"No",251025,"Yes","M","Bachelors","Professional",37,"Commercial",24130,6,"Panel Truck","no",3862,3,"No",3,1,1,"Highly Urban/ Urban"
3562,16,0,3,11,11719,"No",74994,"Yes","M","High School","Clerical",51,"Private",4270,4,"Minivan","yes",0,0,"No",2,11,1,"Highly Urban/ Urban"
4859,60,0,0,13,135747,"No",0,"No","M","Masters","Professional",21,"Commercial",34800,13,"Panel Truck","no",3306,2,"No",0,11,1,"Highly Urban/ Urban"
6042,39,1,1,15,22271,"No",163729,"Yes","F","High School","Clerical",11,"Private",11490,7,"Sports Car","no",25260,1,"No",2,2,1,"Highly Rural/ Rural"
7619,48,0,0,11,65240,"No",189120,"No","F","High School","Blue Collar",5,"Commercial",8020,4,"SUV","no",846,1,"No",0,1,1,"Highly Urban/ Urban"
4941,48,0,0,12,51920,"No",167105,"Yes","F","High School","Professional",31,"Private",14140,1,"SUV","no",40023,3,"Yes",0,1,1,"Highly Urban/ Urban"
1842,40,0,0,7,82813,"No",0,"No","F","Bachelors","Blue Collar",51,"Commercial",13780,11,"SUV","no",8593,3,"No",0,9,1,"Highly Urban/ Urban"
5032,50,0,0,13,52913,"No",173613,"Yes","M","High School","Blue Collar",37,"Commercial",9980,3,"Pickup","yes",3368,4,"No",4,1,1,"Highly Urban/ Urban"
7170,42,0,0,9,47983,"No",194098,"No","F","High School","Manager",44,"Private",20390,6,"Sports Car","no",0,0,"No",0,7,1,"Highly Urban/ Urban"
5582,54,0,0,14,107009,"No",312734,"Yes","M","Masters","Lawyer",25,"Private",6900,1,"Pickup","yes",0,0,"No",0,15,1,"Highly Urban/ Urban"
1274,55,0,0,14,35263,"No",130757,"Yes","F","High School","Blue Collar",27,"Commercial",18880,7,"Pickup","no",0,0,"No",0,1,1,"Highly Urban/ Urban"
1473,48,0,0,10,33422,"No",170714,"No","M","Bachelors","Professional",13,"Commercial",11550,1,"Pickup","no",17831,2,"Yes",13,13,1,"Highly Rural/ Rural"
4268,40,0,0,10,99002,"No",0,"No","M","Bachelors","Blue Collar",19,"Commercial",23520,1,"Minivan","yes",4609,2,"No",0,1,1,"Highly Urban/ Urban"
1348,44,2,2,14,6038,"No",74078,"Yes","F","High School","Home Maker",25,"Private",6420,1,"SUV","no",12003,2,"No",0,1,1,"Highly Urban/ Urban"
7123,36,0,0,7,19341,"No",118468,"No","M","<High School","Blue Collar",36,"Commercial",7030,11,"Pickup","no",0,0,"No",1,1,1,"Highly Urban/ Urban"
4865,46,0,0,11,50159,"No",226464,"No","F","Bachelors","Manager",10,"Private",18430,3,"Sports Car","no",0,0,"No",3,10,1,"Highly Urban/ Urban"
2671,55,0,0,9,59196,"No",178362,"Yes","F","Masters","Lawyer",77,"Private",7420,4,"Sports Car","no",4274,3,"No",0,21,1,"Highly Urban/ Urban"
3599,42,0,0,11,74379,"No",0,"No","M","Bachelors","Clerical",55,"Commercial",5020,1,"Pickup","no",2225,3,"No",5,9,1,"Highly Urban/ Urban"
1043,40,0,0,15,46393,"No",0,"No","F","Masters","Lawyer",27,"Private",17340,1,"Minivan","no",0,0,"Yes",0,16,1,"Highly Urban/ Urban"
6445,32,0,3,14,36343,"No",156621,"Yes","F","High School","Clerical",46,"Private",3540,1,"SUV","no",0,0,"No",3,1,1,"Highly Urban/ Urban"
5134,37,0,0,14,14941,"No",127238,"Yes","M","PhD","Manager",33,"Private",6690,4,"Pickup","no",0,0,"No",0,14,1,"Highly Urban/ Urban"
3725,41,0,0,12,53008,"No",200442,"Yes","M","High School","Blue Collar",42,"Private",8790,1,"Minivan","yes",0,0,"No",1,10,1,"Highly Urban/ Urban"
3988,42,1,2,11,47880,"Yes",208837,"No","F","<High School","Clerical",33,"Private",6290,1,"SUV","no",3224,2,"Yes",2,1,1,"Highly Urban/ Urban"
14509,41,0,0,0,0,"No",109155,"No","F","Masters","Home Maker",47,"Private",13030,1,"SUV","no",2334,1,"No",3,15,1,"Highly Urban/ Urban"
5052,37,0,0,12,33236,"No",165820,"No","M","<High School","Clerical",49,"Private",5200,1,"Minivan","yes",1020,1,"No",4,1,1,"Highly Urban/ Urban"
3538,46,0,0,11,45300,"No",152064,"Yes","M","High School","Blue Collar",28,"Commercial",10630,1,"Pickup","yes",0,0,"No",1,1,1,"Highly Urban/ Urban"
3746,72,0,0,16,56313,"No",249478,"Yes","M","Masters","Lawyer",20,"Private",14330,6,"SUV","yes",1391,2,"No",7,20,1,"Highly Urban/ Urban"
3567,25,0,2,0,0,"No",0,"Yes","F","High School","Student",21,"Commercial",4000,3,"Sports Car","no",9870,2,"No",6,1,1,"Highly Rural/ Rural"
5436,36,0,0,12,41674,"No",0,"No","F","High School","Blue Collar",19,"Commercial",16430,7,"SUV","no",0,0,"No",0,10,1,"Highly Urban/ Urban"
1945,30,0,3,0,0,"Yes",0,"No","F","High School","Home Maker",30,"Private",10160,5,"SUV","no",0,0,"No",6,1,1,"Highly Urban/ Urban"
2546,69,0,0,12,60965,"No",231014,"Yes","F","Masters","Lawyer",13,"Private",14500,13,"Sports Car","no",48298,1,"Yes",4,20,1,"Highly Urban/ Urban"
5475,42,2,2,11,4913,"Yes",0,"No","F","High School","Home Maker",47,"Commercial",7130,1,"Pickup","no",0,0,"No",5,1,1,"Highly Urban/ Urban"
2071,48,0,0,10,92234,"No",0,"No","M","Bachelors","Blue Collar",27,"Commercial",21170,10,"Van","no",20699,2,"Yes",1,8,1,"Highly Urban/ Urban"
1425,57,0,0,0,0,"No",0,"Yes","M","High School","Student",37,"Commercial",12540,4,"Minivan","yes",25429,2,"Yes",0,11,1,"Highly Rural/ Rural"
10453,42,0,0,6,51695,"No",0,"No","M","High School","Professional",29,"Commercial",17630,10,"Van","yes",0,0,"No",1,1,1,"Highly Urban/ Urban"
6588,50,0,0,12,74578,"No",251674,"Yes","F","<High School","Blue Collar",45,"Private",13960,1,"SUV","no",34479,3,"Yes",5,4,1,"Highly Urban/ Urban"
2027,55,0,0,15,122070,"No",335023,"Yes","F","Masters","Lawyer",42,"Private",18710,4,"SUV","no",4118,2,"No",3,13,1,"Highly Rural/ Rural"
1731,41,1,1,11,59053,"No",134169,"Yes","F","High School","Blue Collar",36,"Commercial",11510,1,"SUV","no",0,0,"No",3,1,1,"Highly Urban/ Urban"
26188,41,0,1,14,59115,"Yes",0,"No","M","Bachelors","Professional",25,"Commercial",36980,6,"Panel Truck","yes",0,0,"No",4,5,1,"Highly Urban/ Urban"
520,32,0,2,11,59905,"Yes",197120,"No","M","<High School","Blue Collar",23,"Commercial",8620,1,"Pickup","yes",0,0,"Yes",4,1,1,"Highly Urban/ Urban"
2494,36,1,2,8,88236,"Yes",0,"No","F","Bachelors","Professional",20,"Private",13920,1,"SUV","no",4432,1,"No",2,13,1,"Highly Urban/ Urban"
7197,43,0,2,0,0,"No",0,"Yes","M","<High School","Student",70,"Private",5800,11,"Pickup","yes",792,2,"No",3,1,1,"Highly Urban/ Urban"
3321,40,0,0,13,31101,"No",0,"No","M","High School","Clerical",28,"Commercial",4610,7,"Pickup","yes",1852,2,"No",1,6,1,"Highly Urban/ Urban"
1611,55,0,0,11,12729,"No",0,"Yes","M","High School","Student",25,"Commercial",7000,4,"Pickup","no",621,3,"No",3,1,1,"Highly Urban/ Urban"
1307,58,0,0,15,91051,"No",329168,"Yes","M","Bachelors","Professional",31,"Commercial",31570,4,"Panel Truck","yes",0,0,"No",1,1,1,"Highly Rural/ Rural"
3380,50,0,0,11,105198,"No",310110,"Yes","M","Masters","Manager",60,"Private",8860,6,"Pickup","yes",7792,3,"No",3,17,1,"Highly Urban/ Urban"
4654,49,0,1,14,61036,"No",160699,"Yes","M","High School","Blue Collar",16,"Commercial",12500,10,"Minivan","yes",8963,1,"No",1,7,1,"Highly Urban/ Urban"
4386,43,0,0,13,26913,"No",156085,"Yes","F","Masters","Manager",5,"Private",4190,7,"SUV","no",0,0,"Yes",2,14,1,"Highly Urban/ Urban"
5627,50,0,0,10,62880,"No",0,"No","F","PhD","Doctor",41,"Private",12790,1,"SUV","no",4538,4,"No",11,11,1,"Highly Urban/ Urban"
5805,46,0,0,1,6554,"No",0,"No","M","High School","Student",25,"Private",9120,1,"Pickup","yes",27883,2,"No",0,7,1,"Highly Urban/ Urban"
2105,37,0,0,4,32542,"No",109803,"Yes","F","High School","Clerical",37,"Private",11490,1,"SUV","no",43599,2,"Yes",7,10,1,"Highly Urban/ Urban"
4506,29,0,1,7,31407,"Yes",0,"No","F","High School","Blue Collar",42,"Commercial",11890,1,"SUV","no",0,0,"No",1,9,1,"Highly Urban/ Urban"
6097,39,3,5,14,12591,"No",0,"Yes","M","<High School","Student",41,"Private",16570,1,"Van","yes",7621,2,"No",0,1,1,"Highly Urban/ Urban"
6561,62,2,3,18,30322,"No",150059,"Yes","F","High School","Blue Collar",5,"Private",18780,4,"Sports Car","no",23486,2,"Yes",0,1,1,"Highly Urban/ Urban"
4863,38,0,0,12,26537,"No",144593,"No","M","<High School","Clerical",48,"Private",5700,6,"Minivan","no",8256,3,"No",1,1,1,"Highly Urban/ Urban"
1493,61,0,0,14,24546,"No",0,"No","F","High School","Professional",39,"Private",11100,9,"SUV","no",5890,2,"No",0,8,1,"Highly Urban/ Urban"
7506,42,1,1,11,53357,"No",209447,"Yes","M","High School","Professional",18,"Commercial",26810,1,"Panel Truck","no",6517,1,"No",8,1,1,"Highly Urban/ Urban"
2644,21,0,1,9,5939,"No",0,"Yes","F","High School","Student",61,"Commercial",16030,11,"SUV","no",26803,3,"Yes",2,7,1,"Highly Rural/ Rural"
5672,33,0,2,13,28329,"Yes",0,"No","F","High School","Blue Collar",32,"Private",8010,1,"Sports Car","no",0,0,"No",0,11,1,"Highly Urban/ Urban"
3999,53,0,0,7,10232,"No",129979,"Yes","F","Masters","Home Maker",33,"Private",7820,1,"SUV","no",0,0,"No",1,18,1,"Highly Urban/ Urban"
2870,38,2,2,12,48630,"Yes",0,"No","M","High School","Blue Collar",25,"Commercial",10160,3,"Pickup","no",0,0,"No",0,1,1,"Highly Urban/ Urban"
4738,53,0,0,6,159399,"No",0,"No","F","PhD","Doctor",32,"Private",16810,1,"Sports Car","no",0,0,"No",0,11,1,"Highly Urban/ Urban"
5484,38,0,0,8,62177,"No",178852,"Yes","M","High School","Blue Collar",34,"Private",4110,1,"Minivan","no",0,0,"Yes",0,8,1,"Highly Urban/ Urban"
5182,46,0,0,10,34637,"No",0,"No","F","High School","Clerical",44,"Private",18780,10,"SUV","no",0,0,"No",0,10,1,"Highly Urban/ Urban"
485,43,2,2,12,98421,"No",291316,"Yes","M","<High School","Blue Collar",16,"Commercial",25960,1,"Panel Truck","yes",0,0,"No",6,1,1,"Highly Urban/ Urban"
4753,49,0,0,13,28592,"No",183206,"Yes","M","<High School","Clerical",31,"Private",9260,1,"Pickup","no",2102,1,"No",3,1,1,"Highly Urban/ Urban"
3432,32,0,1,0,0,"Yes",0,"No","F","Bachelors","Student",14,"Private",4750,4,"SUV","no",4074,1,"No",9,9,1,"Highly Urban/ Urban"
3001,47,0,0,15,91221,"No",263877,"Yes","F","Bachelors","Blue Collar",31,"Commercial",15320,3,"SUV","no",0,0,"No",0,7,1,"Highly Urban/ Urban"
1699,45,1,2,15,59763,"Yes",193504,"No","M","Bachelors","Professional",84,"Commercial",6000,1,"Pickup","yes",12751,3,"Yes",2,8,1,"Highly Urban/ Urban"
4254,44,2,2,13,92251,"Yes",0,"No","M","Masters","",47,"Commercial",19970,4,"Van","yes",18287,3,"Yes",4,11,1,"Highly Urban/ Urban"
2301,43,1,1,10,81294,"No",230783,"Yes","F","Masters","Lawyer",14,"Private",13930,10,"Pickup","no",9537,2,"No",1,16,1,"Highly Urban/ Urban"
4190,37,0,0,11,51103,"No",200025,"Yes","M","High School","Blue Collar",15,"Commercial",17080,13,"Minivan","no",3519,1,"No",6,1,1,"Highly Urban/ Urban"
4091,35,0,2,12,60755,"Yes",0,"No","F","<High School","Blue Collar",44,"Private",11080,11,"SUV","no",5208,3,"No",7,1,1,"Highly Urban/ Urban"
4858,45,0,3,0,0,"No",65359,"Yes","F","High School","Home Maker",9,"Commercial",5700,1,"SUV","no",0,0,"No",1,1,1,"Highly Rural/ Rural"
5226,45,0,0,8,19469,"No",0,"No","F","<High School","Clerical",38,"Private",7950,3,"SUV","no",7332,3,"No",5,1,1,"Highly Urban/ Urban"
3613,53,0,1,13,86551,"Yes",0,"No","F","Masters","Lawyer",43,"Private",18990,3,"SUV","no",3436,3,"No",8,14,1,"Highly Urban/ Urban"
2553,45,0,0,14,52108,"No",197222,"Yes","M","<High School","Clerical",42,"Private",14670,6,"Minivan","yes",0,0,"No",0,7,1,"Highly Urban/ Urban"
4778,50,0,0,8,34273,"No",0,"No","F","<High School","Clerical",52,"Private",11770,9,"Minivan","no",0,0,"No",2,6,1,"Highly Urban/ Urban"
892,50,0,0,15,16074,"No",0,"No","F","<High School","Clerical",53,"Private",13420,10,"SUV","no",1255,4,"No",3,1,1,"Highly Urban/ Urban"
7308,56,1,2,14,176849,"No",430830,"Yes","F","Bachelors","Blue Collar",37,"Commercial",26470,4,"SUV","no",0,0,"No",0,6,1,"Highly Urban/ Urban"
2318,46,2,0,11,35362,"No",0,"No","M","High School","Clerical",42,"Commercial",17970,11,"Pickup","no",5423,2,"Yes",3,7,1,"Highly Urban/ Urban"
3106,47,0,0,13,282198,"No",649247,"No","M","PhD","",32,"Commercial",34420,11,"Panel Truck","yes",0,0,"Yes",2,16,1,"Highly Urban/ Urban"
3135,46,0,0,10,68360,"No",237457,"No","M","Bachelors","Blue Collar",49,"Commercial",12940,1,"Minivan","no",6560,3,"No",7,11,1,"Highly Urban/ Urban"
1815,41,0,0,12,92185,"No",289370,"Yes","M","High School","Professional",24,"Private",1500,11,"Minivan","yes",0,0,"No",0,10,1,"Highly Urban/ Urban"
2967,45,0,0,11,52966,"No",0,"No","M","High School","Professional",16,"Commercial",11300,6,"Pickup","yes",16239,2,"Yes",5,1,1,"Highly Urban/ Urban"
3288,51,0,0,10,128523,"No",0,"No","M","Masters","",18,"Commercial",32960,6,"Panel Truck","no",3995,3,"No",1,15,1,"Highly Urban/ Urban"
